SWC_1_1_1	LE
25.6	146.8
25.6	140.1
25.6	154.6
25.6	125.7
25.5	113.7
25.5	102.4
25.5	150.9
25.5	144.5
25.5	114.8
25.5	132.2
25.5	138.2
25.5	64.8
25.5	98.8
25.5	241.7
25.5	178.6
25.5	137.1
25.8	186.2
25.5	155.6
25.2	143.4
25.2	93.7
25.4	90.9
25.4	170.7
25.4	203.1
25.4	297.1
25.4	251.1
25.4	292.2
25.4	304.1
25.4	243.9
25.4	222.3
25.3	215.4
25.3	290.1
25.3	276.4
25.3	222.9
25.3	215.9
25.3	192.4
25.3	170.7
25.3	154.7
25.2	103.0
25.3	85.6
25.3	111.9
25.3	142.6
25.3	149.2
25.3	209.3
25.2	235.8
25.2	236.0
25.2	270.2
25.2	263.2
25.2	229.3
25.2	239.3
25.2	257.5
25.1	262.5
25.1	279.7
25.1	204.1
25.1	241.5
25.1	229.4
25.0	171.1
25.0	178.1
25.0	143.6
25.0	121.9
24.9	109.0
25.1	37.9
25.1	157.8
25.0	108.4
25.1	100.2
25.0	125.8
25.0	166.2
25.0	84.2
25.0	135.6
24.9	158.5
24.9	187.0
24.9	155.0
24.9	198.2
24.9	148.5
24.9	240.1
24.9	278.0
24.9	234.0
24.9	185.0
24.9	161.0
24.9	149.2
24.8	113.7
25.0	70.8
25.0	139.3
25.0	176.8
25.0	182.5
25.0	135.5
25.0	206.3
24.9	325.8
24.9	186.8
24.9	308.9
24.9	249.9
24.9	204.5
24.8	303.2
24.8	233.0
24.8	242.6
24.8	270.8
24.8	355.2
24.7	162.6
24.7	209.8
24.7	200.4
24.7	172.1
24.7	163.5
24.9	59.8
24.9	120.6
24.9	147.4
24.8	217.7
24.8	204.7
24.8	270.4
24.8	259.7
24.7	266.8
24.7	304.8
24.7	304.4
24.7	288.0
24.7	269.1
24.6	272.5
24.6	231.5
24.6	272.9
24.6	203.5
24.6	181.8
24.6	142.1
24.6	218.8
24.6	150.5
24.6	125.1
24.6	100.6
24.8	53.8
24.7	111.5
24.7	139.5
24.7	139.7
24.7	233.8
24.7	179.5
24.7	202.7
24.7	166.9
24.7	292.2
24.6	297.4
24.6	245.5
24.6	300.6
24.6	237.8
24.6	197.1
24.6	237.3
24.6	164.7
24.6	184.1
24.6	129.0
24.6	118.2
24.6	104.1
24.6	119.1
24.6	162.4
24.9	94.2
24.9	114.1
24.8	146.2
24.8	190.3
24.7	234.6
24.7	239.7
24.7	230.5
24.7	256.5
24.7	363.7
24.6	235.9
24.6	238.7
24.6	314.9
24.6	289.2
24.6	296.7
24.5	229.3
24.5	217.8
24.5	212.3
24.5	184.2
24.5	192.9
24.5	161.7
24.5	155.3
24.5	128.5
24.8	77.7
24.8	112.0
24.8	139.5
24.7	163.8
24.7	170.0
24.7	158.9
24.7	231.1
24.6	236.7
24.6	204.2
24.6	178.2
24.6	192.7
35.5	246.1
34.9	323.0
34.3	95.0
34.2	133.0
34.3	104.1
34.2	171.8
34.2	218.5
34.1	161.5
34.0	93.3
34.0	214.2
33.9	343.8
33.6	268.5
33.7	203.6
33.5	89.6
33.2	139.8
33.3	137.5
32.9	95.3
33.1	80.7
32.9	100.1
32.8	76.4
31.2	36.7
31.2	86.8
31.2	138.1
31.2	187.3
31.2	209.0
31.1	271.1
31.0	253.5
31.0	374.1
30.8	330.7
30.7	293.6
30.6	332.3
30.4	375.2
30.3	291.8
30.1	365.8
29.9	502.8
29.8	390.0
29.6	357.3
29.5	293.1
29.5	314.9
29.4	301.9
29.4	194.7
29.3	183.9
29.3	130.2
28.9	79.5
28.9	122.0
28.9	55.0
28.9	63.9
28.9	116.6
28.9	98.6
28.9	180.4
28.9	269.2
28.9	115.4
28.8	75.0
28.8	88.5
28.8	90.3
28.8	78.0
28.8	72.1
28.8	72.0
28.8	102.3
28.7	98.9
28.7	95.4
28.7	128.7
28.7	78.4
28.5	74.3
28.5	108.0
28.5	170.4
28.5	213.0
28.5	253.7
28.5	263.7
28.5	318.2
28.4	388.3
28.4	322.8
28.4	370.9
28.3	342.0
28.3	411.3
28.2	346.4
28.3	289.5
28.3	319.6
28.3	278.2
28.3	261.9
28.2	220.6
28.2	212.5
28.2	216.8
28.2	179.0
28.2	127.2
28.0	52.2
28.0	87.0
28.0	168.8
27.9	253.4
27.9	206.1
27.8	322.1
27.8	286.0
27.7	344.2
27.7	122.6
27.8	128.7
27.8	130.8
27.8	157.8
27.8	144.2
27.8	173.4
27.8	86.8
28.0	74.9
28.1	96.3
28.1	146.1
28.1	117.9
28.0	185.1
28.1	262.6
28.0	218.7
28.0	221.8
28.0	209.8
28.0	231.6
27.9	258.4
27.9	225.1
27.9	191.0
27.9	90.0
27.8	194.1
27.9	169.4
34.9	104.5
35.0	122.9
35.0	203.7
35.0	197.4
34.9	249.4
35.0	268.0
34.9	299.6
34.8	310.9
34.9	358.6
34.8	363.0
34.9	431.3
34.6	348.5
34.6	459.0
34.6	374.4
34.5	399.5
34.4	377.2
34.4	343.4
34.3	317.9
34.2	321.7
34.1	163.9
34.2	109.9
34.0	133.1
33.2	119.1
33.2	161.9
33.2	182.1
33.1	165.9
33.0	253.6
33.1	347.0
33.0	300.9
32.8	323.1
32.7	323.9
32.7	316.4
32.4	425.4
32.4	201.3
32.2	201.2
31.9	470.3
31.8	282.1
31.6	242.9
31.3	276.9
31.2	253.2
31.0	214.7
30.8	149.0
30.6	142.1
29.7	86.7
29.7	135.4
29.7	166.4
29.7	186.7
29.7	229.2
29.7	255.4
29.6	303.8
29.6	321.5
29.6	376.2
29.5	340.8
29.5	349.1
29.4	325.6
29.4	345.0
29.3	380.2
29.3	413.8
29.2	310.6
29.2	218.3
29.1	188.3
29.1	156.9
29.0	155.6
29.0	101.7
28.9	112.4
28.7	65.7
28.8	119.1
28.8	186.8
28.8	181.0
28.7	233.3
28.7	247.4
28.7	215.8
28.7	280.4
28.6	396.8
28.6	384.6
28.6	401.2
28.5	388.7
28.5	284.1
28.4	304.1
28.4	311.3
28.4	313.0
28.3	293.5
28.3	220.7
28.3	235.1
28.2	177.2
28.2	172.3
28.2	102.0
28.1	114.0
28.0	102.9
28.0	151.7
28.0	187.3
28.0	213.8
27.9	299.0
27.9	333.6
27.9	294.9
27.8	254.2
27.8	299.5
27.7	361.4
27.6	279.1
27.6	342.7
27.6	326.6
27.6	315.9
27.6	275.6
27.6	256.8
27.6	210.3
27.6	172.0
27.6	123.3
27.6	74.0
27.6	67.9
27.6	113.8
27.6	5.2
27.6	178.2
27.6	194.0
27.6	222.9
27.5	250.8
27.4	255.9
27.4	368.0
27.3	346.0
27.3	362.5
27.3	337.7
27.2	339.4
27.2	419.0
27.3	351.9
27.4	290.3
27.4	243.5
27.4	246.3
27.4	278.9
27.4	212.4
27.4	177.8
27.3	113.5
27.3	110.5
27.2	49.0
27.2	123.9
27.2	139.7
27.2	168.0
27.2	223.2
27.1	258.5
27.1	255.7
27.0	278.1
27.0	261.3
27.0	321.2
27.0	305.7
26.9	350.3
26.9	374.2
27.0	272.1
27.1	305.2
27.1	274.8
27.1	249.7
27.1	236.0
27.1	196.3
27.1	158.2
27.1	111.4
26.9	71.4
26.9	52.8
26.9	148.2
26.9	106.4
26.9	127.7
26.8	167.0
26.8	243.4
26.7	249.8
26.8	259.2
26.7	261.0
26.7	270.6
26.7	312.4
26.7	269.7
26.7	171.5
26.7	175.3
26.8	102.4
26.8	127.5
26.8	162.3
26.7	171.2
26.7	101.6
26.7	89.3
26.7	127.7
26.6	84.2
26.6	105.3
26.6	80.9
26.6	123.3
26.5	152.5
26.5	136.8
26.5	225.6
26.5	163.5
26.5	142.4
26.5	123.6
26.5	138.7
26.5	106.9
26.5	119.1
26.5	163.9
26.5	199.6
26.4	156.8
26.5	206.9
26.4	167.3
26.4	96.2
26.4	108.9
26.4	100.7
25.5	185.9
25.5	138.7
25.4	152.9
25.4	98.9
25.5	72.1
25.5	77.5
25.4	138.3
25.4	124.5
25.4	168.5
25.4	200.5
25.3	187.7
25.4	201.1
25.4	228.3
25.3	284.1
25.3	238.3
25.3	221.7
25.3	225.8
25.3	250.5
25.2	200.8
25.2	183.4
25.2	180.6
25.2	137.4
25.2	178.1
25.1	206.6
25.1	63.8
25.1	107.1
25.1	115.5
25.1	150.6
25.1	221.2
25.1	239.7
25.1	262.6
25.1	213.6
25.1	216.9
25.1	274.2
25.1	236.4
25.1	302.5
25.1	301.0
25.1	247.9
25.1	178.9
25.1	160.3
25.1	148.7
25.1	173.1
25.1	129.7
25.1	111.9
25.1	170.8
25.1	132.5
25.1	97.0
25.4	103.7
25.3	124.7
25.3	121.2
25.3	103.0
25.3	144.7
25.3	98.1
25.4	80.0
25.3	82.6
26.1	99.4
26.3	79.9
26.4	199.5
26.6	289.7
26.8	235.4
27.1	175.9
27.3	196.0
27.5	358.9
27.7	203.8
27.8	194.2
28.0	190.7
28.1	130.6
28.1	96.1
28.2	81.3
28.2	95.5
28.4	88.7
28.4	84.6
28.5	89.6
28.5	82.4
28.5	89.4
28.5	97.6
28.5	138.4
28.5	89.0
28.5	80.1
28.5	103.0
28.5	102.5
28.5	187.3
28.5	90.1
28.3	71.4
28.3	91.1
28.3	134.2
28.3	118.6
28.3	128.1
28.3	145.9
28.3	119.4
28.3	141.5
28.3	127.1
28.3	156.9
28.3	189.2
28.3	213.6
28.3	191.3
28.3	124.3
28.3	97.2
28.3	57.9
28.3	106.5
28.0	48.6
28.0	81.7
28.0	81.2
28.0	175.4
28.0	135.3
28.0	161.3
28.0	197.2
28.0	216.8
28.0	232.0
28.0	253.4
28.0	241.1
28.1	155.4
28.1	206.4
28.1	179.3
28.1	293.8
28.1	251.5
28.1	188.1
28.1	148.4
28.1	149.8
28.1	122.8
28.1	77.0
27.7	112.8
27.7	85.8
27.7	131.8
27.7	178.5
27.7	173.9
27.7	226.9
27.6	221.6
27.6	211.6
27.5	294.9
27.5	149.1
27.5	199.3
27.6	250.9
27.7	207.9
27.8	168.9
27.8	216.8
27.8	204.4
27.8	210.5
27.8	156.6
27.8	129.6
27.8	116.7
27.8	75.5
27.4	55.4
27.4	126.9
27.4	197.1
27.4	181.7
27.4	174.6
27.4	229.8
27.3	249.7
27.3	198.8
27.3	249.0
27.2	234.0
27.3	175.2
27.3	209.3
27.4	249.9
27.5	225.5
27.5	178.7
27.5	198.8
27.6	201.2
27.6	141.0
27.6	122.6
27.6	108.4
29.4	366.5
29.4	339.6
29.4	350.7
29.4	348.8
29.3	312.1
29.3	386.3
29.3	355.9
29.3	299.8
29.3	289.8
29.2	303.1
29.2	243.2
29.2	185.2
29.1	140.9
35.5	72.1
35.7	87.6
35.4	119.8
35.3	118.3
35.3	119.2
35.6	253.9
35.5	288.9
35.4	222.7
34.9	350.2
35.3	235.0
35.3	291.1
35.4	297.1
35.6	316.6
35.2	186.0
35.0	195.7
35.2	130.0
35.2	113.4
35.0	100.6
34.9	185.3
34.9	211.3
34.9	248.9
34.9	280.6
34.9	305.7
34.8	327.6
34.8	350.9
34.7	364.0
34.7	356.6
34.6	395.3
34.6	345.9
34.5	381.8
34.4	303.1
34.4	292.7
34.2	257.2
34.2	240.2
34.1	194.6
34.0	138.0
33.2	134.1
33.2	142.7
33.1	142.2
33.1	186.6
33.0	217.5
32.9	247.4
32.8	228.9
32.7	234.9
32.6	219.4
32.5	359.6
32.5	299.3
32.1	249.9
32.0	188.1
31.8	126.1
31.6	146.9
31.3	114.6
31.2	110.5
31.0	94.0
30.0	114.6
30.0	146.1
30.0	110.8
29.9	86.1
29.9	134.2
29.9	79.2
29.8	155.4
29.8	190.4
29.7	140.0
29.7	172.2
29.6	194.7
29.6	150.1
29.5	128.9
29.5	101.3
29.5	96.7
29.3	123.6
29.3	134.0
29.3	179.5
29.3	166.0
29.3	183.9
29.3	184.9
29.3	263.2
29.2	212.0
29.2	246.4
29.2	209.3
29.2	172.1
29.2	180.8
29.2	234.1
29.1	151.6
29.1	163.8
29.1	112.1
29.1	103.1
28.8	90.2
28.8	114.0
28.8	163.1
28.8	147.6
28.8	125.5
28.8	190.3
28.8	185.8
28.8	159.1
28.8	137.8
28.7	108.9
28.7	80.7
28.7	82.5
28.7	197.3
28.7	203.4
28.6	235.0
28.6	274.0
28.6	224.1
28.6	172.8
28.6	104.5
28.6	115.2
28.6	142.1
28.6	163.8
28.6	104.0
28.4	67.0
28.4	87.0
28.4	81.9
28.4	132.8
28.4	183.4
28.4	206.1
28.4	221.5
28.4	259.7
28.3	222.8
28.3	245.8
28.2	223.2
28.2	265.1
28.3	254.0
28.3	245.3
28.3	241.8
28.3	163.6
28.3	161.6
28.2	142.7
28.2	142.4
28.2	81.4
28.3	104.7
28.3	93.7
28.3	138.2
28.3	177.7
28.3	205.9
28.2	168.8
28.2	209.2
28.1	218.0
28.0	262.1
27.9	213.8
27.8	214.9
27.8	210.0
27.8	196.9
27.9	196.4
27.9	216.3
27.9	205.4
27.9	181.7
27.9	161.7
27.9	125.1
27.9	87.9
28.0	58.2
28.0	90.5
28.0	148.2
28.0	152.9
27.9	183.9
27.9	223.9
27.8	228.3
27.7	190.7
27.6	262.8
27.5	197.6
27.4	243.8
27.5	202.5
27.6	230.7
27.7	170.4
27.8	191.8
27.8	160.4
27.8	130.1
27.7	152.3
27.7	118.2
27.8	81.4
27.9	68.8
27.9	71.4
27.8	105.9
27.8	106.7
27.8	98.6
27.7	109.6
27.6	107.2
27.5	130.6
27.5	106.6
27.4	137.7
27.4	96.7
27.4	84.4
27.4	67.0
27.4	71.9
27.4	67.0
27.4	43.2
27.4	54.8
27.5	38.4
27.5	51.1
27.4	72.2
27.4	117.7
27.4	135.9
27.3	133.4
27.2	97.2
27.2	183.5
27.1	110.1
27.1	94.3
27.1	174.7
27.1	189.1
27.2	159.9
27.3	146.9
27.3	142.3
27.2	105.7
27.2	94.6
27.2	98.8
27.2	80.7
27.3	86.0
27.3	68.2
27.3	94.9
27.2	110.3
27.2	148.0
27.2	131.2
27.1	183.8
27.0	195.5
26.9	164.6
26.9	137.2
27.0	185.6
27.0	146.2
27.1	158.3
27.1	137.1
27.2	127.8
27.3	125.9
27.3	136.2
27.2	106.5
27.2	81.7
27.2	69.4
27.5	63.7
27.5	84.1
27.5	96.4
27.5	100.6
27.4	111.5
27.3	115.2
27.2	118.9
27.1	110.6
27.0	119.6
26.9	141.8
26.9	137.7
26.9	116.0
27.0	122.3
27.0	93.6
27.1	103.6
27.0	93.8
27.0	86.8
27.0	88.5
26.9	69.1
27.0	59.7
27.4	55.7
27.4	57.3
27.4	83.1
27.3	76.5
27.3	81.7
27.2	130.1
27.0	125.6
26.9	114.6
26.7	96.5
26.7	122.6
26.7	121.5
26.8	100.2
26.9	107.0
26.9	118.0
27.0	87.7
27.0	70.2
27.0	95.7
26.9	74.9
26.9	73.8
27.1	71.0
27.0	47.9
26.9	87.6
26.8	50.6
26.7	90.1
26.6	68.3
26.6	104.7
26.5	98.4
26.4	110.8
26.5	93.5
26.5	89.2
26.4	105.8
26.4	60.4
26.4	49.4
26.7	45.8
26.6	79.5
26.6	81.8
26.5	113.8
26.4	115.4
26.4	124.0
26.3	114.5
26.2	125.5
26.1	108.4
26.1	107.2
26.1	96.1
26.1	112.2
26.1	101.5
26.1	84.4
26.1	78.0
26.1	78.1
26.1	66.2
26.1	37.8
26.4	37.0
26.3	43.2
26.2	74.4
26.2	99.0
26.1	89.8
26.1	112.6
26.0	98.6
26.0	88.2
25.9	101.3
25.8	100.6
25.7	94.5
25.7	85.9
25.7	81.7
25.8	79.7
25.8	67.8
25.8	65.5
25.7	60.6
25.8	30.3
25.7	30.4
25.7	34.5
25.7	54.7
25.7	150.2
25.7	59.4
25.7	83.4
25.6	62.4
25.6	109.9
25.6	92.8
25.5	78.9
25.5	100.3
25.6	59.3
25.5	78.0
25.5	78.6
25.4	67.2
25.4	53.0
25.4	56.1
25.5	33.7
25.4	41.5
25.4	71.8
25.4	73.1
25.4	47.9
25.4	67.0
25.4	57.5
25.3	64.7
25.3	33.4
25.3	51.8
25.3	43.5
25.3	61.7
25.3	30.4
25.2	30.0
25.2	19.8
25.2	15.7
25.6	125.8
25.6	31.1
25.5	44.8
25.5	41.2
25.4	42.2
25.4	57.5
25.4	59.8
25.3	101.8
25.3	66.5
25.3	67.7
25.2	79.6
25.2	61.6
25.2	70.8
25.2	60.4
25.1	64.2
25.1	58.6
25.1	37.1
25.1	38.0
25.3	22.2
25.3	34.3
25.3	51.9
25.2	51.7
25.2	54.0
25.2	63.8
25.2	68.2
25.2	87.5
25.1	91.1
25.1	94.9
25.1	50.8
25.0	41.3
25.0	58.2
25.0	66.2
25.0	50.8
25.0	64.3
25.0	29.8
25.0	27.3
25.0	33.0
25.1	25.6
25.1	35.1
25.1	31.6
25.1	45.7
25.1	52.3
25.1	42.9
25.0	53.7
25.0	40.5
25.0	61.4
25.0	53.7
25.0	67.1
25.0	45.0
25.0	32.2
24.9	43.3
24.9	65.2
24.9	57.3
24.9	33.4
25.1	16.2
25.1	36.8
25.1	45.3
25.1	38.5
25.1	59.2
25.0	50.3
25.0	49.1
25.0	57.2
25.0	41.5
25.0	57.9
24.9	55.0
24.9	50.9
24.9	39.9
24.9	25.0
24.9	37.4
24.8	33.8
24.8	14.9
24.8	28.2
24.8	15.0
25.0	121.9
25.0	92.6
25.0	114.0
25.0	87.3
25.0	91.2
24.9	120.3
24.9	106.7
24.9	113.6
24.9	65.6
24.9	52.7
24.9	50.8
24.9	49.7
24.9	45.7
24.9	26.1
24.9	2.6
24.8	19.5
25.4	79.1
25.4	86.8
25.5	124.2
25.5	123.6
25.5	132.8
25.5	174.5
25.5	136.9
25.5	158.2
25.5	119.0
25.6	115.4
25.7	109.5
25.7	92.3
25.7	112.1
25.7	77.5
25.7	68.7
25.8	53.8
26.6	44.5
26.4	37.9
26.4	41.6
26.4	61.2
26.3	43.5
26.3	46.0
34.1	70.8
34.0	61.0
33.9	68.2
34.0	100.7
33.9	81.8
33.8	69.8
33.8	74.2
33.6	80.5
33.6	132.8
33.5	118.1
33.5	95.0
33.3	85.9
33.1	84.3
33.1	53.1
32.8	71.5
32.6	53.1
29.9	83.3
29.9	74.6
29.9	66.4
29.9	76.7
29.9	69.6
29.9	62.9
29.9	99.5
29.9	107.7
29.9	98.5
29.9	121.0
29.9	121.7
29.9	88.7
29.8	74.2
29.7	55.9
29.6	97.4
29.6	60.1
29.5	56.2
29.5	31.2
28.9	52.4
28.9	63.3
28.9	65.0
28.9	64.1
28.9	64.5
28.9	50.3
28.9	93.4
28.9	109.8
28.9	91.9
28.9	93.9
28.9	87.8
28.9	83.4
28.9	87.3
28.9	78.5
28.9	49.1
28.9	60.0
28.8	48.6
28.8	44.6
28.8	24.4
35.1	68.0
35.0	117.8
35.0	134.1
35.0	57.8
34.9	106.4
34.8	93.0
35.0	74.3
34.9	113.6
34.8	74.0
34.6	43.7
34.6	43.8
34.5	38.2
33.6	198.0
33.7	58.2
33.5	115.2
33.6	101.1
33.6	107.9
33.5	128.5
33.6	118.7
33.5	104.9
33.6	117.1
33.4	118.4
33.3	111.7
33.2	118.1
33.1	97.7
32.9	92.7
32.7	78.9
32.6	42.8
32.5	43.1
32.3	45.3
30.0	44.9
30.0	50.1
30.0	78.0
30.0	78.1
30.0	63.2
30.0	85.5
30.0	101.5
30.0	85.6
30.0	80.4
30.0	98.2
30.0	93.9
30.0	92.9
30.0	98.0
29.9	76.8
29.7	54.7
29.7	50.1
29.6	44.0
30.4	70.8
31.0	75.0
31.3	68.5
31.6	100.1
31.8	77.7
31.8	104.2
31.9	80.5
31.9	75.3
32.0	89.8
32.0	123.6
31.9	137.2
31.9	105.5
31.8	88.7
31.8	44.1
31.7	69.1
31.5	128.8
31.4	52.7
31.3	35.3
29.8	59.1
29.8	61.8
29.8	76.1
29.8	65.4
29.8	63.2
29.7	63.0
29.7	67.6
29.7	69.3
29.7	58.4
29.7	65.8
29.7	64.6
29.7	53.9
29.6	51.0
29.6	54.7
29.6	58.0
29.6	46.6
29.5	32.5
29.2	19.3
29.2	24.9
29.2	27.8
29.2	22.2
29.2	16.6
29.2	39.8
29.2	23.6
29.2	22.2
29.2	18.3
34.0	72.4
34.3	77.9
33.5	36.3
33.6	27.7
35.8	82.4
35.1	65.3
35.1	98.4
35.3	62.8
35.2	59.7
34.9	63.1
34.8	41.1
34.9	67.2
34.8	88.8
34.9	105.5
34.8	78.6
34.8	97.8
34.8	79.6
34.7	122.5
34.8	84.2
34.7	112.1
34.6	98.5
34.7	49.7
34.5	63.7
34.5	49.6
34.4	79.3
34.6	51.9
34.1	66.5
34.1	67.6
34.0	86.5
34.1	101.2
34.0	99.8
34.0	86.2
33.9	102.8
34.0	101.8
33.9	113.1
33.9	112.0
33.8	106.7
33.8	99.6
33.6	106.1
33.5	86.9
33.5	53.5
33.5	53.8
33.4	42.3
32.1	35.8
32.1	71.8
32.0	67.4
32.1	65.3
32.0	42.7
32.1	37.2
32.1	45.1
32.1	44.7
32.0	34.8
32.0	42.9
35.0	42.0
35.0	61.7
35.0	92.6
35.0	82.4
34.9	93.5
35.0	101.6
34.9	107.6
34.9	121.9
34.8	111.6
34.9	98.7
34.8	106.9
34.7	146.2
34.7	103.2
34.7	87.9
34.7	84.1
34.7	70.4
34.6	67.9
34.6	52.9
34.4	29.0
34.5	54.8
34.5	66.5
34.3	85.3
34.4	93.0
34.4	82.3
34.5	91.6
34.4	93.4
34.2	109.9
34.2	108.4
34.2	104.9
34.1	117.4
34.0	104.0
34.1	82.5
33.9	85.1
33.9	82.4
33.8	63.8
33.8	56.7
33.3	33.4
33.3	35.2
33.2	61.6
33.3	60.6
33.3	57.3
33.2	58.7
34.9	118.1
35.2	119.9
35.0	108.8
35.0	98.7
34.9	70.9
34.9	85.7
34.8	110.9
34.8	120.5
34.8	60.4
34.7	36.7
34.8	47.7
34.7	61.6
34.8	84.0
34.7	110.2
34.6	128.6
34.7	108.6
34.6	132.1
34.6	149.5
34.5	159.9
34.4	90.3
34.4	97.2
34.5	108.7
34.3	111.7
34.3	89.6
34.3	86.5
34.2	58.1
34.0	43.8
34.1	66.9
34.0	70.0
34.2	98.6
34.0	86.1
33.9	109.7
33.8	115.4
33.8	121.9
34.0	125.8
33.8	102.0
33.7	129.0
33.6	111.1
33.6	102.0
33.4	93.8
33.4	77.9
33.3	70.8
33.3	63.2
32.3	61.9
32.4	58.9
32.3	67.3
32.3	73.6
32.3	69.1
32.3	94.3
32.1	75.0
32.2	97.7
32.1	93.5
32.0	102.4
32.0	72.6
31.6	46.1
31.5	58.3
31.4	48.7
30.4	48.9
30.4	49.9
30.4	57.1
30.3	45.5
30.3	19.1
30.3	56.3
30.3	35.0
30.2	50.9
30.2	38.1
30.1	39.0
30.1	43.8
30.1	41.8
30.0	47.9
30.0	38.9
29.7	29.6
29.7	26.4
29.6	38.4
29.6	48.8
29.6	43.2
29.6	32.7
29.6	33.2
29.6	30.3
29.5	43.5
29.5	40.6
29.5	40.1
29.5	65.3
29.5	64.5
29.5	67.1
29.5	79.4
29.5	71.6
29.5	74.9
29.5	66.9
29.5	67.1
29.5	64.9
29.5	58.1
29.4	45.3
29.4	46.3
29.4	21.5
29.3	40.9
29.3	64.7
29.3	88.1
29.3	74.9
29.3	76.8
29.3	49.9
29.3	41.5
29.3	67.8
29.3	66.7
29.3	52.4
29.3	69.9
29.3	60.0
29.3	46.9
29.3	45.3
29.3	38.3
29.3	34.3
29.2	24.1
29.1	50.4
29.1	48.4
29.1	33.8
29.1	30.0
29.1	32.2
29.1	39.9
29.1	30.9
29.1	30.8
29.1	37.2
29.1	29.8
29.1	33.4
29.1	30.0
29.1	22.0
29.1	62.6
29.1	31.8
29.0	20.6
29.0	14.3
29.1	34.7
29.1	30.4
29.0	6.6
29.0	279.9
29.0	55.7
29.0	47.0
29.0	78.4
29.0	44.9
29.0	60.1
29.0	57.6
29.0	54.8
29.0	29.2
29.0	32.8
29.0	22.9
28.9	195.0
28.9	64.1
28.9	56.3
28.9	59.3
28.9	54.0
28.9	58.0
28.9	48.1
28.8	50.5
28.8	88.9
28.8	53.0
28.8	88.4
28.8	49.6
28.8	48.8
28.8	34.9
28.8	29.7
28.8	28.2
28.7	37.7
28.7	46.5
28.7	50.3
28.7	67.5
28.7	50.0
28.7	56.8
28.7	65.9
28.6	74.1
28.6	55.5
28.6	62.8
28.6	51.2
28.6	50.7
28.6	49.9
28.6	41.1
28.6	48.7
28.6	37.3
28.6	37.4
28.6	35.9
28.6	44.1
28.6	39.5
28.6	48.8
28.6	45.8
28.6	47.1
28.5	44.3
28.5	35.6
28.5	39.0
28.5	33.7
28.5	29.2
28.5	34.8
28.5	24.4
28.5	11.9
28.5	14.5
28.5	52.0
28.5	163.4
28.5	152.1
28.5	130.9
28.4	68.8
28.4	56.6
28.4	43.9
28.4	34.9
28.4	32.1
28.5	25.8
28.5	41.3
28.5	39.6
28.5	51.0
28.5	43.8
28.5	46.3
28.4	45.3
28.4	51.3
28.4	44.4
28.4	44.0
28.4	39.6
28.4	35.2
28.4	37.3
28.4	28.9
28.4	26.6
28.4	28.0
28.4	21.5
28.4	22.0
28.3	35.4
28.4	39.6
28.3	38.1
28.3	32.9
28.3	39.1
28.3	52.3
28.3	53.7
28.3	40.4
28.3	39.1
28.3	29.3
28.3	32.8
28.3	33.2
28.3	25.5
28.3	40.9
28.3	83.3
28.3	18.0
28.3	12.0
28.3	28.6
28.3	54.9
28.3	43.8
28.3	58.7
28.3	38.4
28.2	21.6
28.2	54.1
28.2	43.2
28.2	32.2
28.1	24.0
28.1	34.4
28.1	19.8
28.1	19.4
28.2	21.4
28.2	11.7
28.2	33.9
28.2	24.7
28.2	24.1
28.2	31.0
28.2	24.5
28.2	15.7
28.1	33.6
28.1	45.7
28.5	38.9
28.5	49.7
28.4	52.0
28.4	26.1
28.3	59.2
28.7	51.4
28.6	64.9
28.7	91.1
28.7	113.4
28.7	112.4
28.7	100.2
28.6	65.1
28.6	54.9
28.6	56.2
28.6	67.7
28.6	64.7
28.6	56.6
28.6	44.3
28.6	38.2
28.7	38.0
28.7	41.8
28.7	50.2
28.7	51.4
28.6	34.9
28.6	48.2
28.6	31.0
28.6	25.7
28.6	32.8
28.6	37.0
28.6	33.9
28.6	23.2
28.6	30.5
28.6	46.4
28.6	30.0
28.6	48.4
28.6	49.5
28.6	35.0
28.5	29.8
28.5	35.4
28.5	25.3
28.5	23.7
28.6	34.2
28.5	31.9
28.5	38.1
28.4	42.6
28.4	55.2
28.4	31.7
28.3	27.5
28.3	37.0
28.3	37.1
28.3	43.4
28.3	23.4
28.3	26.0
28.3	24.7
28.6	30.6
28.6	38.7
28.6	41.8
28.5	48.7
28.5	28.8
28.4	38.0
28.4	40.5
28.3	36.3
28.3	40.0
28.2	31.0
28.2	25.6
28.2	32.2
28.3	22.0
28.3	15.9
33.8	102.0
33.7	129.0
33.6	111.1
33.6	102.0
33.4	93.8
33.4	77.9
33.3	70.8
33.3	63.2
28.1	21.5
28.1	6.9
28.2	17.9
28.1	21.2
28.1	19.1
28.1	21.9
28.1	27.8
28.0	27.9
28.0	29.2
28.0	30.0
28.0	38.8
28.0	37.4
27.9	33.2
28.0	20.7
28.0	19.1
28.0	14.9
35.5	92.1
35.4	131.6
35.1	97.0
35.0	82.3
35.0	92.0
32.2	31.8
32.1	40.5
32.1	54.4
32.0	47.4
31.9	46.2
31.9	75.4
31.9	74.7
31.9	64.6
31.8	73.9
31.8	69.6
31.8	59.4
31.7	48.5
31.7	52.8
30.5	37.7
30.4	42.5
30.4	56.9
30.4	51.8
30.4	60.2
30.3	70.8
30.4	54.5
30.4	43.4
30.4	57.1
30.4	45.4
30.4	63.4
30.4	51.1
30.3	43.5
29.9	33.9
29.9	31.9
29.8	30.6
29.8	39.2
29.8	39.8
29.8	32.9
29.8	42.2
29.8	32.6
29.8	35.2
29.8	33.2
35.0	58.8
35.0	84.2
34.9	67.8
34.9	65.3
34.9	95.5
34.9	75.5
34.8	86.5
34.8	73.0
34.8	92.1
34.7	107.5
34.2	28.9
34.2	32.4
34.1	39.8
34.1	45.4
34.1	42.0
34.1	51.6
34.1	42.1
29.4	35.5
29.5	46.3
29.5	59.0
29.5	62.1
29.6	63.4
29.6	81.1
29.7	79.8
29.7	78.2
29.7	70.6
29.7	67.0
29.8	79.5
29.8	56.0
29.8	44.0
29.5	24.5
29.7	37.1
29.7	34.7
29.8	48.3
29.8	42.2
29.8	61.9
29.9	52.8
30.0	49.9
30.1	56.0
30.2	53.9
30.5	52.9
31.0	52.5
32.7	42.3
34.8	38.5
35.0	30.4
35.0	40.8
35.0	34.0
35.0	25.7
35.0	29.7
34.9	24.9
34.9	28.6
34.8	38.1
34.8	52.0
34.8	38.4
34.8	45.7
34.7	54.5
34.7	54.8
34.7	53.1
34.6	54.3
34.6	65.3
34.6	48.1
34.5	45.8
34.5	30.1
34.1	43.8
34.0	39.4
34.0	40.2
34.0	62.6
34.0	55.8
34.0	64.7
34.0	61.5
34.0	67.5
34.0	69.0
34.0	46.7
33.9	50.4
33.9	52.9
33.9	37.1
33.6	15.5
33.6	33.5
33.9	105.6
34.6	56.5
34.8	104.6
34.8	89.7
34.9	56.3
34.8	61.1
28.9	17.0
28.9	20.9
29.0	21.1
29.0	15.9
29.1	17.4
29.1	16.6
29.1	15.4
29.1	17.0
28.9	33.7
28.9	48.6
28.9	35.6
29.0	37.4
29.1	39.8
29.1	35.0
29.1	32.0
29.1	30.8
29.2	23.0
29.2	21.1
35.8	99.2
35.4	97.5
35.5	110.6
35.1	145.1
35.1	123.6
35.1	119.9
33.3	24.0
32.7	47.6
29.1	36.0
29.1	41.5
29.1	42.5
29.1	50.3
29.1	59.1
29.1	64.5
29.2	52.4
29.2	58.3
29.2	49.0
29.2	44.9
29.2	38.9
35.3	10.1
35.3	12.5
35.4	7.0
35.1	42.6
35.1	41.0
35.1	36.9
34.9	13.5
35.0	20.0
34.9	31.9
35.0	33.3
35.1	34.2
35.2	41.9
35.2	47.1
33.4	26.9
33.4	37.5
33.4	37.7
33.5	40.6
33.5	35.7
33.5	44.9
33.6	40.6
33.9	40.0
34.4	38.6
34.5	16.7
34.4	27.5
34.4	30.6
34.5	53.5
34.6	49.0
34.7	31.8
34.7	50.4
34.8	40.8
34.8	37.4
34.2	21.4
34.2	32.0
34.2	25.9
34.2	23.1
34.2	26.0
34.3	27.1
34.3	30.5
35.2	73.0
35.2	36.2
35.2	53.4
35.1	39.7
35.1	40.0
35.1	15.2
35.1	38.0
35.1	50.6
35.1	77.7
35.1	84.8
35.1	91.7
35.1	90.0
35.1	98.1
35.1	87.1
35.1	83.1
35.0	106.5
35.0	65.9
35.0	55.6
35.0	34.7
35.0	44.2
35.0	52.9
35.0	61.4
35.0	49.4
35.0	55.0
35.0	49.5
35.0	54.2
35.1	69.7
35.2	57.6
35.2	60.3
35.2	55.2
34.9	28.0
34.9	36.1
34.9	53.3
34.9	52.9
34.9	51.1
34.9	65.2
35.0	92.0
35.1	63.5
35.1	91.6
35.1	97.5
35.1	87.8
34.9	16.5
34.9	19.6
34.9	22.9
34.9	36.5
35.0	54.9
35.0	64.2
35.0	67.0
35.0	78.7
35.0	65.7
35.0	50.1
33.4	32.9
33.3	48.0
33.3	40.6
33.2	52.6
33.2	56.5
33.2	46.2
33.2	39.6
33.3	37.6
33.3	44.5
33.4	34.5
33.4	36.1
33.4	8.6
33.3	18.1
33.3	21.0
33.3	28.2
33.3	32.6
33.4	36.4
33.4	44.4
33.4	39.6
33.4	43.4
33.5	39.6
33.7	30.9
34.3	24.3
34.7	24.9
34.8	33.9
34.8	33.6
34.8	34.8
35.1	46.6
35.1	50.5
35.1	51.7
35.1	49.1
35.1	53.4
35.1	49.0
35.1	44.2
34.9	27.6
34.9	31.4
34.9	32.4
34.9	29.1
34.9	23.7
34.9	43.3
34.9	39.1
34.9	38.0
34.9	31.2
34.9	36.5
35.1	35.9
35.1	38.6
35.1	49.2
35.2	69.0
35.5	94.9
35.4	116.8
35.4	128.5
35.4	88.4
35.3	114.4
35.3	116.3
35.3	97.0
35.5	83.1
35.2	15.7
35.2	21.9
35.1	55.3
35.1	47.3
35.0	60.8
35.0	58.9
34.9	55.8
35.0	80.8
34.8	28.7
34.8	28.1
34.8	34.7
34.8	42.3
34.8	61.4
34.8	51.0
34.8	68.1
34.8	61.5
34.8	45.3
34.9	48.1
34.9	34.8
34.9	54.4
34.9	70.3
34.9	60.7
34.9	63.1
34.9	70.7
34.9	91.9
34.8	83.4
34.8	50.8
34.7	7.9
34.7	12.0
34.7	14.9
34.8	20.8
34.7	18.9
34.8	20.1
34.7	31.5
34.8	27.3
34.8	36.1
34.7	28.9
35.2	12.6
35.2	14.2
35.2	51.2
35.2	38.4
34.5	40.8
34.5	45.8
34.4	52.0
34.4	62.2
34.4	66.2
34.5	93.5
34.4	95.3
34.5	102.7
34.5	85.1
34.5	91.6
34.5	57.7
34.5	60.9
29.3	47.2
29.3	64.8
29.3	70.6
29.3	80.4
29.3	78.5
29.3	81.4
29.4	98.6
29.4	98.4
29.4	118.0
29.4	108.0
29.4	107.4
29.4	93.4
29.4	85.4
29.5	74.2
29.5	59.4
29.0	38.3
29.0	38.1
29.0	45.2
29.1	54.3
29.1	53.9
29.1	52.9
29.1	70.3
29.2	64.8
29.2	53.4
29.2	51.9
29.2	55.3
29.2	39.3
28.9	22.8
29.0	22.6
29.0	37.6
29.0	35.9
29.0	43.3
29.1	48.1
29.1	59.3
29.1	54.5
29.1	39.1
29.1	43.3
29.1	35.4
29.1	49.2
29.2	43.6
29.2	29.7
29.2	26.6
28.9	37.8
28.9	39.5
28.9	36.9
28.9	34.4
28.9	32.9
29.0	37.8
29.0	30.1
29.0	34.5
29.0	35.3
29.1	38.6
29.1	28.3
29.1	23.7
29.1	31.9
29.1	40.3
29.1	45.2
29.1	60.5
29.1	52.9
29.1	49.2
29.1	32.6
29.2	22.6
29.2	29.6
29.2	22.5
29.2	22.4
29.2	28.9
29.2	29.2
29.2	45.3
29.2	27.4
29.3	32.1
29.0	32.4
29.0	46.5
29.0	56.1
29.1	62.9
29.1	69.5
29.1	84.7
29.1	82.4
29.1	104.3
29.1	95.3
29.1	91.8
29.2	70.6
29.2	61.0
29.2	53.5
28.9	12.2
28.9	25.1
28.9	42.8
29.0	40.4
29.0	49.8
29.0	38.5
29.1	54.5
29.1	61.7
29.1	51.6
29.1	55.4
29.1	32.6
29.2	45.8
29.2	44.3
29.2	48.1
29.2	38.7
29.3	32.1
30.1	25.3
30.1	22.1
30.1	38.9
30.1	36.7
30.1	27.6
30.2	38.6
30.4	41.1
30.6	44.5
30.8	44.1
34.0	63.1
33.9	64.7
34.0	91.1
34.0	107.3
34.0	114.2
34.0	114.8
29.0	50.5
29.0	57.8
29.0	57.8
29.1	51.3
29.1	49.4
29.2	32.6
29.1	40.6
29.1	40.7
29.0	48.8
29.0	44.1
29.0	44.6
29.0	42.3
29.1	19.1
29.1	29.9
29.0	34.9
29.0	28.6
29.0	33.7
29.0	43.8
29.0	42.7
29.0	47.8
29.0	48.0
29.0	55.4
29.0	47.4
29.0	39.8
29.0	32.7
29.0	35.2
29.0	24.7
29.0	30.3
29.0	31.5
29.0	41.2
29.0	51.6
29.0	46.9
29.0	50.0
29.0	42.2
29.1	50.4
29.1	47.8
29.1	46.0
29.1	36.5
28.9	28.7
29.0	32.9
29.0	37.1
29.0	39.0
29.0	46.1
29.0	67.6
29.0	56.9
29.1	54.8
29.1	56.9
29.1	45.2
29.1	55.0
29.2	39.9
29.2	43.8
29.2	41.2
29.0	29.7
29.0	35.0
29.0	60.2
29.0	57.5
29.0	45.1
29.1	46.8
29.1	65.9
29.1	54.3
29.1	72.6
29.1	68.6
29.2	82.8
29.2	68.6
29.2	54.8
29.2	66.8
29.0	30.0
29.0	29.0
29.0	34.1
29.0	40.9
29.0	38.8
29.0	35.8
29.1	50.2
29.1	54.1
29.1	52.1
29.1	51.2
29.1	51.2
29.1	46.0
29.2	37.7
29.1	32.2
29.1	35.2
29.2	42.5
29.2	41.7
29.2	43.9
29.2	42.3
29.2	41.2
29.2	47.5
29.2	39.9
29.3	42.6
29.3	41.0
28.9	28.4
28.9	31.4
28.9	21.8
29.0	38.9
29.0	32.2
29.0	28.7
29.0	37.5
29.1	31.1
29.1	25.2
29.1	14.6
29.1	15.5
29.2	19.4
29.2	18.4
29.1	25.4
29.2	26.7
29.2	24.1
29.2	40.6
29.2	28.2
29.2	32.4
29.2	22.7
29.3	23.2
29.3	22.2
29.3	14.3
29.3	11.7
29.4	21.2
29.4	22.3
29.4	22.9
29.4	25.4
29.4	22.1
29.4	27.8
29.4	30.0
29.4	26.3
29.5	23.1
29.6	30.2
29.8	21.7
32.0	17.1
30.1	24.7
30.1	23.5
30.0	23.7
30.1	25.4
31.3	21.5
33.6	19.8
34.5	21.3
34.7	22.5
29.3	32.4
29.3	33.1
29.3	37.5
29.3	25.3
29.3	34.3
29.3	38.3
29.3	28.9
29.3	29.4
29.3	35.9
29.4	40.4
29.4	29.9
29.8	25.6
30.7	17.9
31.7	18.8
29.1	30.4
29.1	25.9
29.1	26.7
29.1	29.0
29.2	26.0
29.2	22.8
29.2	24.1
29.3	24.6
29.4	23.6
29.9	25.8
30.8	23.0
31.5	17.6
31.8	7.4
29.2	56.3
29.2	61.7
29.2	74.7
29.2	82.0
29.3	70.3
29.3	57.1
35.9	40.4
35.7	34.8
36.0	54.5
36.5	66.3
36.8	99.3
36.1	123.4
36.3	122.3
36.1	84.7
36.6	51.4
36.5	47.6
35.0	100.8
35.0	125.2
35.0	101.6
34.9	148.1
34.9	195.4
34.9	166.0
34.8	132.0
34.8	154.6
34.8	132.7
34.8	118.9
34.8	86.8
34.8	70.7
34.8	90.3
34.8	125.9
34.7	155.7
34.6	128.8
34.6	147.8
34.6	98.9
34.5	90.0
34.5	71.3
34.5	91.4
34.9	103.4
34.9	117.0
34.8	142.4
34.8	204.1
34.7	172.3
34.7	186.3
34.6	149.4
34.6	134.1
34.5	95.0
34.6	143.6
34.7	53.7
34.8	59.1
34.7	77.9
34.8	91.4
34.7	118.6
34.7	125.8
34.8	141.2
34.8	149.5
34.7	180.6
34.7	185.6
34.7	160.8
34.7	164.5
34.7	146.5
34.7	121.4
34.4	40.8
34.4	46.4
34.4	70.7
34.4	75.7
34.5	108.3
34.4	109.0
34.4	127.5
34.4	123.0
34.3	115.3
34.3	120.1
34.3	110.3
34.3	105.8
34.3	94.2
34.2	68.1
34.4	57.3
34.4	91.4
34.3	92.1
34.2	112.8
34.2	112.3
34.1	113.1
34.1	117.2
34.1	121.7
34.1	93.1
34.1	118.3
34.0	95.7
34.0	85.7
33.4	46.3
33.4	48.3
33.4	58.8
33.4	71.3
33.4	80.6
33.5	65.1
33.5	72.6
33.5	92.6
33.5	78.5
33.4	80.4
33.5	74.3
33.5	68.0
33.5	60.4
33.0	37.2
33.1	39.4
33.1	46.1
33.1	46.0
33.2	55.0
33.2	59.2
33.2	65.0
33.1	71.0
33.1	47.2
33.1	39.9
33.1	57.8
33.2	79.4
33.2	71.5
33.2	64.1
33.5	35.7
33.5	25.8
33.5	25.2
33.6	26.6
33.5	19.7
33.5	22.4
33.5	42.0
33.5	30.1
33.5	29.8
33.4	33.2
33.4	26.4
33.4	20.8
30.9	30.3
30.8	31.5
30.8	31.1
30.9	35.7
31.0	39.6
31.1	41.2
31.2	44.4
31.4	49.9
31.6	48.1
32.1	45.5
32.4	40.9
32.7	47.2
32.8	41.6
32.9	34.2
32.9	31.8
33.0	33.5
33.1	23.8
33.0	22.1
33.5	27.9
33.5	28.0
33.5	42.7
33.3	28.8
33.3	48.7
33.2	46.8
33.1	52.2
33.0	23.9
33.0	19.3
33.0	17.0
33.3	15.3
33.2	20.1
33.2	60.4
33.1	69.3
33.1	17.1
33.1	23.5
33.2	48.7
34.7	28.2
34.6	58.4
34.5	92.7
34.7	93.1
34.7	98.3
34.7	98.7
34.6	99.9
34.6	109.1
34.6	111.6
34.6	107.4
34.6	91.0
34.6	66.3
34.5	16.5
34.5	27.0
34.5	59.4
34.5	78.4
34.4	102.9
34.3	129.3
34.2	147.6
34.2	183.0
34.1	208.2
34.1	179.4
34.0	175.5
34.0	206.8
34.0	156.9
34.0	86.4
33.9	118.2
34.0	92.9
34.0	84.8
34.0	54.0
33.9	71.4
34.0	21.2
34.0	41.2
34.0	47.7
33.9	53.6
33.9	55.5
33.8	73.7
33.7	55.6
33.7	75.2
33.6	58.9
33.6	60.8
33.6	50.5
33.6	45.5
35.1	28.4
35.0	31.2
35.0	25.7
35.1	30.4
35.0	36.5
35.0	77.6
35.0	36.9
35.0	41.4
35.0	49.0
35.0	31.7
35.0	43.4
35.0	52.9
35.0	63.1
34.9	60.9
34.9	51.6
34.9	59.1
34.9	59.0
34.9	53.7
34.9	44.8
34.9	68.9
34.9	59.9
34.8	67.8
34.9	50.5
34.8	53.6
34.8	33.6
34.8	53.6
34.8	69.8
34.7	94.0
34.7	105.9
34.7	138.7
34.6	132.8
34.7	181.0
34.6	146.3
34.6	162.9
34.6	129.7
34.4	121.3
34.5	109.7
34.5	74.4
34.4	53.4
34.3	60.8
34.4	42.4
34.4	57.8
34.4	43.0
34.3	32.6
34.4	85.7
34.5	106.9
34.4	152.7
34.4	152.4
34.4	172.6
34.4	154.8
34.4	142.2
34.4	119.7
34.4	190.3
34.4	168.5
34.3	143.3
34.3	62.6
34.3	59.0
34.3	74.5
34.2	48.3
34.2	42.3
34.2	46.2
34.2	53.3
34.2	49.5
34.2	51.3
34.1	46.4
34.1	45.9
34.1	39.3
34.0	39.1
34.1	34.0
33.8	34.4
33.8	55.9
33.9	25.0
33.9	94.5
33.8	64.6
33.9	65.6
33.9	90.6
33.9	95.0
33.9	71.1
36.1	81.4
36.0	82.9
35.9	99.7
36.1	97.2
35.7	110.2
35.4	138.0
36.0	138.3
35.7	186.7
35.5	194.8
35.6	182.7
35.7	156.9
35.2	143.4
35.5	141.5
35.3	106.7
35.2	30.3
35.1	63.4
35.1	101.0
35.1	133.7
35.1	152.8
35.1	188.4
35.1	231.9
35.1	182.1
35.1	245.1
35.1	213.0
35.1	195.2
35.1	194.8
35.1	182.0
35.1	152.8
35.1	135.7
35.1	128.1
35.1	101.4
35.0	86.9
35.0	82.4
35.1	65.3
35.1	29.5
35.1	34.9
35.1	70.5
35.1	80.1
35.0	128.7
35.0	103.5
35.0	96.4
34.9	100.7
34.9	100.9
34.8	72.9
34.9	76.8
34.9	83.1
34.9	31.6
34.9	32.2
34.8	35.7
34.9	29.3
34.8	43.5
34.8	48.2
34.8	23.1
34.8	25.8
34.8	31.7
34.8	2.8
34.7	32.9
34.6	34.2
34.6	70.4
34.6	55.5
34.6	75.4
34.6	70.6
34.6	75.0
34.5	64.6
34.6	54.8
34.6	45.0
34.6	50.3
34.6	29.6
34.6	59.7
34.5	41.3
34.5	41.5
34.6	61.1
34.6	81.3
34.4	91.7
34.4	66.8
34.4	85.2
34.4	71.0
34.3	61.4
34.4	76.2
34.3	57.7
34.3	72.8
34.3	59.9
34.4	41.5
34.3	46.3
34.4	41.0
34.3	26.6
34.3	22.6
34.5	15.1
34.5	22.3
34.4	36.4
34.4	43.9
34.3	37.3
34.2	50.8
34.1	59.6
34.2	57.4
34.1	69.6
34.1	59.7
34.1	87.2
34.1	64.9
34.0	60.1
34.1	76.0
34.1	52.5
34.1	53.7
34.2	37.5
34.1	30.9
34.1	33.8
34.1	34.6
34.1	24.3
34.2	36.7
34.1	45.3
34.1	54.9
34.1	48.3
34.0	60.3
33.8	62.9
34.0	65.1
33.9	72.0
33.9	66.0
33.8	74.4
33.9	70.4
34.0	65.5
33.8	70.0
34.0	62.2
33.9	64.1
33.9	42.9
33.9	38.7
34.0	45.5
34.0	33.2
33.9	30.4
33.8	30.7
33.7	33.5
33.7	35.8
33.8	48.3
33.7	36.2
33.7	46.7
33.7	44.7
33.7	39.4
33.7	49.5
33.6	34.8
33.7	44.3
33.7	56.1
33.7	68.4
33.6	44.0
33.7	31.4
33.5	78.3
33.4	59.9
33.4	93.9
33.5	121.7
33.4	141.1
33.5	113.4
33.4	108.5
33.4	101.5
33.4	101.6
33.5	80.7
33.4	70.8
33.5	88.6
33.4	71.6
33.6	54.4
33.5	71.4
33.6	62.4
33.5	37.5
33.5	41.8
33.6	44.0
33.6	53.0
33.4	29.0
33.4	45.0
33.4	60.8
33.3	59.2
33.3	62.2
33.2	49.4
33.3	57.0
33.3	46.9
33.3	30.1
33.4	27.9
33.3	19.8
33.4	14.9
33.4	42.3
33.3	42.8
33.3	37.7
33.3	44.0
33.3	27.9
33.4	25.4
33.4	46.7
33.4	17.8
33.0	63.4
33.1	79.4
33.0	110.5
33.1	81.6
33.1	68.4
33.1	92.7
33.1	85.7
33.1	45.5
33.2	40.0
33.2	46.6
33.2	60.9
33.2	22.8
33.3	65.4
33.3	83.8
33.3	58.9
33.2	43.9
33.3	37.9
33.2	30.4
33.3	26.2
33.0	41.9
33.0	60.8
33.0	50.1
33.1	69.5
33.0	82.8
33.0	76.8
33.1	43.1
33.0	80.5
33.0	70.9
33.1	67.7
33.2	62.5
33.2	72.2
33.2	90.7
33.2	74.6
33.2	54.8
33.3	53.9
33.3	55.4
33.2	33.6
33.2	26.0
32.8	74.9
32.9	99.6
32.9	94.2
32.9	89.1
32.9	89.7
33.0	119.2
33.0	124.2
32.9	129.2
33.0	84.6
33.2	99.6
36.9	88.7
36.2	129.9
36.1	146.4
36.7	192.6
36.0	196.1
36.0	270.7
36.0	250.0
36.0	250.6
36.5	304.2
36.2	270.5
35.4	275.8
36.4	260.5
35.5	266.2
35.6	239.9
35.4	215.9
35.9	176.9
35.5	190.1
35.5	186.8
35.3	110.5
35.3	110.9
35.2	85.7
35.1	25.8
35.2	68.3
35.2	71.5
35.1	110.1
35.1	104.3
35.1	115.6
35.0	119.1
35.1	136.1
35.0	117.1
35.0	125.6
35.0	98.3
35.1	120.7
35.1	93.0
35.0	101.0
35.1	104.8
35.0	74.9
35.1	81.1
35.0	76.8
35.0	82.8
35.0	59.7
35.1	44.5
35.0	57.9
35.0	82.2
34.9	84.7
34.9	78.1
34.9	89.9
34.9	95.6
34.9	123.2
34.9	89.3
34.9	92.0
34.8	90.4
34.9	76.1
34.8	103.5
34.8	91.3
34.8	65.7
34.9	47.5
34.8	53.1
34.7	29.0
34.6	14.5
34.6	102.1
34.7	74.4
34.6	61.8
34.6	75.4
34.7	90.3
34.6	149.9
34.6	104.6
34.7	96.3
34.7	88.5
34.6	92.1
34.6	95.7
34.6	100.6
34.6	102.6
34.6	77.5
34.6	76.2
34.6	71.0
34.5	58.8
34.6	66.1
34.5	51.2
34.3	31.0
34.2	74.3
34.2	56.2
34.1	79.7
34.2	73.4
34.2	75.9
34.2	80.0
34.1	94.3
34.1	88.8
34.2	82.4
34.2	69.4
34.2	78.6
34.2	77.2
34.3	82.8
34.1	62.4
34.1	56.8
34.1	64.4
34.0	42.8
34.1	44.0
34.1	39.6
33.5	54.3
33.5	90.1
33.4	103.1
33.4	97.7
33.5	98.2
33.6	114.1
33.6	81.4
33.5	84.9
33.6	68.6
33.6	80.0
33.5	92.7
33.6	78.2
33.5	73.0
33.6	58.1
33.6	45.0
33.6	68.3
33.7	54.5
33.5	45.7
33.5	45.0
33.5	38.5
32.7	40.0
32.7	52.5
32.7	48.3
32.7	50.5
32.7	79.0
32.6	78.3
32.7	70.7
32.8	87.8
32.9	77.7
32.8	85.1
33.0	82.5
32.9	78.4
33.0	71.8
33.1	58.3
32.9	71.6
33.0	36.1
32.9	42.7
32.8	40.9
32.8	36.8
32.7	30.5
32.7	45.3
31.7	51.4
31.7	69.3
31.7	72.7
31.7	56.1
31.8	69.4
31.9	75.6
31.9	71.5
32.0	65.9
32.1	61.4
32.2	49.2
32.3	60.2
32.4	53.8
30.9	28.6
30.8	27.1
30.9	31.3
30.9	43.5
30.9	45.8
31.0	46.8
31.1	75.9
31.1	64.0
31.2	52.5
31.3	57.3
31.4	65.6
31.5	61.3
31.5	45.6
31.6	45.9
31.5	40.9
31.5	52.8
31.4	45.1
31.3	37.4
31.2	54.5
31.1	40.9
30.1	18.5
30.1	26.2
30.1	27.2
30.1	27.1
35.2	45.9
35.1	49.5
35.3	3.1
35.1	92.0
35.1	59.2
35.1	62.3
35.1	80.1
35.1	81.2
35.0	61.8
36.0	107.5
35.8	231.3
36.4	278.3
35.7	337.7
35.5	294.9
35.6	257.6
35.7	341.9
35.3	328.8
35.3	392.2
35.1	350.9
35.0	339.5
35.0	312.1
35.0	240.3
35.0	257.3
35.0	224.0
35.0	171.8
35.1	219.7
35.0	129.6
34.9	25.1
34.9	61.3
34.9	106.5
34.8	128.3
34.8	127.0
34.8	179.8
34.8	204.3
34.8	314.9
34.8	214.3
34.8	186.3
34.7	151.7
34.7	136.6
34.7	147.4
34.7	127.7
34.7	166.6
34.7	40.4
34.7	90.3
34.7	154.0
34.7	104.1
34.6	137.6
34.7	144.0
34.6	90.4
34.5	57.1
34.4	86.3
34.4	107.6
34.4	143.2
34.4	160.0
34.5	169.3
34.4	149.1
34.5	204.0
34.4	238.5
34.3	245.5
34.4	283.3
34.3	312.9
34.2	332.8
34.3	355.6
34.3	361.1
34.2	255.1
34.3	314.0
34.2	235.6
34.2	220.1
34.2	171.0
34.2	126.3
34.2	125.1
33.8	81.6
33.7	83.5
33.8	86.2
33.7	90.2
33.6	86.6
33.6	134.0
33.6	118.9
33.7	102.9
33.6	111.0
33.6	129.6
33.6	132.3
33.6	151.4
33.6	122.5
33.6	120.4
33.6	115.6
33.7	117.4
33.6	94.2
33.6	93.1
33.5	95.4
33.0	37.5
33.0	58.8
33.0	91.8
32.9	117.0
33.1	99.0
32.9	142.7
32.9	159.1
32.9	131.3
33.0	124.9
33.0	160.7
33.1	138.2
33.1	146.3
33.2	166.2
33.2	150.2
33.3	92.9
33.2	77.6
33.1	96.5
33.2	82.0
33.0	60.3
32.9	71.8
32.9	53.1
31.9	57.2
31.9	80.1
31.8	80.0
31.8	97.5
31.8	103.5
31.8	139.0
31.9	156.0
31.9	223.0
32.0	304.3
32.0	353.4
32.1	229.4
32.2	201.8
32.2	163.6
32.3	175.2
32.3	168.3
32.2	107.4
32.1	116.7
32.1	138.2
32.1	151.8
32.0	101.0
31.9	67.8
30.3	43.1
30.4	49.4
30.4	64.9
30.4	64.5
30.4	67.5
30.6	69.6
30.6	94.7
30.6	66.9
30.6	45.5
30.6	50.5
30.6	45.1
30.5	39.2
30.4	29.6
30.4	74.4
30.3	51.8
30.2	41.7
30.2	41.3
30.1	27.6
30.1	23.3
29.7	30.5
29.7	35.6
29.7	46.1
29.7	49.4
29.7	45.4
29.7	40.4
29.7	50.5
29.7	59.4
29.7	45.7
29.7	50.3
29.7	27.6
29.7	21.9
29.7	22.9
29.6	22.0
29.6	18.4
29.6	28.9
29.6	38.2
29.6	41.6
29.6	32.9
29.6	36.6
29.6	36.3
29.6	57.7
29.6	49.4
29.6	43.7
29.6	29.4
29.6	40.8
29.6	38.7
29.6	33.3
29.6	42.2
35.3	24.5
35.3	87.6
35.4	83.7
35.2	102.4
35.3	99.6
35.4	112.5
35.2	78.2
35.5	139.2
35.2	119.5
35.2	88.5
35.4	64.4
35.4	103.7
35.4	102.6
35.3	144.5
35.5	182.8
35.6	157.0
35.3	137.7
35.6	50.6
35.7	131.3
35.1	66.2
35.2	187.9
35.3	124.8
35.3	104.4
35.0	106.0
35.1	115.8
35.2	50.3
35.1	40.5
35.2	60.0
35.2	121.1
35.1	148.0
35.2	104.3
35.2	156.4
35.1	203.5
35.1	309.8
35.1	239.6
35.2	231.8
35.1	186.0
35.2	159.6
35.1	145.7
35.0	119.4
35.0	102.4
35.0	128.0
35.1	116.9
35.1	70.6
35.1	118.4
35.1	84.1
35.3	188.1
35.1	97.7
35.1	83.1
35.1	75.9
35.1	290.6
35.0	340.6
35.0	182.7
35.1	366.1
35.0	192.7
35.2	190.7
35.0	232.8
35.2	194.2
35.0	162.1
35.0	135.0
34.9	37.5
34.9	68.4
34.9	99.6
34.9	112.4
34.9	239.7
34.9	230.0
34.8	368.3
34.8	342.3
34.8	343.5
34.8	318.7
34.7	400.9
34.7	327.6
34.7	204.2
34.7	49.9
34.7	114.4
34.8	152.6
34.8	134.6
35.4	47.8
35.4	137.1
35.1	190.0
35.1	272.1
35.1	298.1
35.1	233.8
35.1	264.1
35.1	201.7
35.1	239.6
35.2	266.8
35.1	366.4
35.1	372.8
35.1	362.1
35.1	255.8
35.0	290.2
35.0	271.7
35.0	210.8
35.0	154.4
34.9	173.3
34.7	63.2
34.7	133.8
34.7	164.0
34.7	118.5
34.7	161.2
34.6	165.7
34.5	210.8
34.5	246.7
34.5	228.9
34.5	251.2
34.5	280.5
34.5	230.5
34.5	188.2
34.4	112.6
34.4	170.1
34.2	136.6
34.3	91.1
34.2	168.1
34.1	130.6
33.7	42.0
33.6	82.4
33.6	77.9
33.6	119.5
33.5	142.5
33.5	155.9
33.5	155.4
33.3	191.9
33.4	211.8
33.3	206.3
33.4	225.3
33.2	200.0
33.2	189.3
33.2	165.6
33.2	185.5
33.2	140.3
33.1	151.0
33.1	167.2
33.0	118.7
33.0	129.9
32.8	83.2
32.8	78.0
32.7	60.3
31.4	53.9
31.3	64.9
31.3	69.1
31.3	65.5
31.3	77.4
31.3	81.9
31.3	103.9
31.3	94.6
31.3	90.9
31.3	96.7
31.4	114.3
31.3	110.8
31.3	103.0
31.3	95.0
31.2	84.2
31.2	85.0
31.2	63.3
31.1	68.6
31.1	82.6
30.9	90.5
30.8	61.4
30.7	45.0
29.9	36.7
29.9	50.1
29.8	81.8
29.8	68.0
29.9	60.3
29.9	68.5
29.9	94.9
29.9	53.9
30.0	121.5
30.0	105.0
30.0	92.6
30.0	104.1
30.0	110.7
30.0	89.5
30.0	97.0
30.0	84.5
30.0	38.6
29.9	57.7
29.7	52.7
29.6	43.9
29.6	41.1
29.5	47.5
29.5	32.9
29.4	68.1
29.4	69.4
29.4	113.0
29.4	63.7
29.4	68.0
29.4	88.4
29.4	95.0
29.4	104.9
29.4	71.5
29.4	85.2
29.4	84.3
29.4	99.4
29.4	77.4
29.4	80.4
29.4	94.2
29.4	73.8
29.3	60.0
29.3	52.6
29.3	52.3
29.3	45.0
29.3	38.8
29.3	86.9
29.3	183.7
29.3	188.9
29.3	201.0
29.3	242.0
29.3	158.8
29.3	115.2
29.3	123.6
29.3	107.8
29.2	110.7
29.2	85.2
29.2	82.0
29.2	76.4
29.2	38.5
29.2	51.8
29.2	38.2
35.4	65.3
35.2	138.8
35.3	116.4
35.1	217.6
35.1	188.2
35.0	241.8
35.3	187.3
35.2	174.7
35.0	172.7
35.2	172.4
35.1	125.9
35.0	93.8
35.0	120.8
35.6	75.4
35.0	100.6
35.2	113.7
35.1	56.6
35.1	72.1
35.1	224.4
35.1	193.4
35.2	333.0
35.2	357.7
35.0	519.1
35.1	450.2
35.0	383.4
35.1	337.3
35.0	362.2
34.9	326.7
34.9	259.8
34.9	214.1
34.7	206.6
34.6	175.0
34.7	125.0
34.6	108.1
33.8	19.1
33.8	60.9
33.7	85.3
33.7	90.7
33.7	129.0
33.5	132.2
33.5	190.6
33.3	214.1
33.3	287.7
33.1	236.5
33.0	342.7
32.8	240.9
32.7	201.0
32.5	206.7
32.4	210.8
32.2	184.8
31.9	189.6
31.8	150.9
31.7	125.7
31.4	115.1
29.8	53.8
29.8	80.7
29.8	91.0
29.7	108.1
29.7	129.1
29.7	154.9
29.6	173.8
29.6	159.6
29.6	190.6
29.5	173.4
29.5	147.2
29.5	195.3
29.4	166.5
29.4	151.5
29.4	152.9
29.3	129.6
29.3	184.5
29.3	133.0
29.2	134.0
29.2	117.3
29.2	116.0
29.2	71.1
29.1	81.8
35.6	338.7
35.5	423.4
35.7	370.5
35.5	413.8
35.2	336.4
35.2	512.8
35.0	320.5
35.1	378.0
35.3	320.1
35.1	286.7
34.9	310.0
35.0	201.6
34.8	239.0
34.7	167.7
34.6	145.8
36.0	58.3
36.0	137.4
35.6	222.9
35.7	152.2
36.0	229.1
36.3	279.3
35.9	211.2
35.6	168.5
35.7	290.1
35.5	319.8
35.8	341.4
35.4	222.3
35.4	314.5
35.3	348.9
35.1	223.5
35.3	234.9
35.2	247.6
34.9	224.2
34.9	170.5
34.4	54.4
34.5	104.5
34.5	77.7
34.6	127.6
34.5	97.5
34.4	100.5
34.3	146.8
34.4	208.4
34.2	167.7
34.2	226.1
34.2	287.7
34.1	229.9
34.0	221.7
33.9	165.5
33.8	170.5
33.6	124.6
33.7	128.5
33.5	151.1
33.4	100.1
33.3	130.6
33.1	91.2
31.7	54.6
31.7	119.4
31.7	136.6
31.7	150.3
31.7	165.4
31.7	173.9
31.7	165.0
31.6	191.5
31.5	205.5
31.4	169.0
31.3	184.7
31.1	172.1
31.0	134.4
30.9	190.0
30.7	102.6
34.6	206.4
35.6	251.4
35.3	259.2
35.4	209.0
35.5	70.2
35.8	121.9
35.3	133.9
35.2	168.8
35.2	242.4
35.7	336.6
35.4	294.4
35.5	305.8
35.8	375.8
35.7	406.4
35.4	438.0
35.2	371.3
35.3	373.2
35.1	398.0
34.9	315.8
34.9	298.8
34.9	267.7
34.9	222.0
34.7	239.2
34.7	174.5
34.5	147.0
34.6	130.6
34.4	100.6
33.0	65.3
33.0	85.6
32.9	111.2
33.0	134.8
32.9	168.7
32.9	145.7
32.9	190.9
32.8	183.6
32.6	231.6
32.6	178.8
32.4	203.1
32.4	245.6
32.1	193.2
32.0	208.3
31.8	206.6
31.7	206.9
31.6	319.3
31.3	157.9
31.2	149.0
31.0	127.7
30.8	96.9
30.6	108.0
30.4	97.4
29.7	51.7
29.7	102.5
29.7	83.1
29.7	20.8
29.6	100.0
29.6	136.2
29.6	157.7
29.6	144.0
29.6	138.3
29.6	168.3
29.6	146.1
29.5	139.8
29.5	140.8
29.5	158.6
29.5	176.2
29.4	129.7
29.4	150.9
29.4	127.9
29.4	79.3
29.4	117.5
29.3	83.0
29.3	49.2
29.2	89.1
29.2	65.1
29.2	72.4
29.2	90.6
29.2	70.4
29.2	116.8
29.2	124.3
29.2	150.0
29.2	122.6
29.2	131.1
29.1	103.1
29.1	135.5
29.1	109.6
29.1	81.0
29.1	99.4
29.1	68.0
29.1	53.8
29.1	35.4
29.1	59.3
29.1	66.2
29.1	85.0
29.1	94.4
29.1	122.1
29.1	117.7
29.1	85.8
29.0	113.9
29.0	136.7
29.0	141.8
29.0	156.6
29.0	131.1
28.9	102.2
28.9	121.3
28.9	147.4
28.9	98.8
28.9	149.5
28.9	81.0
28.9	73.3
28.9	47.7
28.9	59.8
28.8	51.8
28.9	37.4
28.9	57.7
28.9	67.4
28.9	87.2
28.9	101.1
28.9	119.7
28.9	118.0
28.9	135.3
28.8	170.5
28.8	141.6
28.8	183.0
28.7	148.2
28.7	152.7
28.7	178.1
28.7	156.4
28.7	144.6
28.7	212.6
28.6	140.3
28.6	139.5
28.6	101.5
28.6	81.6
28.6	67.6
28.6	57.1
28.7	30.7
28.7	36.8
28.7	31.9
28.7	77.7
28.7	92.6
28.7	68.0
28.7	80.5
28.7	88.3
28.7	66.9
28.7	72.6
28.7	44.8
28.7	49.2
28.7	62.7
28.7	36.9
28.7	61.3
28.7	42.8
36.5	95.9
36.0	66.9
37.1	84.2
36.1	135.0
36.4	163.9
36.4	133.0
36.8	164.6
36.1	136.5
36.6	187.1
35.5	123.0
36.1	116.4
36.1	141.5
35.7	150.4
35.9	108.1
35.9	106.5
36.3	133.5
35.2	54.7
35.1	74.4
35.2	93.2
35.1	106.7
35.5	131.2
35.4	115.2
35.3	245.8
35.3	200.0
35.3	194.3
35.5	227.2
35.1	216.9
35.1	256.9
35.1	293.1
35.3	370.5
35.2	304.8
35.3	213.0
35.2	176.2
35.0	125.2
35.0	155.6
34.9	164.2
34.9	119.8
34.9	91.4
34.8	60.1
34.6	99.9
34.7	103.1
34.7	144.5
34.7	223.0
34.7	236.0
34.7	318.9
34.6	276.7
34.5	308.8
34.5	347.7
34.5	321.3
34.4	305.2
34.5	318.3
34.4	270.6
34.5	269.1
34.3	265.6
34.4	250.2
34.3	212.5
34.3	226.6
34.4	195.9
34.2	122.9
34.2	117.0
34.2	119.3
33.8	48.9
33.8	57.7
33.8	100.0
33.8	108.3
33.6	113.4
33.6	138.6
33.8	163.8
33.7	187.6
33.7	208.4
33.8	160.2
33.7	207.6
33.6	229.6
33.5	173.7
33.6	163.6
33.7	204.1
33.6	179.7
33.6	178.3
33.5	161.0
33.5	124.5
33.6	104.9
33.3	104.0
33.3	85.6
33.3	64.6
32.5	38.2
32.4	55.5
32.4	94.7
32.5	86.0
32.4	236.6
32.5	155.1
32.4	217.5
32.5	192.8
32.5	196.6
32.4	177.1
32.5	200.2
32.5	192.7
32.3	148.0
32.4	97.8
32.2	108.6
31.3	66.6
31.3	80.8
31.3	106.9
31.3	108.5
31.3	127.9
31.3	125.9
31.4	144.8
31.3	145.5
31.4	187.4
31.4	143.3
31.4	215.2
31.4	212.2
31.4	173.2
31.3	226.9
31.3	187.4
31.2	195.8
31.2	154.3
31.1	146.6
31.0	107.8
30.1	75.3
30.1	58.4
30.2	66.2
30.2	89.1
30.2	166.8
30.2	170.6
30.2	188.0
30.2	270.2
30.2	220.2
30.2	247.4
30.2	232.3
30.1	236.8
30.1	202.4
30.0	222.0
30.0	169.4
29.9	221.0
29.9	170.2
29.8	185.0
29.8	158.4
29.7	135.7
29.7	153.7
29.6	123.9
29.5	61.7
29.5	59.8
29.5	77.2
29.5	115.8
29.5	145.5
29.5	152.2
29.5	176.9
29.5	190.6
29.5	220.2
29.5	267.6
29.5	207.5
29.5	239.2
29.5	252.7
29.4	250.2
29.4	264.8
29.4	222.6
29.4	216.9
29.4	208.9
29.3	174.0
29.3	140.3
29.3	128.7
29.3	168.8
29.3	134.2
29.3	108.1
29.3	49.2
29.3	37.4
29.3	74.0
29.3	64.9
29.3	123.4
29.3	40.5
29.3	122.9
29.3	156.6
29.3	127.0
29.3	50.7
29.3	78.6
29.3	137.8
29.3	174.6
29.3	175.5
29.3	183.2
29.4	221.1
29.3	312.3
29.3	279.9
29.3	274.9
29.3	286.0
29.3	189.8
29.3	224.0
29.3	295.7
29.3	311.4
29.3	245.4
29.3	295.8
29.3	263.2
29.3	295.4
29.3	207.2
29.3	201.2
29.2	183.5
29.2	132.0
29.2	115.7
29.2	54.8
29.2	66.4
29.2	91.0
29.2	89.1
29.2	144.5
29.2	154.8
29.2	140.1
29.2	220.3
29.2	224.7
29.2	226.3
29.2	240.5
29.2	187.0
29.3	73.1
29.3	134.5
29.3	372.2
29.3	336.0
29.4	244.9
29.4	216.1
29.4	151.2
29.4	123.9
29.5	154.3
29.5	139.2
29.5	254.1
29.5	205.8
29.5	195.1
29.5	44.5
29.6	311.5
29.6	297.9
29.6	374.8
29.6	360.9
29.7	277.4
29.7	333.8
29.7	354.9
29.7	326.4
29.8	337.5
29.8	334.1
29.7	210.0
29.8	153.6
29.5	71.3
29.5	114.5
29.5	128.7
29.5	174.5
29.5	161.7
29.5	198.1
29.5	177.6
29.5	220.9
29.5	191.7
29.4	218.9
29.4	267.9
29.4	344.5
29.4	338.6
29.4	377.2
29.4	289.3
29.4	309.4
29.3	213.7
29.3	249.3
29.3	199.9
29.3	179.1
29.3	122.1
29.2	80.3
29.2	82.4
29.2	136.6
29.2	185.7
29.2	173.0
29.2	221.4
29.2	213.8
29.1	203.8
29.1	290.2
29.1	290.6
29.1	326.5
29.1	299.2
29.1	344.8
29.1	290.5
29.1	337.4
29.1	353.6
29.1	290.9
29.1	217.5
29.1	213.0
29.1	241.6
29.1	127.6
29.1	89.2
29.1	115.3
29.1	241.8
29.1	273.4
29.1	303.0
29.1	293.8
29.1	107.8
29.1	85.7
29.1	149.2
29.1	187.6
29.1	185.9
29.1	124.5
29.1	141.9
29.1	103.3
35.7	67.6
36.1	155.9
36.1	122.6
35.4	176.3
35.4	111.3
36.1	193.4
36.5	160.6
35.4	139.4
36.1	177.2
35.5	266.8
35.4	313.2
36.1	281.7
35.5	195.7
35.3	213.3
35.3	212.5
35.5	154.0
35.1	142.1
35.5	112.6
35.4	121.7
35.5	99.9
35.0	62.9
35.0	69.2
35.0	50.6
35.2	50.2
35.0	55.1
35.3	313.6
35.2	274.2
35.2	343.5
35.1	373.7
35.2	325.9
34.9	359.5
35.2	385.3
35.0	354.1
34.9	402.4
34.8	372.0
34.7	305.8
35.2	295.2
34.9	367.0
34.7	197.3
35.0	109.1
35.1	128.2
35.7	187.5
35.3	242.3
35.0	279.3
35.3	328.5
34.9	384.8
35.0	360.0
34.9	419.8
35.2	366.7
34.9	309.1
34.9	341.0
34.8	273.4
34.7	294.8
34.7	319.8
34.7	286.5
34.6	247.1
34.6	201.1
34.5	182.0
34.5	114.6
34.0	49.7
33.8	72.3
33.8	99.5
33.8	149.9
33.8	148.4
33.8	224.8
33.7	211.3
33.8	297.5
33.6	338.7
33.6	313.4
33.4	302.5
33.5	296.2
33.2	356.2
33.2	262.6
33.1	383.7
33.1	357.2
33.1	374.4
33.0	325.9
32.9	312.9
32.7	294.6
32.7	284.2
32.6	144.5
32.7	141.1
31.7	68.1
31.6	110.5
31.7	104.2
31.6	154.6
31.6	164.3
31.5	209.7
31.5	185.9
31.5	262.6
31.5	295.8
31.3	326.1
31.3	371.5
31.2	381.3
31.2	293.8
31.1	355.3
31.0	300.4
30.9	378.1
30.9	287.2
30.8	326.5
30.7	267.9
30.6	253.5
30.6	212.6
30.5	156.7
30.5	98.8
29.9	92.1
29.9	105.7
29.9	137.0
29.9	154.8
29.9	187.6
29.8	212.9
29.8	205.8
29.8	257.3
29.7	289.9
29.7	195.3
29.6	269.6
29.6	287.5
29.6	275.0
29.5	327.2
29.5	397.3
29.5	351.3
29.4	293.7
29.4	147.2
29.4	247.4
29.4	195.2
29.4	162.9
29.4	153.6
29.4	60.4
29.4	69.1
29.4	34.7
29.4	81.9
29.4	158.0
29.4	139.2
29.4	126.9
29.4	118.5
29.4	174.6
29.4	61.8
29.4	132.3
29.3	182.8
29.3	204.6
29.3	184.1
29.3	161.9
29.3	120.4
36.7	90.4
36.5	53.7
36.3	121.9
36.2	265.7
36.3	170.1
35.8	188.8
36.0	178.9
36.5	153.2
36.5	195.0
35.9	174.7
35.9	121.2
36.0	74.4
36.7	79.4
36.1	64.5
35.5	84.9
35.6	112.2
35.5	152.4
35.6	145.3
35.9	137.0
35.6	225.8
35.6	240.7
35.2	361.8
35.0	423.3
35.2	405.6
35.4	467.9
35.2	354.5
35.2	300.5
35.2	402.6
35.3	396.2
34.9	370.1
34.8	323.4
34.8	289.3
34.8	253.7
34.7	214.8
34.8	191.5
34.6	140.9
34.0	102.3
33.9	124.5
33.9	172.2
33.7	176.9
33.8	184.1
33.6	197.3
33.6	253.5
33.4	316.9
33.3	286.5
33.4	305.9
33.1	217.2
33.1	354.7
32.9	360.0
32.8	335.2
32.6	317.1
32.5	231.2
32.3	208.6
32.2	297.4
32.1	226.0
32.0	188.8
31.9	177.8
31.9	128.8
30.6	83.7
30.5	102.9
30.5	105.0
30.5	144.4
30.5	148.9
30.4	267.6
30.3	271.5
30.2	260.1
30.1	307.8
30.0	255.3
29.9	350.8
29.9	339.3
29.8	357.3
29.7	280.7
29.7	293.4
29.6	320.1
29.6	328.1
29.6	295.0
29.5	256.6
29.5	271.1
29.5	223.8
29.5	168.6
29.5	124.4
29.4	87.9
29.4	52.3
29.4	163.8
29.4	166.5
29.4	190.6
29.4	225.3
29.4	175.4
29.3	280.7
29.3	301.8
29.3	344.9
29.3	374.6
29.2	346.7
29.2	309.7
29.2	295.2
29.2	276.4
29.2	282.5
29.2	253.7
29.2	253.6
29.2	243.0
29.2	197.7
29.2	150.2
29.2	103.9
29.2	98.7
29.2	116.0
29.2	169.3
29.2	165.2
29.2	251.4
29.1	286.1
29.1	297.7
29.1	369.1
29.0	336.6
29.0	306.0
29.0	398.3
28.9	310.7
28.9	371.1
28.9	341.9
28.9	273.2
28.9	233.4
28.9	288.1
28.9	244.4
28.9	209.2
28.9	197.1
28.9	109.4
28.9	93.6
29.0	75.6
29.0	159.7
29.0	186.2
29.0	249.4
28.9	222.1
28.9	276.3
28.9	285.1
28.8	353.6
28.8	380.6
28.7	364.3
28.7	413.4
28.7	414.6
28.7	384.2
28.7	442.2
28.7	358.4
28.7	382.5
28.7	307.6
28.7	278.2
28.7	273.4
28.7	225.7
28.8	154.0
28.8	46.4
28.8	76.5
28.8	98.5
28.8	131.3
28.8	175.3
28.8	187.0
28.7	260.9
28.7	237.2
28.7	217.8
28.7	150.0
28.7	139.6
28.7	125.8
28.7	148.6
28.7	149.5
28.7	108.7
28.7	98.1
28.7	118.1
28.7	89.0
28.7	116.9
28.7	149.5
28.7	70.9
28.8	21.5
28.8	57.6
28.9	37.4
28.9	29.6
28.9	119.3
28.9	29.6
29.6	44.6
29.6	96.2
29.6	101.4
29.7	89.4
29.7	83.1
29.7	68.7
29.7	166.2
29.6	207.3
29.6	174.4
29.6	155.0
29.6	180.5
29.5	276.1
29.5	218.8
29.5	195.0
29.5	282.3
29.4	274.2
29.4	294.2
29.4	278.0
29.4	211.7
29.4	163.9
29.4	156.0
29.4	103.3
29.3	79.2
29.3	102.3
29.3	119.3
29.3	136.7
29.2	202.2
29.2	193.7
29.2	253.4
29.1	337.3
29.0	359.3
29.0	327.3
28.9	307.9
28.9	417.8
28.9	442.3
28.8	434.0
28.8	329.9
28.8	318.0
28.8	402.4
28.8	335.6
28.8	283.9
28.8	242.5
28.8	187.2
28.9	135.9
28.9	100.8
28.9	185.8
28.9	205.0
28.8	200.1
28.8	313.5
28.7	314.6
28.7	309.3
28.7	320.9
28.7	349.0
28.7	333.5
28.7	404.0
28.6	225.3
28.7	280.9
28.7	269.9
28.7	242.7
28.7	211.0
28.7	164.7
28.7	130.1
28.8	52.1
28.8	134.5
28.8	170.0
28.8	236.9
28.7	322.4
28.7	383.3
28.6	382.6
28.5	417.8
28.5	485.6
28.4	509.7
28.4	588.5
28.4	490.5
28.4	662.2
28.3	512.7
28.3	579.0
28.3	530.7
28.4	365.2
28.4	363.9
28.4	396.5
28.4	318.9
28.4	238.0
28.5	199.7
28.5	157.1
28.5	130.7
28.6	384.8
28.6	128.2
28.6	165.7
28.5	211.1
28.5	329.8
28.4	285.8
28.4	444.8
28.3	495.3
28.3	521.8
28.3	547.7
28.3	527.7
28.2	591.9
28.2	594.4
28.2	642.4
28.2	521.9
28.2	456.8
28.2	363.2
28.3	414.3
28.3	334.9
28.3	257.4
28.3	250.0
28.4	196.2
28.4	123.1
28.4	130.0
28.4	138.2
28.4	207.7
28.3	295.3
28.3	307.1
28.2	376.5
28.2	452.7
28.2	390.7
28.1	548.5
28.1	501.9
28.1	560.7
28.1	453.9
28.1	536.7
28.1	514.7
28.1	418.0
28.1	443.2
28.1	405.9
28.1	359.7
28.2	333.3
28.2	238.4
28.2	235.9
28.2	182.2
28.3	72.6
28.3	95.8
28.3	151.4
28.2	186.4
28.2	342.5
28.2	301.5
28.1	304.2
28.1	330.8
28.0	291.8
28.1	282.9
28.0	356.4
28.0	341.1
28.0	420.1
28.1	379.1
28.1	366.0
28.1	358.3
28.1	352.2
28.1	294.4
28.1	266.7
28.1	199.2
28.1	179.2
28.2	112.9
28.2	85.1
28.2	139.2
28.1	145.1
28.1	223.1
28.1	252.9
28.0	281.6
28.0	348.9
28.0	388.7
28.0	414.3
28.0	301.6
28.0	208.6
28.0	212.3
28.0	213.5
28.0	116.7
35.7	73.6
35.3	121.4
35.4	113.5
35.0	159.6
35.4	86.7
35.2	95.3
35.1	86.7
34.8	89.5
34.8	93.6
34.7	140.0
34.7	197.3
34.6	210.1
34.7	117.6
34.4	157.7
34.4	87.4
34.4	84.0
34.4	142.3
34.9	99.4
35.0	126.0
34.9	156.5
34.8	157.0
34.8	202.6
34.8	209.8
34.7	271.8
34.6	294.3
34.5	304.5
34.3	353.5
34.2	338.1
34.0	374.9
33.7	404.0
33.5	354.2
33.3	314.2
33.1	345.3
32.8	264.7
32.7	258.0
32.6	155.8
32.8	80.9
32.8	77.3
32.7	98.5
32.7	130.3
32.7	186.2
32.5	210.2
32.2	322.3
32.0	378.5
31.6	477.0
31.1	574.8
30.7	660.7
30.3	313.9
30.1	417.6
29.8	456.6
29.7	494.6
29.6	456.8
29.5	374.9
29.5	337.0
29.4	250.9
29.4	194.2
29.4	115.6
29.4	128.0
29.4	103.2
29.4	179.7
29.4	210.9
29.4	279.3
29.4	331.3
29.3	312.8
29.3	283.7
29.3	354.8
29.2	518.4
29.2	521.4
29.1	587.3
29.1	567.8
29.0	526.8
29.0	504.6
28.9	553.9
28.9	573.6
28.9	534.2
28.9	423.7
28.9	359.2
28.9	278.4
28.9	226.0
28.9	160.0
29.0	84.1
29.0	150.3
29.0	229.2
28.9	276.8
28.9	377.7
28.8	380.1
28.7	426.2
28.7	332.9
28.7	435.0
28.7	544.9
28.6	584.6
28.6	557.5
28.6	384.9
28.6	192.7
28.6	251.4
28.6	384.5
28.6	371.8
28.6	378.4
28.6	297.4
28.6	226.7
28.7	197.6
28.6	285.5
28.5	262.1
28.5	399.9
28.4	537.9
28.4	601.8
28.3	495.1
28.3	473.2
28.3	396.9
28.3	409.5
28.3	590.9
28.3	526.2
28.3	444.1
28.3	339.1
28.3	343.1
28.3	303.9
28.3	283.7
28.4	202.9
28.4	117.3
28.5	65.8
28.4	153.3
28.4	215.0
28.4	251.0
28.4	324.5
28.3	370.3
28.3	418.8
28.2	466.7
28.2	601.4
28.2	415.8
28.2	460.3
28.2	365.0
28.2	586.9
28.1	488.4
28.1	286.2
28.2	191.1
28.2	188.2
28.2	158.5
28.2	202.0
28.3	118.5
28.3	125.9
28.3	207.9
28.2	271.5
28.2	333.3
28.2	168.1
28.2	142.6
28.2	233.9
28.2	253.0
28.2	208.5
28.2	103.2
28.2	105.4
28.2	199.4
28.2	355.6
28.2	375.1
28.1	391.1
28.1	358.5
28.1	291.8
28.1	238.0
28.2	199.3
28.2	136.4
28.2	124.4
28.2	106.6
28.2	139.6
28.2	255.8
28.2	258.2
28.2	285.0
28.1	461.9
28.1	398.2
28.1	474.7
28.1	412.4
28.0	553.7
28.0	533.4
28.0	526.8
28.0	520.6
28.0	533.5
28.0	495.6
28.0	463.2
28.0	359.5
28.0	304.2
28.0	384.8
28.0	352.2
28.0	245.6
28.0	235.1
28.0	136.8
28.1	86.0
28.1	139.1
28.1	249.0
28.0	262.3
28.0	383.8
28.0	427.6
28.0	481.8
27.9	471.4
27.9	493.8
27.9	497.4
27.9	620.0
27.9	555.9
27.8	528.5
27.9	553.2
27.9	531.4
27.9	457.1
27.9	475.3
27.9	475.2
27.9	300.7
27.9	198.7
27.9	222.3
27.9	190.5
28.0	174.7
27.9	190.6
27.9	263.8
27.9	301.1
27.9	375.7
27.8	452.0
27.8	507.9
27.8	586.0
27.8	577.1
27.8	518.3
27.8	552.3
27.7	543.9
27.7	629.2
27.8	518.3
27.8	438.7
27.8	412.1
27.8	343.9
27.8	293.1
27.8	226.0
27.8	269.5
27.8	193.6
35.2	160.9
35.3	253.3
35.6	65.0
35.3	142.8
35.3	115.3
35.1	109.0
35.3	235.1
35.1	252.6
35.5	220.1
35.0	270.6
35.0	263.1
34.9	244.4
34.9	275.1
34.9	85.4
34.6	120.1
34.7	216.9
34.7	239.2
34.7	291.1
34.6	329.9
34.6	269.2
34.5	405.2
34.1	478.9
34.0	472.4
33.8	545.5
33.4	586.4
33.1	601.6
32.8	511.8
32.4	435.9
32.0	449.4
31.7	465.8
31.4	361.3
31.2	286.2
31.0	320.6
30.9	244.2
30.9	182.9
30.8	197.2
31.0	43.3
31.0	63.5
31.0	206.2
31.0	216.6
30.9	199.7
30.7	230.7
30.4	225.3
30.2	249.1
29.9	328.2
29.8	301.9
29.7	395.4
29.6	295.4
29.5	224.9
29.5	294.0
29.5	297.1
29.4	313.5
29.4	221.7
29.4	300.8
29.4	184.9
29.4	199.3
29.4	139.7
29.4	47.9
29.5	71.0
29.4	367.6
29.4	396.1
29.4	349.7
29.4	208.4
29.3	348.9
29.3	292.6
29.3	204.9
29.3	189.7
29.3	155.0
29.3	122.4
29.4	76.1
29.4	122.7
29.4	203.3
29.3	272.9
29.3	163.3
29.3	219.6
29.3	299.4
29.2	486.7
29.1	481.7
29.1	346.2
29.0	328.9
29.0	513.0
28.9	434.1
28.9	301.0
28.9	343.6
28.9	282.1
28.9	196.9
28.9	282.2
29.0	228.6
29.0	175.3
29.0	60.9
29.0	75.4
29.0	147.1
29.0	200.8
29.0	221.9
28.9	237.3
28.9	246.3
28.9	243.6
28.9	231.2
28.8	226.3
28.8	197.1
28.8	260.4
28.8	270.2
28.8	321.2
28.8	268.9
28.8	250.7
28.8	232.6
28.8	205.1
28.8	166.8
28.8	125.4
28.8	75.9
28.9	82.6
28.9	81.2
28.9	94.3
28.9	148.7
28.8	137.2
28.8	132.4
28.8	166.9
28.8	179.0
28.8	253.5
28.7	362.2
28.7	239.0
28.7	222.5
28.7	291.2
28.7	340.5
28.7	263.6
28.7	229.5
28.7	233.0
28.7	194.9
28.7	203.8
28.7	132.2
28.7	140.0
28.7	137.9
28.7	132.7
28.7	86.8
28.7	88.7
28.7	69.4
28.7	54.9
28.8	73.0
28.8	97.9
28.8	115.7
28.8	181.0
28.7	186.3
28.7	186.6
28.7	186.8
28.7	205.2
28.6	261.1
28.6	295.1
28.6	313.2
28.6	296.0
28.6	271.7
28.6	263.5
28.6	214.9
28.6	217.6
28.6	212.1
28.6	175.2
28.6	172.5
28.6	104.0
28.6	83.6
28.6	83.2
28.6	93.0
28.6	112.1
28.6	149.1
28.6	192.6
28.6	204.0
28.5	259.1
28.5	234.0
28.5	310.0
28.5	306.4
28.4	293.6
28.4	335.6
28.4	325.0
28.4	340.2
28.4	324.5
28.4	348.8
28.4	293.9
28.4	231.4
28.4	198.9
28.4	180.9
28.4	157.1
28.4	106.2
28.5	26.9
28.5	93.9
28.5	138.3
28.5	173.6
28.4	229.3
28.4	272.0
28.4	297.2
28.4	342.6
28.3	374.8
28.3	483.7
28.3	410.8
28.3	399.7
28.2	333.3
28.2	363.2
28.2	310.1
28.2	215.7
28.2	174.8
28.2	135.0
28.2	134.3
28.3	65.3
28.3	96.2
28.3	118.2
28.3	98.2
28.2	157.0
28.2	133.8
28.2	171.3
28.2	166.1
28.2	149.1
28.2	198.1
28.2	230.9
28.1	255.3
28.2	244.1
28.1	358.8
28.1	291.7
28.2	241.4
28.2	141.0
28.1	120.3
28.2	98.6
28.3	55.7
28.3	163.1
28.3	162.8
28.2	157.1
28.2	182.9
28.2	238.1
28.2	267.5
28.2	290.1
28.1	388.8
28.1	317.5
28.1	329.0
28.1	352.0
28.1	344.0
28.0	331.3
28.1	303.2
28.0	297.3
28.0	217.3
28.1	207.4
28.0	155.7
28.1	153.4
28.1	110.4
28.0	62.2
28.2	4.1
28.1	95.9
28.2	123.7
28.1	164.3
28.1	226.0
28.1	242.4
28.1	249.7
28.1	278.7
28.0	285.9
28.0	284.5
28.0	341.4
28.0	322.5
28.0	253.2
28.0	427.0
28.0	287.8
28.0	344.6
27.9	279.0
28.0	252.6
28.0	207.9
28.1	19.9
28.0	48.9
28.0	110.0
28.0	156.9
28.0	213.1
28.0	164.3
28.0	300.9
28.0	279.3
27.9	376.6
27.9	335.6
27.9	324.7
27.9	268.6
27.9	244.4
27.9	252.9
27.9	119.2
27.9	164.7
27.9	142.5
27.9	110.6
27.9	40.1
27.9	82.3
27.9	105.6
27.9	136.3
27.9	146.2
27.9	161.2
27.9	84.7
27.9	52.3
27.9	192.0
27.9	87.6
27.9	30.5
33.8	61.5
33.8	102.9
33.6	96.2
33.6	105.4
33.5	93.0
33.5	126.5
33.5	138.2
33.3	201.3
33.3	209.4
33.1	142.5
32.9	163.9
32.8	211.8
32.5	87.3
32.5	100.4
32.4	133.4
31.4	63.5
31.4	91.1
31.3	120.5
31.3	93.0
31.2	130.4
31.1	90.7
30.9	221.9
30.6	224.1
30.4	156.3
30.2	340.3
29.9	271.0
29.8	247.3
29.6	337.7
29.5	350.4
29.4	259.7
29.4	319.4
29.3	220.1
29.3	239.5
29.3	166.0
29.3	164.3
29.2	93.0
29.2	86.3
29.2	61.6
29.1	115.5
29.1	166.9
29.1	241.8
29.1	257.4
29.1	283.9
29.0	354.7
29.0	342.4
28.9	319.4
28.9	390.5
28.8	373.8
28.8	356.8
28.8	381.5
28.8	340.4
28.7	259.5
28.7	243.3
28.7	222.2
28.7	163.5
28.7	137.1
28.7	118.3
28.8	175.9
28.8	135.4
28.8	159.1
28.8	195.2
28.7	201.0
28.7	227.5
28.7	300.2
28.6	297.6
28.6	250.0
28.6	285.5
28.6	319.3
28.5	320.4
28.5	471.3
28.5	378.2
28.5	269.1
28.5	217.0
28.5	266.1
28.5	245.7
28.4	212.2
28.5	138.3
28.5	24.1
28.5	47.9
28.5	62.9
28.5	159.1
28.5	203.0
28.5	219.9
28.4	280.2
28.4	296.2
28.4	287.6
28.4	204.4
28.3	323.8
28.3	364.8
28.3	446.4
28.3	380.9
28.3	345.2
28.3	289.8
28.3	273.6
28.3	269.4
28.3	216.4
28.3	186.5
28.3	154.5
34.6	105.5
34.6	166.4
34.5	270.9
34.5	360.6
34.3	379.7
34.3	356.6
34.2	370.3
34.0	315.3
34.0	293.9
34.0	175.6
33.8	101.9
33.8	144.1
33.7	121.1
33.6	101.9
33.2	91.8
33.2	118.4
33.1	161.9
33.1	199.1
33.0	209.2
32.7	264.6
32.7	358.7
32.4	348.0
32.3	341.3
32.1	359.3
31.8	329.2
31.6	341.5
31.4	277.7
31.2	186.0
31.1	93.5
31.1	116.1
30.9	33.1
30.8	43.7
30.8	67.5
30.8	89.6
30.8	79.2
30.8	63.4
30.7	66.4
30.6	109.0
30.6	169.1
30.6	146.7
30.5	197.4
30.4	116.2
30.3	149.9
30.2	113.8
29.9	47.1
29.9	111.5
29.8	178.3
29.7	204.2
29.7	184.6
29.6	225.6
29.6	140.4
29.5	108.6
29.5	75.0
29.5	135.8
35.2	71.3
35.2	131.8
35.0	115.7
35.0	72.8
35.0	141.3
35.1	137.8
35.0	99.8
34.9	89.1
34.9	84.8
34.9	114.1
34.8	136.7
35.0	40.5
35.0	68.1
35.0	77.4
34.9	117.4
35.0	199.0
35.0	166.4
35.0	212.0
34.9	166.4
34.9	149.5
34.9	245.1
34.8	189.5
34.9	117.1
34.9	139.4
35.0	187.6
34.8	139.6
34.9	126.1
34.8	137.3
34.8	73.2
34.7	75.7
34.6	91.6
34.7	108.5
34.6	138.8
34.6	171.5
34.5	167.7
34.5	204.4
34.5	260.4
34.4	237.2
34.4	273.7
34.4	263.1
34.3	240.5
34.3	226.1
34.2	267.4
34.0	208.3
34.1	192.0
33.9	203.2
34.0	141.4
33.9	101.2
33.9	106.3
33.6	55.5
33.6	82.6
33.5	85.6
33.5	100.4
33.3	123.3
33.2	124.5
33.2	135.7
33.1	155.2
33.1	184.4
32.9	206.7
32.9	135.2
32.7	111.7
32.8	112.9
32.7	95.8
32.7	89.1
32.6	81.1
32.4	74.5
32.3	113.9
32.4	168.6
32.3	120.8
32.3	130.7
32.2	206.0
32.1	220.3
31.9	235.0
31.8	169.7
31.7	202.9
31.5	163.5
31.4	179.3
31.3	211.0
31.2	203.4
31.1	231.9
30.9	168.9
30.8	175.7
30.8	135.0
30.7	124.9
30.7	85.7
30.3	155.5
30.3	184.0
30.3	150.9
30.3	185.3
30.2	273.7
30.1	206.4
30.0	241.5
29.9	293.1
29.9	294.3
29.8	360.8
29.7	209.9
29.7	216.4
29.7	194.4
29.6	163.4
29.6	187.1
29.6	107.3
29.6	102.6
35.1	112.1
35.3	104.4
35.3	29.3
35.2	100.1
35.6	105.0
35.2	131.9
35.3	88.5
35.5	63.9
35.2	78.0
35.2	143.3
35.1	204.6
35.1	233.4
35.0	201.6
35.2	159.8
35.4	117.2
35.1	84.0
35.1	45.0
35.0	86.1
35.5	109.7
35.1	114.4
35.1	254.1
35.1	314.7
35.1	371.3
35.1	362.5
35.0	250.5
35.2	275.1
34.9	265.0
35.1	270.2
34.9	258.3
35.0	235.2
35.0	173.7
35.1	200.4
35.2	156.0
35.0	126.5
35.0	99.6
35.3	57.2
34.9	85.2
34.9	117.1
34.9	174.2
35.1	160.3
34.9	188.0
35.0	181.8
34.9	225.6
35.1	116.2
35.1	285.8
34.9	253.9
34.9	348.5
34.8	250.8
34.9	266.5
34.8	186.7
34.7	263.8
34.8	133.1
34.8	223.9
34.8	186.2
34.7	150.2
34.7	104.5
34.8	50.1
34.7	77.1
34.8	152.7
34.8	233.6
34.8	260.5
34.7	237.7
34.7	304.3
34.7	302.6
34.6	350.6
34.7	378.3
34.7	314.0
34.7	248.9
34.6	276.6
34.6	331.8
34.5	331.3
34.5	329.4
34.5	248.6
34.4	193.2
34.4	145.2
34.2	73.7
34.3	152.4
34.2	202.4
34.4	178.8
34.3	258.5
34.3	250.1
34.3	298.0
34.2	371.8
34.2	442.4
34.1	433.5
34.0	339.7
34.0	406.3
33.9	368.7
33.9	380.5
33.9	295.8
33.8	301.8
33.8	203.0
33.7	235.6
33.7	159.1
33.4	92.0
33.5	114.2
33.5	110.5
33.4	107.9
33.5	108.0
33.4	131.6
33.4	165.9
33.4	141.7
33.3	150.3
33.3	133.1
33.2	120.8
33.2	108.3
33.2	98.2
33.2	92.4
33.2	73.9
33.2	79.8
33.2	85.3
33.1	76.7
35.7	64.8
35.4	101.8
35.5	69.9
35.5	117.1
35.7	138.1
36.4	70.7
36.1	84.8
36.7	88.4
36.3	145.0
36.0	101.3
36.1	63.4
35.9	78.8
36.1	34.5
36.1	70.2
35.8	59.0
35.9	73.3
36.1	95.0
36.7	119.3
36.0	131.9
35.9	63.0
36.4	139.7
36.0	173.6
36.0	202.4
36.4	220.2
35.1	144.0
35.9	154.5
35.7	121.7
35.6	140.4
36.0	180.7
35.8	153.0
35.9	135.2
35.8	92.8
35.2	92.6
35.6	140.3
35.5	158.8
35.7	144.8
35.9	119.8
36.1	252.7
35.6	154.4
35.7	236.5
35.6	170.4
35.2	214.8
35.8	192.3
35.4	217.3
35.4	141.1
36.3	173.7
35.3	139.0
35.3	92.8
35.5	86.0
35.5	85.9
35.3	96.5
35.2	136.2
35.3	203.3
35.5	188.5
35.1	193.7
35.3	191.4
35.6	231.5
35.2	214.9
35.1	174.2
35.1	215.0
35.2	203.1
35.4	165.8
35.3	144.2
35.6	109.2
35.1	70.9
35.1	64.4
35.2	93.9
35.0	129.7
35.1	141.7
35.0	159.2
35.0	118.2
35.1	108.3
35.0	164.4
35.0	139.9
34.9	236.5
35.0	181.0
35.0	198.5
35.7	47.5
36.5	174.8
37.4	255.7
36.5	306.7
36.2	356.9
36.4	299.8
36.6	284.7
37.2	292.3
36.6	291.6
36.9	346.0
36.5	334.2
36.5	266.6
36.0	279.9
36.3	244.3
36.5	220.1
36.7	189.1
36.6	191.5
36.0	219.2
35.5	200.9
35.6	77.2
36.0	109.7
36.1	123.1
35.7	114.0
35.9	103.8
35.7	88.7
35.9	80.0
35.9	150.6
35.3	115.8
35.4	117.2
35.5	98.8
35.7	115.3
35.8	77.5
36.2	110.7
35.5	82.0
35.3	69.6
35.5	98.4
35.2	107.7
35.2	95.2
35.1	118.1
35.5	139.7
35.6	148.0
35.3	180.0
35.3	173.7
35.6	209.3
35.2	179.2
35.6	190.0
35.4	151.2
35.3	106.7
35.5	121.4
35.4	109.4
35.4	88.9
35.5	79.4
35.3	127.2
35.2	139.0
35.4	107.6
35.3	122.5
35.1	97.9
35.1	123.4
35.2	172.3
35.1	143.3
35.1	166.6
35.3	180.7
35.1	188.8
35.1	163.9
35.1	138.4
35.1	150.7
35.2	125.5
35.1	108.9
36.2	54.5
36.2	83.4
35.9	66.9
35.5	55.8
36.2	70.0
35.6	96.9
35.8	95.5
35.8	67.5
35.5	75.5
36.2	79.8
35.8	62.7
35.5	91.8
36.2	136.3
35.7	204.5
36.2	200.4
36.2	209.2
36.1	199.3
36.4	201.4
36.7	155.7
36.0	144.9
35.6	111.4
36.7	95.8
35.8	78.4
36.2	72.8
35.6	69.8
35.5	160.1
36.0	163.3
36.5	163.3
35.7	153.6
35.7	144.7
35.6	179.5
35.8	217.8
35.8	221.6
35.8	207.9
35.5	193.0
35.7	180.5
35.2	144.9
35.9	146.5
36.2	128.7
35.2	24.2
35.2	57.4
35.3	101.4
35.4	103.0
35.7	85.0
35.2	113.9
35.5	132.2
35.2	109.4
35.2	149.0
35.4	121.4
35.6	162.7
35.2	175.8
35.2	188.0
35.3	148.0
35.2	151.9
35.4	103.6
35.4	110.1
35.4	82.8
35.8	53.9
35.3	56.3
35.2	66.2
35.3	69.4
35.3	65.5
35.2	57.8
35.2	72.7
35.3	77.5
35.1	77.7
35.4	87.0
35.1	115.8
35.1	124.0
35.2	116.8
35.4	86.9
35.5	109.9
35.1	77.8
35.1	68.9
35.1	54.4
35.3	50.2
35.1	77.5
35.1	87.0
35.1	76.2
35.1	83.8
35.2	84.6
35.1	77.9
35.1	74.2
35.1	78.8
35.6	93.8
35.1	98.4
35.2	88.0
35.1	77.1
35.2	65.2
35.1	41.1
35.1	38.9
35.0	99.6
35.1	102.2
35.0	113.0
35.1	86.1
35.0	94.1
35.0	92.1
35.0	100.7
35.1	90.3
35.0	92.3
35.1	102.9
35.0	90.6
35.1	101.7
35.1	58.5
35.1	71.9
35.1	86.4
35.1	94.5
35.1	96.3
35.1	120.5
35.1	124.6
35.1	134.2
35.1	77.5
35.0	100.5
35.0	86.5
35.0	94.1
35.0	54.5
35.0	57.6
35.0	74.7
35.1	80.7
35.1	58.8
35.0	79.0
35.0	91.3
35.0	97.8
35.0	63.8
35.0	112.2
35.0	104.3
35.0	109.2
35.0	147.9
35.0	97.0
34.9	144.6
35.0	112.3
34.9	91.3
35.0	101.4
34.9	80.6
34.9	69.2
34.9	62.7
35.2	37.8
35.0	50.0
35.1	61.7
35.0	57.1
35.0	98.8
35.0	75.0
35.0	111.8
34.9	106.4
35.0	208.8
36.2	15.7
36.5	69.8
36.7	86.0
37.4	91.9
36.7	148.2
37.0	149.2
36.2	168.4
36.8	169.2
36.1	148.5
36.6	144.7
36.2	144.1
36.9	131.7
36.7	146.3
36.2	132.1
36.4	113.5
37.2	79.8
36.5	70.8
37.0	54.3
36.9	102.6
36.5	98.6
36.4	103.7
36.8	74.4
35.9	58.8
37.3	76.1
36.7	65.0
36.3	62.5
35.8	34.7
36.5	57.1
36.4	75.0
36.0	91.6
35.5	71.1
36.1	64.4
36.0	92.0
36.4	91.2
35.7	82.6
35.9	88.7
36.2	100.2
36.4	56.5
35.6	86.9
36.6	62.1
36.0	70.3
35.9	55.9
35.5	60.2
35.9	89.1
36.0	88.5
35.9	83.9
36.3	73.4
35.8	72.2
35.8	77.9
35.8	101.6
36.1	116.6
36.1	102.1
35.8	104.1
35.7	108.6
35.8	96.4
35.9	82.2
35.7	64.3
35.9	80.0
35.7	77.5
35.6	53.7
35.2	70.4
35.4	85.4
35.6	66.8
35.7	62.5
35.4	58.0
35.1	65.9
35.2	66.7
35.3	65.4
35.7	74.1
35.5	71.1
35.2	107.1
35.7	115.1
35.2	86.0
35.4	73.6
35.5	72.3
35.1	60.3
35.7	41.9
35.1	33.7
35.2	62.9
35.4	93.4
35.3	76.0
35.3	57.4
35.1	75.3
35.2	65.7
35.4	95.1
35.4	97.5
35.3	107.2
35.1	114.1
35.2	100.9
35.2	99.1
35.2	80.1
35.1	108.1
35.1	70.9
35.4	65.4
35.1	26.4
35.1	82.6
35.1	61.0
35.1	48.6
35.2	39.2
35.1	35.6
35.1	44.0
35.1	72.9
35.1	52.1
35.1	84.6
35.2	86.5
35.0	64.7
35.2	61.9
35.1	69.3
35.1	49.9
35.1	55.1
35.2	43.5
35.1	38.0
35.0	29.4
35.0	39.7
35.1	35.0
35.0	35.4
35.1	47.5
35.0	44.7
35.0	41.7
35.0	44.7
35.0	47.4
35.0	41.7
35.2	35.8
36.3	63.5
36.9	102.5
36.2	111.7
36.9	109.2
36.5	59.3
36.1	99.8
35.9	73.7
36.4	78.3
35.9	77.7
36.1	68.5
36.9	68.7
35.8	38.3
35.7	38.9
35.9	40.9
36.1	58.7
35.9	55.0
35.8	63.8
36.2	71.0
35.8	75.4
35.9	87.8
36.0	82.5
36.1	83.7
35.5	78.3
36.3	79.7
36.0	83.5
35.4	75.7
35.9	63.2
35.3	29.5
35.3	33.4
35.2	43.8
35.3	47.2
35.3	57.1
35.6	51.7
35.5	63.5
35.4	82.5
35.5	85.1
35.3	79.3
35.9	77.3
35.6	65.5
35.3	64.3
35.2	64.6
35.2	55.5
35.4	52.9
35.3	27.6
35.2	55.7
35.3	55.0
35.2	66.2
35.2	68.6
35.2	34.1
35.4	27.2
35.2	35.6
35.2	42.9
35.2	32.3
35.4	40.5
35.2	46.0
35.2	36.9
35.2	43.8
35.3	44.4
35.6	41.1
36.2	88.5
36.1	88.6
36.1	109.4
36.2	87.1
35.8	77.5
36.1	85.3
36.3	84.6
36.8	80.0
36.2	52.6
36.6	61.0
35.9	52.9
36.4	53.6
35.9	31.6
36.2	27.6
35.3	26.6
37.0	38.2
36.5	27.0
36.0	40.5
36.1	21.1
36.5	58.9
35.5	69.5
36.3	48.5
35.6	43.1
35.6	61.4
35.9	54.5
35.5	50.2
35.9	44.2
35.8	46.6
36.3	52.9
35.9	43.6
35.7	55.6
35.6	69.6
35.7	58.8
35.4	58.0
35.6	44.6
35.4	37.9
35.9	34.5
35.4	27.9
35.3	36.2
36.0	44.4
35.5	26.6
36.0	17.7
35.5	34.9
35.8	28.2
35.6	38.1
36.1	24.6
35.5	24.4
36.3	124.2
36.0	97.3
36.3	111.9
35.7	100.0
36.2	109.3
35.8	131.2
36.7	82.5
36.5	91.9
35.7	77.7
36.0	62.9
35.7	38.0
35.8	37.1
35.7	54.1
36.0	44.6
35.5	50.1
35.6	42.2
35.5	52.8
35.7	47.7
35.7	51.0
35.7	49.7
36.1	40.5
35.7	63.8
35.9	48.3
35.6	43.7
35.7	50.4
35.5	54.6
35.7	54.7
35.4	36.4
35.3	45.3
35.4	33.4
35.5	26.9
35.4	46.6
35.3	67.5
35.4	70.1
35.4	74.0
35.2	79.2
35.2	62.1
35.4	63.5
35.5	67.8
35.5	80.4
35.3	68.0
35.6	65.2
35.4	47.2
35.2	46.1
35.7	118.2
36.0	135.1
37.2	173.8
35.7	173.0
35.8	155.6
35.9	146.0
35.9	143.2
36.0	129.1
35.9	159.9
35.8	140.9
36.1	149.6
36.3	130.4
36.0	125.8
36.2	122.9
35.8	55.7
35.8	84.7
35.8	76.6
36.1	82.9
35.7	64.3
35.5	83.2
36.0	101.8
35.6	85.7
35.8	103.0
36.0	87.7
35.6	90.8
35.7	82.4
35.8	69.1
35.8	52.3
35.5	50.1
35.3	50.3
35.8	56.8
35.6	47.2
35.6	53.7
35.2	61.3
35.5	54.8
35.8	48.2
35.6	62.2
35.8	71.0
35.6	54.4
35.5	53.1
35.5	35.9
35.3	52.7
35.5	45.5
35.3	45.9
35.4	55.7
35.4	70.0
35.2	68.4
35.6	77.1
35.5	78.8
35.5	77.2
35.5	70.7
35.7	65.8
35.6	66.3
35.5	57.6
35.8	54.8
35.3	46.7
35.3	97.5
35.3	60.5
35.5	64.7
35.3	47.3
35.3	48.4
35.3	51.7
35.3	45.5
35.3	38.9
35.2	48.6
35.3	53.6
35.2	50.5
35.3	57.1
35.5	48.9
36.8	42.7
36.7	62.2
36.6	81.3
37.1	49.7
36.9	50.9
36.5	45.2
36.5	47.0
36.5	40.1
34.2	38.5
33.9	40.7
34.0	34.1
34.2	28.3
34.3	27.5
34.5	21.9
35.0	26.6
34.9	33.9
35.0	31.6
35.0	27.6
35.0	27.8
35.1	27.7
35.1	37.0
35.1	43.8
35.0	43.3
35.0	30.6
35.0	38.7
35.0	34.6
35.0	26.9
34.9	34.0
35.0	28.4
35.0	22.2
35.0	21.8
34.9	21.6
35.2	35.4
35.3	69.1
35.1	70.5
35.2	92.7
35.2	74.7
35.2	74.2
35.2	52.3
35.2	63.5
35.3	33.9
35.4	42.1
35.2	60.4
35.4	79.8
35.2	68.3
35.1	75.7
35.3	66.6
35.2	79.1
35.2	68.9
35.4	61.5
35.3	68.1
35.3	40.9
35.1	52.5
35.1	46.3
35.1	42.5
35.1	57.1
35.1	62.0
35.1	82.4
35.1	93.2
35.1	80.4
35.1	62.7
35.1	78.5
35.0	69.6
35.1	56.8
35.1	41.8
35.0	44.5
35.2	46.1
35.1	32.7
36.4	76.2
35.9	69.9
35.6	79.3
35.8	76.8
36.1	61.2
36.2	58.2
36.3	58.8
36.3	52.6
35.6	29.3
35.3	37.7
35.4	53.2
35.4	63.2
35.9	82.1
35.4	86.5
35.7	58.6
35.7	34.7
35.6	52.7
35.4	58.2
35.9	50.5
35.6	35.4
35.2	24.2
35.4	60.0
35.4	42.2
35.4	63.8
35.3	47.4
35.4	31.6
35.3	40.9
35.4	58.8
35.5	75.1
35.5	78.0
35.5	61.7
35.1	32.9
35.1	39.0
35.0	25.8
35.0	41.1
35.0	30.1
34.9	31.2
34.9	23.0
34.9	18.5
34.9	19.4
35.0	39.9
35.0	60.5
34.9	43.8
34.9	51.0
34.9	38.1
34.9	35.4
34.8	33.1
34.8	32.6
34.8	28.8
35.0	66.2
34.9	68.5
35.0	83.9
34.9	108.5
34.9	109.2
34.9	79.8
34.9	78.7
34.8	73.0
34.8	51.4
34.8	50.0
34.8	40.8
33.8	49.4
33.7	61.1
33.8	69.5
33.8	55.8
33.8	52.1
33.8	42.1
33.9	33.3
33.9	32.6
33.9	22.4
33.9	26.0
33.9	36.8
34.0	33.7
34.5	46.9
34.5	52.2
34.5	40.7
34.4	53.4
34.3	44.8
34.3	30.8
34.3	33.0
34.3	43.7
34.2	40.2
34.3	33.2
34.3	42.5
34.3	44.8
34.3	51.3
34.2	50.6
34.1	37.3
34.1	32.7
34.0	34.3
33.9	32.1
33.9	31.8
33.9	22.0
34.0	33.0
34.0	21.1
34.4	42.3
34.3	31.5
34.3	35.1
34.1	36.0
34.0	27.9
34.0	30.6
33.9	35.8
33.9	34.8
33.9	27.3
34.0	23.5
33.9	17.6
33.9	24.2
34.2	28.1
34.2	43.5
34.1	49.3
33.9	35.5
33.9	47.2
33.8	34.1
33.7	29.9
33.8	37.7
33.7	25.2
33.7	31.8
33.7	29.1
33.6	23.7
33.9	17.9
34.0	14.6
33.9	16.9
33.8	9.1
33.8	15.1
33.8	9.0
33.7	7.7
33.7	10.2
33.7	11.2
33.6	6.7
33.9	30.9
33.8	35.4
33.8	14.5
33.8	27.4
33.7	18.4
33.7	11.6
33.6	8.5
33.7	13.8
33.7	10.7
33.7	16.6
33.7	20.1
33.7	24.9
33.6	15.3
33.7	9.0
33.7	12.8
35.5	107.8
36.0	91.0
35.5	27.8
35.7	61.5
36.0	54.3
35.4	97.9
35.6	84.0
35.4	74.9
35.6	74.1
35.7	89.4
35.3	72.1
35.9	82.7
35.7	67.4
35.4	87.4
35.2	80.6
35.3	107.1
35.3	94.0
35.4	90.2
35.2	22.2
35.3	46.9
35.2	18.9
35.4	56.4
35.3	82.3
35.5	64.4
35.2	61.2
35.2	39.8
35.2	43.0
35.3	58.2
35.3	75.7
35.2	90.6
35.2	108.4
35.2	83.7
35.3	119.5
35.2	87.0
35.2	72.3
35.2	58.1
35.1	44.6
35.1	41.3
35.1	54.0
35.1	56.3
35.1	68.2
35.1	66.7
35.1	71.6
35.1	86.6
35.1	72.9
35.1	66.6
35.0	12.9
35.0	15.7
35.0	11.1
35.0	16.8
35.0	21.0
35.0	16.1
36.0	89.6
35.3	12.3
35.5	37.8
35.6	24.3
35.5	30.6
35.5	50.4
35.5	66.5
35.8	65.6
35.6	102.9
35.8	69.5
35.3	41.6
35.2	43.9
35.2	54.7
35.2	77.9
35.2	78.8
35.4	109.2
35.2	79.9
35.2	35.5
35.2	46.5
35.2	47.1
35.2	58.8
35.2	89.5
35.1	82.4
35.1	84.1
35.2	94.1
35.2	99.2
35.2	71.4
35.2	48.7
35.3	32.9
35.2	33.3
35.4	38.2
35.1	52.1
35.2	98.7
35.3	38.5
35.1	48.6
35.1	39.7
35.4	89.6
35.2	103.8
35.8	109.6
35.6	87.9
35.2	17.6
35.2	24.5
35.2	52.0
35.2	46.2
35.2	75.4
35.2	84.8
35.2	84.7
35.2	58.7
35.2	74.0
35.2	82.1
35.2	81.7
35.2	61.1
35.2	26.7
35.2	33.3
35.2	44.3
35.2	61.4
35.2	67.7
35.2	81.9
35.2	72.1
35.1	116.8
35.1	105.6
35.1	128.9
35.1	119.4
35.1	103.2
35.2	48.0
35.2	63.9
35.2	75.3
35.2	67.9
35.2	69.9
35.2	68.5
35.5	22.4
35.8	71.1
35.4	64.1
35.8	93.5
35.7	81.5
35.6	70.0
35.2	12.9
35.2	7.8
35.2	33.7
35.3	35.3
35.2	27.0
35.2	45.3
35.4	41.8
35.6	48.0
35.5	51.6
35.4	66.5
35.3	72.9
35.4	72.8
35.6	75.1
35.6	89.8
35.4	97.3
35.2	78.2
35.2	78.5
35.1	84.3
35.1	98.0
35.1	102.8
35.1	114.0
35.1	127.1
35.1	124.8
35.1	129.0
35.1	116.7
35.1	123.5
35.1	112.4
29.8	50.4
29.8	48.6
29.9	36.2
29.7	25.4
29.7	32.4
29.7	31.0
29.8	31.4
29.8	36.0
29.8	36.8
35.2	42.3
35.2	47.9
35.3	41.6
35.4	51.2
29.9	32.5
29.8	42.6
29.8	50.3
29.9	62.1
29.9	50.3
29.9	41.0
29.6	39.7
29.6	46.0
29.6	46.4
29.6	46.9
29.6	58.8
29.6	49.8
29.6	47.9
38.1	27.1
33.5	28.2
31.9	34.9
31.1	36.1
30.7	39.6
30.4	35.1
30.3	34.6
30.3	35.5
30.2	35.6
40.6	20.2
40.6	25.2
40.6	27.9
40.6	30.5
40.6	35.4
40.6	32.2
36.6	35.5
32.4	35.7
31.3	32.8
30.8	30.2
29.5	2.9
29.4	0.3
29.5	3.8
29.5	1.0
29.4	4.8
29.5	5.5
29.5	10.0
29.5	9.3
29.5	6.3
29.5	2.4
29.5	3.7
29.5	6.6
29.5	7.0
29.5	10.7
29.6	11.1
29.6	14.1
29.6	12.8
29.6	11.6
29.6	13.7
29.7	30.7
29.7	39.1
29.7	45.1
29.7	43.0
29.7	61.0
29.7	96.3
29.7	95.3
29.7	107.1
29.7	121.7
29.7	119.4
29.7	113.1
29.7	124.9
29.7	122.9
29.7	117.7
29.7	88.9
29.7	78.0
29.6	21.4
29.6	42.7
29.6	38.9
29.6	39.6
29.6	38.7
29.7	48.6
29.7	58.8
29.7	64.0
29.7	47.5
29.7	43.6
29.7	37.7
29.7	30.4
29.6	53.2
29.6	50.7
29.6	41.4
29.4	44.0
29.4	56.6
29.4	60.4
29.4	76.8
29.5	83.1
29.5	93.6
29.5	89.8
29.5	86.8
29.5	107.0
29.5	109.6
29.5	107.0
29.5	116.4
29.5	81.6
29.4	38.5
29.5	68.2
29.5	84.8
29.5	77.3
29.5	92.8
29.5	89.0
29.5	144.6
29.5	148.8
29.5	136.3
29.5	147.8
29.5	113.3
29.6	99.5
29.6	116.7
29.6	106.1
29.6	91.4
29.4	39.2
29.4	67.5
29.4	59.3
29.4	57.2
29.4	57.8
29.4	67.0
29.4	78.8
29.4	77.8
29.4	63.5
29.4	60.6
29.4	68.6
29.5	68.8
29.5	69.0
29.5	61.6
29.4	32.5
29.4	40.3
29.4	46.0
29.4	49.2
29.4	66.3
29.4	57.5
29.5	72.7
29.5	63.3
29.5	48.2
29.5	57.6
29.5	46.0
29.5	37.2
29.4	31.9
29.3	33.3
29.3	48.8
29.4	61.5
29.4	58.3
29.4	67.5
29.4	78.2
29.4	87.2
29.4	115.5
29.4	103.3
29.5	96.7
29.5	105.6
29.5	105.0
29.5	114.9
29.5	78.7
29.5	67.3
29.5	43.3
29.8	29.1
29.8	28.2
29.8	31.8
29.8	45.0
29.8	53.0
29.8	48.4
29.8	58.5
29.9	72.8
29.9	53.9
29.9	54.0
29.9	76.5
29.9	97.7
29.9	79.7
30.0	56.9
30.4	35.9
36.8	17.6
36.8	27.3
37.4	28.6
36.4	63.8
36.3	123.3
36.5	137.6
36.5	151.3
36.5	188.9
36.2	183.9
36.4	204.2
36.0	227.7
36.3	260.0
36.2	183.2
37.2	182.9
35.9	196.6
36.2	138.1
36.4	129.4
36.9	106.4
35.2	20.3
35.5	11.5
35.6	9.1
36.5	43.5
36.6	72.5
36.0	77.3
37.0	108.1
35.9	149.5
35.9	186.8
36.3	165.1
36.4	166.9
35.6	172.7
35.6	161.7
35.6	171.2
35.7	162.9
36.3	132.6
36.1	98.0
36.6	44.6
37.0	76.5
36.5	119.3
36.0	138.7
36.1	129.9
36.4	138.4
35.6	136.9
36.0	188.0
35.6	222.8
36.5	154.9
35.9	164.4
36.0	166.0
36.0	125.4
35.7	127.7
35.6	79.0
36.3	59.5
36.6	12.6
35.8	40.0
36.1	38.4
36.1	64.7
36.0	81.7
36.1	115.2
35.7	96.5
35.4	160.8
35.4	149.5
35.9	159.2
35.6	201.8
35.5	208.4
35.5	158.7
35.7	148.6
35.3	133.6
35.4	124.9
35.6	112.9
35.4	91.5
35.2	10.3
35.5	29.4
35.2	75.6
35.6	51.1
35.2	38.0
35.1	34.5
35.2	38.5
35.2	68.3
35.1	124.0
35.3	84.7
35.2	91.1
35.5	120.8
35.2	157.0
35.2	160.3
35.2	197.0
35.2	199.0
35.1	176.1
35.2	209.8
35.1	219.0
35.1	226.7
35.1	152.4
35.1	154.8
35.1	111.9
35.1	133.1
35.1	114.3
35.1	82.7
34.8	26.1
34.8	51.4
34.8	77.5
34.9	66.9
34.9	62.7
34.9	92.4
35.0	78.8
35.0	91.8
35.0	102.0
35.0	112.4
35.0	105.1
35.1	117.9
35.1	131.0
35.1	86.1
35.1	85.1
35.1	77.0
34.5	46.5
34.4	55.5
34.4	70.1
34.5	91.9
34.4	102.6
34.5	107.5
34.5	108.6
34.5	118.1
34.6	158.8
34.5	148.3
34.5	154.1
34.6	119.3
34.7	114.3
34.8	191.6
34.8	165.7
34.8	138.7
34.9	97.5
34.5	26.6
34.4	44.1
34.4	47.8
34.4	88.3
34.5	99.6
34.5	89.5
34.5	137.2
34.4	177.9
34.2	170.4
34.2	172.2
34.3	163.6
34.5	198.5
34.5	162.0
34.5	215.6
34.6	194.7
34.5	137.7
34.6	110.4
34.7	86.1
35.9	38.3
35.9	56.9
35.8	87.9
35.5	100.6
35.3	182.4
35.6	182.8
35.5	230.8
35.4	221.3
35.6	241.4
35.4	258.6
35.1	251.7
35.1	230.9
35.4	250.1
35.1	259.7
35.1	228.2
35.0	205.3
35.0	164.1
35.1	42.6
35.1	50.8
35.1	63.1
35.1	74.7
35.0	103.9
35.0	138.5
34.9	151.2
34.9	162.6
34.8	202.7
34.9	179.4
34.8	194.0
34.9	181.5
34.9	193.9
34.9	167.8
34.9	168.4
34.8	117.6
34.8	100.6
34.8	64.7
35.6	144.0
36.0	93.5
35.8	86.9
36.2	114.7
36.0	99.3
36.2	67.0
35.9	42.0
35.2	86.0
35.5	149.7
35.3	199.5
35.2	178.1
35.3	194.0
35.5	271.9
35.3	275.5
35.3	272.6
35.2	287.9
35.0	315.2
35.2	292.3
35.0	302.2
35.0	292.6
34.9	226.5
35.2	230.2
35.0	203.7
35.0	174.1
35.0	122.0
36.0	99.1
35.6	10.0
35.8	38.1
36.0	40.9
35.8	39.8
35.5	67.8
35.4	37.8
35.2	77.2
35.4	123.7
35.6	136.8
35.3	157.2
35.4	186.1
35.2	204.4
35.1	237.9
35.1	270.2
35.0	350.4
35.2	294.9
35.0	292.7
35.1	241.6
34.9	217.3
34.8	197.0
34.9	147.9
34.9	130.3
34.8	65.4
34.8	62.6
34.7	99.0
34.7	138.3
34.7	150.7
34.6	195.5
34.5	208.0
34.5	191.4
34.5	161.3
34.5	234.5
34.4	254.3
34.4	213.7
34.2	219.3
34.2	201.9
34.2	172.5
34.1	162.7
33.9	140.4
34.1	107.8
34.3	36.5
34.3	45.9
34.3	63.6
34.2	100.5
34.2	127.5
34.0	144.8
34.2	170.4
34.0	133.2
34.0	127.8
33.8	129.8
33.7	113.9
33.8	132.3
33.5	120.0
33.6	87.8
35.1	73.2
35.1	99.1
35.1	102.0
35.1	92.4
35.0	128.1
35.0	116.6
35.0	114.8
35.0	90.2
35.0	112.8
34.9	109.9
35.0	129.7
35.0	141.2
35.0	130.1
34.9	119.1
35.0	138.9
34.9	110.7
34.9	139.1
34.9	84.5
34.8	45.2
34.8	75.8
34.8	114.1
34.7	144.1
34.6	96.4
34.6	111.5
34.6	112.5
34.5	108.9
34.4	124.4
34.5	108.4
34.4	98.9
34.4	87.5
34.4	63.1
34.3	46.1
34.2	124.3
34.2	102.8
34.1	102.7
34.1	97.6
34.0	94.2
33.9	70.6
33.7	64.9
33.7	74.3
33.7	84.4
33.6	60.3
33.6	55.4
33.5	56.9
33.4	94.5
33.4	22.8
33.4	145.2
33.5	101.2
35.8	122.3
35.5	148.5
36.0	182.9
35.7	137.4
35.8	157.6
35.5	130.0
35.5	188.3
35.7	58.6
35.6	89.3
35.6	111.6
35.2	151.1
35.3	119.1
35.3	135.4
35.3	121.0
35.4	176.7
35.5	190.3
35.2	160.4
35.1	136.1
35.1	143.9
35.5	168.0
35.5	122.8
35.6	120.6
35.4	37.5
35.5	47.9
36.2	58.5
35.7	69.9
35.5	121.3
35.9	145.6
35.6	114.4
35.6	103.0
35.5	139.8
35.2	189.9
35.7	183.9
35.5	179.0
35.0	61.3
35.0	76.5
35.0	79.4
35.0	89.4
34.9	84.6
34.9	81.1
34.9	99.2
34.9	88.9
34.9	81.4
35.0	96.8
34.9	80.8
33.5	37.8
33.5	61.6
33.5	54.0
33.5	64.0
33.6	64.7
33.7	79.1
33.6	107.4
33.4	115.4
33.4	127.2
33.5	139.8
33.6	145.2
33.6	136.2
33.7	124.9
33.7	138.6
33.7	124.7
33.7	114.1
33.8	120.8
33.7	107.7
33.7	84.7
32.2	39.8
32.0	50.1
32.0	53.2
32.1	60.8
32.2	69.0
32.3	64.4
32.4	72.4
32.6	80.6
32.6	86.1
32.5	83.7
32.6	95.7
32.7	95.4
32.9	131.0
33.1	106.5
33.2	82.8
33.3	79.3
33.4	86.0
33.5	85.0
33.5	68.1
30.9	35.9
30.8	46.4
30.8	42.6
30.9	43.5
31.0	49.0
31.1	54.4
31.2	47.8
31.4	46.5
31.5	45.0
31.7	53.8
31.8	40.8
32.1	50.4
32.2	51.9
32.2	49.4
32.4	49.5
33.0	21.5
33.1	20.5
33.0	24.9
33.0	35.3
32.8	35.4
32.7	48.8
32.5	55.7
32.4	83.2
32.4	62.6
32.4	80.4
32.5	55.4
32.5	56.6
32.6	45.2
32.7	38.6
32.8	30.9
32.9	32.9
32.7	37.4
32.6	67.3
32.5	46.0
32.5	57.1
32.5	59.7
32.4	65.4
32.4	71.7
32.3	64.7
32.3	65.5
32.2	46.3
32.2	53.7
32.2	42.1
32.2	68.9
32.2	57.9
32.1	47.1
31.9	38.9
31.8	39.8
31.7	68.7
31.6	65.5
31.4	73.4
31.4	85.4
31.4	112.0
31.4	102.0
31.5	101.0
31.5	110.6
31.5	82.2
31.6	65.9
31.6	86.1
31.7	74.1
31.6	66.7
31.7	64.5
31.7	47.4
31.7	39.2
35.8	40.2
35.4	60.8
35.6	74.5
35.5	100.9
35.9	80.1
35.9	144.7
36.3	89.2
35.4	88.5
35.7	94.7
35.2	43.7
35.2	57.8
35.2	82.9
35.1	85.6
35.1	142.7
35.1	219.9
35.1	296.9
35.1	282.8
35.1	347.7
35.1	325.0
35.1	249.9
35.1	301.4
35.1	278.2
35.1	221.7
35.1	229.9
35.1	194.7
35.1	144.5
35.0	146.4
35.1	161.7
35.1	50.4
35.1	55.3
35.1	96.9
35.1	110.1
35.1	173.4
35.0	245.8
35.0	296.2
35.0	203.4
35.0	174.6
35.0	187.6
34.9	156.4
34.9	198.4
34.8	146.0
34.9	131.8
34.8	101.5
34.8	99.3
34.8	47.8
34.7	66.4
34.6	64.5
34.4	109.0
34.4	112.4
34.2	138.9
34.1	155.3
34.0	213.9
34.0	186.8
34.1	202.5
34.0	187.0
34.1	143.8
34.0	189.8
34.0	145.9
33.9	134.1
33.8	123.4
33.9	99.8
33.8	110.6
33.8	93.1
34.0	42.6
33.9	77.7
33.6	94.0
33.6	104.2
33.5	112.7
33.4	128.3
33.2	104.4
33.2	108.2
33.2	125.5
33.1	110.2
33.0	90.5
32.9	148.6
32.8	147.6
32.7	136.7
32.7	115.9
32.6	103.1
32.6	88.1
32.5	88.9
32.4	70.2
32.4	67.5
32.9	31.4
32.7	25.5
32.6	76.1
32.4	66.2
32.3	93.3
32.2	127.8
32.3	117.7
32.2	86.6
32.2	132.9
32.1	85.6
32.1	102.3
32.0	56.6
32.0	128.5
31.9	80.6
31.8	92.7
31.7	88.7
31.7	75.3
31.6	78.3
31.5	62.3
31.4	56.9
31.7	42.1
31.6	38.1
31.6	57.7
31.5	59.9
31.5	57.0
31.4	88.1
31.4	66.8
31.4	65.1
31.4	59.7
31.4	43.1
31.2	66.9
31.2	45.8
31.1	36.7
31.1	36.1
31.5	39.6
31.4	54.4
31.4	37.5
31.3	40.1
31.4	47.7
31.3	90.4
31.3	45.2
31.2	87.7
31.2	69.2
31.1	75.8
31.0	79.6
31.0	117.2
30.9	85.0
30.8	90.9
30.7	68.6
30.6	89.0
30.6	66.1
30.5	50.4
30.4	43.9
30.8	17.0
30.7	30.5
30.7	49.1
30.6	71.7
30.6	74.8
30.6	89.4
30.5	66.1
30.5	64.0
30.5	100.8
30.5	78.6
30.5	80.6
30.4	97.9
30.4	92.5
30.3	81.0
30.2	71.4
30.1	82.3
30.1	63.3
30.1	49.8
30.0	60.7
30.0	52.6
30.0	41.2
30.3	20.4
30.3	57.5
30.2	58.8
30.2	64.9
30.1	72.5
30.1	97.9
30.1	104.7
30.1	98.1
30.1	110.5
30.0	125.4
30.0	109.0
29.9	130.1
29.9	105.5
29.8	105.7
29.8	103.3
29.8	106.9
29.8	116.3
29.8	98.6
29.8	66.9
29.8	59.0
29.8	58.5
29.9	39.6
29.9	56.4
29.8	60.9
29.8	70.0
29.8	78.0
29.8	94.3
29.7	106.0
29.7	110.1
29.7	113.4
29.7	115.8
29.6	113.6
29.6	149.4
29.6	104.3
29.6	96.7
29.6	106.0
29.6	108.3
29.6	91.8
29.6	103.7
29.6	73.4
29.6	76.2
29.7	2.5
29.7	51.3
29.6	42.0
29.6	46.1
29.6	37.9
29.6	47.6
29.6	39.8
29.6	51.0
29.6	44.9
29.6	74.4
29.6	62.0
29.6	58.2
29.6	46.3
29.6	39.8
29.6	39.7
29.6	50.8
29.6	30.4
29.8	18.3
29.8	33.7
29.7	41.8
29.7	63.3
29.7	60.5
29.6	62.6
29.6	84.3
29.6	85.0
29.6	53.9
29.6	66.2
29.6	87.7
29.6	49.0
29.6	71.5
29.6	72.7
29.6	55.5
29.6	43.7
29.6	53.4
29.6	41.6
35.5	50.1
36.3	70.5
36.6	116.7
36.8	94.6
35.9	89.4
35.4	64.2
35.7	128.7
36.7	192.0
35.5	226.0
36.1	138.8
35.8	132.4
35.8	160.9
35.2	153.4
35.7	123.9
35.5	86.0
35.3	132.7
35.1	170.7
35.3	226.5
35.1	355.5
35.4	351.4
35.4	395.1
35.2	425.4
35.1	330.3
35.0	316.8
35.0	332.0
35.1	396.9
34.9	359.5
34.9	390.5
34.8	369.5
34.8	265.4
34.8	300.1
34.7	251.7
34.7	192.3
34.6	41.3
34.6	73.4
34.5	98.5
34.3	116.9
34.4	165.0
34.2	211.0
34.1	224.1
34.0	236.4
33.9	291.3
33.7	281.6
33.8	330.9
33.6	263.8
33.5	360.6
33.5	331.3
33.3	310.6
33.2	296.3
33.2	270.6
33.0	241.7
32.9	237.5
32.7	219.9
32.7	152.9
32.6	150.8
37.0	92.3
36.4	128.5
36.5	163.4
36.6	194.9
36.2	236.9
36.3	268.1
36.0	307.6
36.0	329.6
36.1	326.7
36.2	408.3
36.0	390.8
36.1	314.6
35.6	353.1
35.6	322.0
36.3	377.7
35.9	286.5
35.3	237.9
35.6	310.5
35.8	252.3
35.5	210.3
35.5	164.3
35.4	151.7
34.8	33.2
34.8	35.3
34.8	101.3
34.6	104.2
34.6	138.3
34.4	184.2
34.4	199.4
34.3	203.4
34.2	219.1
34.0	230.9
33.9	244.0
33.9	245.6
33.7	219.1
33.6	196.8
33.4	170.8
33.4	167.2
33.2	150.1
33.1	109.7
32.9	127.1
32.8	96.8
32.6	82.2
32.8	64.2
32.8	65.8
32.8	59.8
32.8	67.5
32.7	100.8
32.6	81.5
32.5	115.4
32.4	131.9
32.2	145.5
32.0	150.5
32.0	106.5
31.8	120.3
31.7	120.6
31.5	90.9
31.4	120.9
30.8	53.2
30.8	73.4
30.7	84.9
30.6	77.0
30.6	82.5
30.6	102.3
30.5	101.1
30.4	94.6
30.3	139.2
30.3	107.4
30.2	115.9
30.1	104.8
30.1	107.2
30.1	91.8
30.0	98.7
30.0	94.1
30.0	101.8
30.0	81.9
29.9	65.1
29.9	60.2
30.0	43.1
30.0	39.2
30.0	43.5
30.0	61.4
29.9	53.1
29.9	39.4
29.9	9.2
29.9	67.3
29.9	58.3
29.9	36.3
29.8	52.7
29.8	63.4
29.8	50.9
29.8	50.0
29.8	36.2
29.8	48.9
29.8	38.1
29.8	42.3
29.9	86.4
29.8	153.2
29.8	122.9
29.8	169.0
29.7	131.5
29.7	121.5
29.7	142.3
29.7	97.0
29.7	121.6
29.7	163.9
29.7	95.1
29.6	91.8
29.7	62.6
29.6	46.9
29.6	75.3
29.7	46.8
29.7	68.6
29.6	59.5
29.6	67.8
29.6	68.6
29.6	86.2
29.6	84.2
29.6	74.6
29.6	67.8
29.5	81.3
29.5	61.6
29.5	51.9
29.5	69.4
29.5	68.7
29.5	59.2
29.5	50.0
29.5	38.6
29.6	56.0
29.6	51.2
29.6	56.0
29.5	65.2
29.5	63.5
29.5	58.4
29.5	54.8
29.5	41.2
29.4	66.6
29.4	46.1
29.4	58.0
29.4	51.3
29.4	60.1
29.4	33.3
29.4	49.0
29.4	49.4
29.4	31.5
29.4	18.0
29.4	27.1
29.4	22.5
29.5	8.2
29.5	14.3
29.4	48.0
29.4	45.2
29.4	42.2
29.4	59.7
29.4	12.4
29.3	47.6
29.3	54.2
29.3	44.9
29.3	42.6
29.3	35.2
29.3	31.3
29.3	3.8
29.3	28.7
29.3	25.0
29.3	10.8
29.3	8.1
29.3	15.1
29.3	42.0
29.3	37.4
29.3	46.6
29.3	53.0
29.2	54.2
29.2	166.5
29.2	11.1
29.3	0.9
29.3	13.2
29.3	30.1
29.3	18.6
29.3	20.3
29.3	19.4
29.4	32.5
29.3	42.6
29.3	49.8
29.3	24.1
29.3	49.8
29.3	71.8
29.3	50.0
29.2	40.3
29.2	36.0
29.2	36.2
29.2	48.1
29.2	36.6
29.2	23.7
29.2	21.4
29.2	22.7
29.2	27.1
29.4	8.6
29.4	16.8
29.4	40.8
29.3	80.9
29.3	75.2
29.3	33.1
29.3	39.4
29.3	24.6
29.3	28.3
29.3	53.2
29.3	45.2
29.3	40.3
29.2	29.3
29.2	26.2
29.2	40.1
29.2	42.5
29.2	34.3
29.2	35.4
29.2	24.8
29.3	12.6
29.3	15.7
29.3	22.1
29.4	28.3
29.4	34.8
29.3	43.3
29.3	36.3
29.3	46.1
29.3	53.5
29.3	61.6
29.3	54.1
29.2	53.5
29.2	45.4
29.2	37.2
29.2	50.8
29.2	52.0
29.2	40.6
29.2	27.3
29.2	46.6
29.2	19.8
29.2	18.9
29.2	9.0
29.2	17.4
29.3	13.6
29.4	27.6
29.4	30.2
29.3	39.7
29.3	18.2
29.3	34.3
29.3	59.8
29.3	73.9
29.2	56.3
29.2	38.2
29.2	28.8
29.2	40.3
29.2	24.6
29.2	20.1
29.3	31.4
29.3	18.3
29.3	20.4
29.3	22.1
29.3	23.1
29.3	33.7
29.3	36.3
29.3	39.2
29.2	40.6
29.2	42.3
29.2	50.4
29.2	45.9
29.2	9.4
29.2	17.6
29.2	38.0
29.1	41.8
29.1	46.5
29.1	35.6
29.1	30.0
29.1	30.0
29.2	27.7
29.2	29.6
29.2	30.1
29.2	2.5
29.3	25.4
29.3	33.4
29.2	15.2
29.2	34.4
29.2	27.1
29.2	40.1
29.2	42.7
29.2	24.6
29.2	14.5
29.2	38.5
29.2	27.9
29.2	33.9
29.2	15.0
29.6	122.5
29.6	135.4
29.6	160.3
29.5	183.9
29.5	233.9
29.5	256.3
29.5	283.4
29.5	297.7
29.5	302.0
29.5	230.0
29.5	289.3
29.5	220.7
29.5	211.4
29.5	220.1
29.5	130.5
29.5	132.8
29.5	114.6
29.5	100.3
29.5	48.4
29.5	71.5
29.5	87.6
29.5	89.9
29.5	111.7
29.5	79.6
29.4	125.9
29.4	111.3
29.4	127.3
29.4	114.0
29.4	128.3
29.4	100.7
29.4	95.6
29.4	100.4
29.4	92.1
29.4	101.8
29.4	61.9
29.4	65.2
29.4	51.1
29.4	45.5
29.4	45.5
29.4	45.7
29.5	19.3
29.5	54.2
29.5	55.0
29.4	51.7
29.4	56.9
29.4	102.6
29.4	67.9
29.3	73.6
29.3	88.8
29.3	68.5
29.3	71.1
29.3	48.6
29.3	58.0
29.3	59.0
29.3	62.6
29.3	59.7
29.3	51.5
29.3	45.8
29.3	41.8
29.3	38.4
29.3	44.4
29.3	26.8
29.4	33.3
29.4	42.4
29.3	56.5
29.3	42.8
29.3	54.9
29.3	52.5
29.2	61.9
29.2	63.5
29.2	59.9
29.2	56.8
29.2	48.1
29.2	44.6
29.2	50.5
29.2	46.4
29.2	47.8
29.2	45.5
29.2	41.6
29.2	40.1
29.2	47.6
29.2	45.0
29.2	37.0
29.3	8.6
29.3	27.2
29.3	23.8
29.3	39.1
29.3	44.1
29.3	23.1
29.3	23.1
29.3	41.7
29.2	46.4
29.2	41.0
29.2	31.8
29.2	27.4
29.2	3.6
29.2	1.9
29.2	13.5
29.2	41.3
29.2	3.6
29.3	9.9
29.3	23.4
29.3	9.9
29.4	7.6
29.4	35.7
29.3	25.9
29.3	36.4
29.3	24.6
29.3	51.6
29.2	56.4
29.2	52.0
29.2	38.8
29.2	49.1
29.2	64.5
29.1	37.3
29.1	43.4
29.1	57.9
29.1	21.0
29.1	15.9
29.1	40.0
29.1	18.2
29.1	19.2
29.2	16.7
29.3	32.3
29.3	40.1
29.3	36.9
29.2	49.1
29.2	50.0
29.2	45.7
29.2	51.0
29.1	57.9
29.1	55.0
29.1	55.7
29.1	47.4
29.1	29.9
29.1	34.3
29.1	47.5
29.1	40.5
29.1	53.6
29.1	33.8
29.1	21.4
29.1	11.4
29.1	21.1
29.1	22.5
29.1	23.3
29.2	73.2
29.2	98.1
29.2	137.1
29.2	104.5
29.2	122.4
29.2	130.2
29.1	171.4
29.1	93.8
29.1	80.3
29.1	163.0
29.1	209.9
29.1	136.1
29.1	123.9
29.1	113.9
29.1	88.1
29.1	59.4
29.1	54.3
29.1	61.1
29.1	60.3
29.1	27.3
29.1	46.2
29.1	11.7
29.2	28.4
29.2	37.0
29.1	40.5
29.1	47.3
29.1	78.0
29.1	73.7
29.1	47.4
29.1	64.1
29.0	38.6
29.0	48.2
29.0	38.5
29.0	37.9
29.0	38.8
29.0	32.9
29.0	35.0
29.0	9.1
29.1	34.3
29.1	5.7
29.1	12.2
29.1	13.8
29.3	104.0
29.3	133.7
29.3	149.6
29.3	192.0
29.2	193.8
29.2	193.1
29.2	167.7
29.2	203.9
29.2	188.0
29.1	135.3
29.1	198.1
29.1	114.1
29.1	134.7
29.1	132.3
29.1	87.7
29.1	110.8
29.1	87.0
29.2	94.4
29.2	53.5
29.2	73.6
29.2	52.5
29.2	34.0
29.3	80.8
29.3	79.6
29.3	63.7
35.1	78.0
35.0	108.4
35.0	193.4
34.9	446.4
34.9	425.5
34.8	424.2
34.6	468.4
34.5	428.7
34.4	480.2
34.2	398.2
34.1	367.6
33.9	382.4
33.8	342.7
33.7	277.5
33.6	259.3
33.4	232.4
33.3	210.3
33.1	136.4
31.4	38.4
31.3	110.0
31.2	140.4
31.1	135.2
30.9	119.1
30.8	86.8
30.7	119.4
30.7	150.4
30.6	135.9
30.5	113.4
30.5	108.6
30.4	143.9
30.3	157.0
30.3	143.7
30.2	131.7
30.2	93.5
30.2	79.8
30.2	46.5
29.9	30.4
29.8	50.3
29.8	67.9
29.8	77.7
29.8	131.3
29.7	122.7
29.7	136.8
29.7	134.5
29.7	136.2
29.7	149.8
29.6	136.9
29.6	91.3
29.6	98.9
29.6	134.4
29.6	84.8
29.6	91.2
29.6	105.5
29.6	94.3
29.6	78.5
29.6	79.5
29.6	61.0
29.6	69.9
29.5	94.6
29.5	86.3
29.5	116.4
29.5	125.9
29.5	95.1
29.5	93.5
29.4	86.7
29.4	66.7
29.4	67.5
29.4	49.1
29.4	114.4
29.4	75.5
29.4	88.3
29.4	57.3
29.4	57.4
29.4	22.6
29.4	64.6
29.4	49.5
29.4	47.3
29.4	80.8
29.4	49.6
29.4	37.7
29.4	49.1
29.4	41.4
29.4	48.8
29.4	46.6
29.4	36.3
29.4	54.9
29.4	89.7
29.3	29.8
29.3	28.0
29.4	65.4
29.4	98.1
29.4	67.4
29.4	76.4
29.4	33.8
29.4	66.2
29.4	91.6
29.4	74.5
29.4	58.3
29.3	92.8
29.3	93.9
29.3	75.7
29.3	88.0
29.3	90.3
29.3	80.5
29.3	64.9
29.3	90.4
29.3	87.1
29.3	71.9
29.3	91.2
29.3	84.8
29.3	36.2
29.3	62.1
29.3	54.0
29.3	38.0
30.5	14.2
30.5	124.5
30.5	170.0
30.5	237.9
30.5	220.4
30.5	243.1
30.4	319.3
30.4	344.3
30.4	366.2
30.4	163.5
30.4	242.4
30.3	240.6
30.3	172.0
30.2	255.7
30.2	288.4
30.2	251.0
30.2	213.6
30.1	237.0
30.1	283.2
30.0	159.5
30.1	104.0
30.0	159.1
30.0	102.7
29.9	92.5
29.8	137.5
29.8	145.5
29.8	183.8
29.8	207.4
29.7	240.3
29.7	192.0
29.7	286.6
29.7	194.2
35.3	190.3
35.6	365.0
35.3	332.3
35.7	272.7
35.7	330.1
35.2	373.0
35.3	226.1
36.0	272.9
35.0	207.6
34.7	110.0
34.7	132.0
34.8	243.2
34.8	295.2
34.7	337.2
34.7	203.6
34.7	350.7
36.1	117.9
37.1	238.2
35.6	305.1
36.3	241.3
36.4	143.8
36.4	31.0
36.4	64.3
36.6	127.0
36.1	147.8
36.2	114.4
36.1	178.6
37.3	203.0
36.1	279.9
36.3	259.4
36.7	259.3
36.2	219.6
36.5	119.0
35.7	132.9
36.1	279.3
35.8	297.7
36.7	134.7
36.4	142.7
36.2	121.7
36.3	111.2
36.7	46.6
36.8	69.6
35.9	102.5
36.3	151.8
35.8	222.6
36.5	239.5
35.8	395.5
35.7	330.5
36.2	374.7
35.1	362.3
35.6	282.8
35.3	360.3
36.0	231.3
35.5	207.8
35.9	150.3
35.3	138.7
35.3	78.5
35.3	104.7
35.3	96.7
35.2	124.8
34.9	101.1
34.9	154.5
34.9	174.2
34.9	202.1
34.9	245.7
34.8	271.7
34.8	284.7
34.7	363.7
34.7	320.0
34.7	283.5
34.6	334.8
34.6	277.2
34.6	287.7
34.2	242.6
34.3	248.2
34.3	150.3
34.4	144.4
34.3	130.9
34.2	108.0
33.9	129.0
33.8	109.3
33.8	105.0
32.7	133.5
32.7	87.7
32.8	108.7
32.8	99.2
32.8	75.3
32.7	117.2
32.7	133.9
32.5	137.3
32.4	138.7
32.3	141.4
32.2	133.2
32.1	134.6
32.1	134.3
32.0	105.3
31.9	164.2
31.8	109.9
31.8	121.7
31.7	102.9
31.6	95.0
31.6	79.2
31.5	68.4
31.4	55.7
30.6	37.9
30.6	44.8
30.6	73.6
30.5	93.4
30.4	123.7
30.4	124.9
30.4	144.1
30.3	112.1
30.3	128.6
30.3	118.3
30.3	133.5
30.2	150.1
30.2	134.0
30.2	125.5
30.1	98.9
30.1	83.3
30.1	116.6
30.1	104.6
30.1	109.4
30.1	76.5
30.1	81.3
30.0	79.2
30.0	38.3
30.0	33.5
29.9	50.2
29.9	43.3
29.9	80.6
29.9	83.4
29.9	102.9
29.9	72.5
29.8	74.2
29.8	96.1
29.8	97.8
29.8	110.4
29.8	125.8
29.8	105.5
29.8	84.6
29.8	88.9
29.7	74.4
29.7	59.7
29.7	80.1
29.7	89.4
29.7	64.0
29.7	64.6
29.7	52.2
29.7	55.2
29.7	80.7
29.7	93.4
29.7	68.0
29.6	111.2
29.6	96.5
29.6	98.0
29.6	106.8
29.6	106.8
29.5	120.7
29.5	114.9
29.5	132.2
29.5	107.1
29.5	116.5
29.5	117.4
29.5	132.1
29.5	91.0
29.5	116.2
29.5	96.0
29.5	80.0
29.5	64.7
29.5	55.3
29.5	60.3
29.5	51.6
29.5	57.8
29.5	90.4
29.5	87.0
29.4	107.8
29.4	99.5
29.4	109.9
29.4	126.5
29.4	141.9
29.4	146.0
29.4	132.0
29.3	164.4
29.3	108.9
29.3	148.3
29.3	102.7
29.3	164.8
29.3	118.9
29.3	78.5
29.3	108.6
29.3	76.9
29.3	71.2
29.3	64.2
29.3	45.1
29.4	35.2
29.3	50.4
29.3	82.5
29.3	90.5
29.3	108.5
29.3	104.8
29.3	102.0
29.3	103.6
29.3	133.2
29.2	131.5
29.2	126.6
29.2	114.1
29.2	127.2
29.2	177.6
29.2	144.3
29.2	121.3
29.2	114.1
29.2	113.2
29.2	116.7
29.2	118.4
29.2	107.2
29.2	77.7
29.2	61.5
29.2	38.9
29.2	67.8
29.2	61.4
29.2	69.5
29.2	82.3
29.2	91.3
29.2	114.0
29.2	117.2
29.1	151.6
29.1	128.8
29.1	119.5
29.1	113.6
29.1	145.1
29.1	143.5
29.1	75.8
29.1	124.6
29.1	132.2
29.1	111.3
29.1	117.7
29.1	125.5
29.1	86.6
29.1	79.2
29.1	62.1
29.2	51.4
29.1	47.6
29.1	76.0
29.1	99.2
29.1	89.6
29.1	104.5
29.1	113.1
29.1	114.4
29.0	118.3
29.0	124.6
29.0	126.2
29.0	112.9
29.0	163.5
29.0	150.9
29.0	123.9
29.0	133.5
29.0	72.8
29.0	94.3
29.0	81.5
29.0	114.5
29.0	88.7
29.0	53.6
29.0	56.2
29.1	48.7
29.1	80.2
29.1	90.0
29.1	96.3
29.0	121.4
29.0	138.9
29.0	159.1
29.0	150.7
29.0	145.2
29.0	156.2
29.0	119.7
29.0	96.5
29.0	171.9
29.0	125.3
28.9	165.8
28.9	136.7
29.0	78.0
29.0	87.2
29.0	127.5
29.0	96.0
29.0	109.2
29.0	106.2
29.0	49.4
29.0	44.7
29.0	118.8
29.0	131.0
29.0	103.6
28.9	122.5
28.9	104.6
28.9	141.7
28.9	150.3
28.9	168.4
28.9	191.1
28.9	179.5
28.9	171.2
28.9	234.2
28.9	134.6
28.9	82.6
28.9	163.9
28.9	169.1
28.9	136.0
28.9	140.8
28.9	97.7
28.9	76.2
28.9	58.6
28.9	52.4
28.9	65.3
28.9	87.3
28.9	107.3
28.9	115.0
28.9	123.9
28.9	170.0
28.8	126.6
28.8	122.7
28.8	151.6
28.8	161.7
28.8	157.3
28.8	126.8
28.8	101.4
28.8	98.4
28.8	123.5
36.2	64.5
36.2	363.1
35.5	346.6
36.0	362.8
35.7	336.3
35.1	463.1
35.6	509.5
35.3	496.1
35.2	540.7
35.2	426.2
35.5	500.7
34.8	469.3
35.1	441.4
35.1	409.2
34.9	418.2
34.8	322.3
34.8	302.7
34.5	253.4
34.6	203.9
34.4	172.4
33.4	56.0
33.5	149.6
33.4	152.5
33.3	145.9
33.2	237.7
33.1	379.2
33.1	386.0
33.0	424.9
32.9	434.7
32.8	388.7
32.8	393.7
32.8	423.3
32.6	426.2
32.5	332.5
32.4	385.8
32.3	339.8
32.3	312.0
32.2	276.2
32.1	245.4
32.0	217.5
31.8	171.6
31.8	173.9
31.7	135.3
30.4	83.2
30.4	88.5
30.4	89.4
30.4	116.2
30.4	136.2
30.3	116.5
30.3	114.6
30.2	174.6
30.2	277.4
30.1	255.0
30.1	242.7
30.0	255.8
30.0	275.1
30.0	204.6
30.0	263.1
29.9	170.6
29.9	133.7
29.9	159.2
29.9	205.1
29.9	124.9
29.9	146.2
29.9	105.8
30.1	74.9
30.2	209.4
30.2	161.0
30.2	194.8
30.2	231.9
30.2	273.4
30.1	239.2
30.1	257.8
30.1	257.3
30.1	342.6
30.1	360.2
30.1	246.2
30.1	188.7
30.1	170.0
30.1	244.6
30.1	194.1
30.0	114.7
35.9	77.8
35.9	167.4
35.6	136.0
35.2	87.0
35.4	70.5
35.2	67.0
35.2	49.4
35.0	52.5
35.1	98.1
35.2	108.6
34.9	101.5
35.0	118.0
35.2	116.5
35.0	146.1
34.9	210.4
35.0	192.8
34.8	199.8
34.8	299.2
34.8	209.2
34.8	212.5
35.2	142.8
35.0	108.1
34.8	120.6
34.7	163.9
34.9	135.0
34.8	73.1
34.5	66.6
34.5	29.4
34.4	160.6
34.5	237.7
34.4	195.7
34.3	205.7
34.3	216.0
34.3	253.1
34.3	276.6
34.1	236.2
34.2	249.5
34.0	385.8
34.0	282.7
34.2	378.7
33.8	297.9
33.8	127.8
33.9	204.6
33.7	255.6
33.7	313.8
33.6	156.4
33.6	154.0
33.5	121.0
33.6	111.6
32.7	42.3
32.6	84.2
32.6	129.2
32.5	109.4
32.5	203.2
32.5	189.5
32.4	215.8
32.4	305.4
32.2	298.7
32.3	299.2
32.1	321.1
32.2	247.1
32.1	183.3
32.1	234.5
32.1	265.9
32.1	166.1
32.2	92.2
32.2	77.1
32.2	74.7
32.2	81.3
31.7	39.3
31.6	70.3
31.6	107.1
31.5	172.9
31.5	172.5
31.5	201.3
31.4	210.8
31.4	320.2
31.4	282.3
31.3	267.0
31.3	319.8
31.3	386.2
31.2	315.2
31.1	345.5
31.1	288.6
31.0	246.3
31.0	238.9
30.9	309.3
31.0	70.5
31.0	134.5
31.0	191.1
31.0	253.3
30.9	178.5
30.9	252.0
30.8	217.8
30.8	280.3
30.7	300.5
30.7	241.1
30.6	219.8
30.6	196.7
30.6	153.3
30.5	131.1
30.5	185.1
30.4	141.4
30.4	126.8
30.3	168.8
30.3	108.4
29.9	85.9
29.9	69.5
29.9	50.7
29.9	69.5
29.9	82.8
29.9	82.9
29.9	77.9
29.8	76.6
29.8	131.8
29.8	91.1
29.8	134.2
29.8	133.5
29.8	114.5
29.8	88.1
29.8	197.2
29.8	153.0
29.8	125.2
29.7	34.7
29.7	104.4
29.7	155.9
29.7	168.2
29.7	220.1
29.7	183.8
29.6	280.8
29.6	208.7
29.6	233.8
29.6	230.6
29.6	255.2
29.6	267.2
29.6	236.4
29.6	295.9
29.6	247.3
29.6	255.1
29.6	247.5
29.6	213.5
29.6	221.2
29.6	211.5
29.6	219.3
29.6	142.5
29.6	118.1
29.6	75.4
29.6	98.2
29.5	110.4
29.5	186.0
29.5	184.9
29.5	256.5
29.5	236.1
29.5	206.7
29.5	262.9
29.5	253.3
29.5	244.7
29.5	242.8
29.5	261.7
29.5	259.6
29.5	272.2
29.5	252.8
29.5	269.6
29.5	233.1
29.5	176.9
29.5	204.5
29.5	143.1
29.5	141.9
29.5	91.3
29.5	62.3
29.5	97.1
29.5	131.5
29.4	139.4
29.4	153.9
29.4	214.0
29.4	199.1
29.4	225.1
29.4	224.1
29.4	214.2
29.4	249.6
29.4	232.9
29.4	263.4
29.4	233.9
29.4	280.3
29.4	225.3
29.4	251.9
29.4	250.7
29.4	267.8
29.4	180.1
29.4	146.4
29.4	115.9
29.4	83.4
29.4	46.2
29.4	152.2
29.4	145.7
29.4	161.3
29.4	164.2
29.4	199.9
29.3	236.2
29.3	289.2
29.3	212.6
29.3	348.3
29.3	292.7
29.3	248.4
29.3	183.5
29.3	332.5
29.3	263.1
29.3	214.0
29.3	207.0
29.3	193.3
29.3	157.9
29.3	174.5
29.3	145.0
29.3	101.8
35.1	83.3
35.4	129.9
35.5	163.3
35.2	148.0
35.2	122.4
35.1	180.7
35.1	271.5
35.0	236.1
35.1	384.8
34.9	339.4
35.2	361.3
34.7	302.2
35.0	333.4
34.9	332.5
34.8	337.5
34.6	323.1
34.5	407.9
34.5	266.5
34.5	199.7
34.5	205.0
34.4	125.6
34.5	137.8
33.5	82.2
33.4	111.9
33.4	113.2
33.4	183.2
33.3	266.8
33.2	234.5
33.1	354.8
33.1	343.2
33.0	427.1
32.9	370.9
32.8	497.3
32.8	439.3
32.6	405.4
32.5	410.3
32.5	447.8
32.3	382.4
32.2	397.6
32.1	123.4
32.1	301.4
31.9	322.8
31.8	194.0
31.7	130.9
31.6	147.4
30.4	56.8
30.4	109.3
30.4	161.2
30.3	200.9
30.3	213.6
30.2	290.0
30.2	279.7
30.1	326.3
30.1	397.4
30.1	306.7
30.0	378.8
30.0	446.5
30.0	414.4
29.9	480.3
29.9	224.1
29.9	365.8
29.9	433.0
29.8	360.3
29.8	236.8
29.8	328.5
29.8	278.4
29.8	188.5
29.8	144.6
29.7	53.6
29.6	83.9
29.6	134.7
29.6	174.2
29.6	223.6
29.6	248.0
29.6	367.0
29.6	344.7
29.6	292.1
29.5	334.6
29.5	301.0
29.5	424.7
29.5	313.4
29.5	260.4
29.5	317.6
29.5	297.1
29.5	262.5
29.5	272.4
29.5	217.9
29.5	238.3
29.5	174.2
29.5	156.4
29.5	106.7
29.5	84.1
29.4	80.6
29.4	111.5
29.4	167.8
29.4	194.3
29.4	182.8
29.4	211.0
29.4	277.3
29.4	315.8
29.4	357.9
29.4	312.4
29.4	307.7
29.4	312.1
29.3	320.6
29.3	348.8
29.3	325.1
29.3	304.3
29.3	301.1
29.3	294.3
29.3	244.5
29.3	206.3
29.3	209.3
29.3	185.7
29.3	128.8
29.3	89.9
29.3	69.0
29.3	103.5
29.3	114.0
29.3	188.1
29.3	179.2
29.3	223.9
29.3	274.7
29.3	304.8
29.3	277.9
29.2	360.0
29.2	317.5
29.2	367.4
29.2	279.8
29.2	311.2
29.2	69.0
29.2	173.4
29.2	218.1
29.4	218.8
29.4	137.3
29.4	167.6
29.4	158.6
29.4	192.1
29.4	258.9
29.4	283.3
29.4	341.7
29.4	351.7
29.4	322.1
29.4	224.1
29.4	245.6
29.4	272.1
29.4	228.6
29.4	196.0
29.4	196.2
34.7	126.7
34.8	87.2
34.7	189.7
34.7	156.3
34.7	269.1
34.6	294.2
34.6	328.5
34.6	339.6
34.4	343.7
34.3	381.2
34.2	434.2
34.1	421.0
34.1	457.0
33.8	408.7
33.8	306.8
33.7	314.8
33.6	349.7
33.5	402.1
33.5	313.6
33.4	235.0
33.2	266.1
33.2	138.8
33.1	141.1
32.1	82.1
32.0	111.6
32.0	133.4
31.9	230.0
31.8	252.2
31.6	355.0
31.6	338.6
31.5	390.4
31.4	443.7
31.3	433.0
31.2	485.1
31.1	466.2
30.9	428.6
30.9	377.0
30.6	161.7
30.5	171.9
30.4	230.2
30.4	247.2
30.3	199.7
30.2	199.1
30.2	146.2
29.9	92.8
29.9	98.0
29.9	128.4
29.8	150.4
29.8	176.8
29.8	214.8
29.8	281.4
29.7	286.6
29.7	291.1
29.7	380.6
29.7	430.2
29.7	297.3
29.7	287.4
29.6	451.4
29.6	337.3
29.6	250.1
29.6	204.7
29.6	319.5
29.6	225.4
29.6	188.5
29.6	199.2
29.6	166.4
29.6	119.0
29.5	125.7
29.5	131.0
29.5	122.3
29.5	219.4
29.5	283.4
29.5	272.0
29.5	290.9
29.5	339.2
29.5	356.2
29.4	337.8
29.4	315.9
29.4	342.1
29.4	336.5
29.4	332.8
29.4	298.1
29.4	226.1
29.4	263.7
29.4	224.8
29.4	201.8
29.4	183.6
29.4	80.4
29.4	65.1
29.4	129.3
29.4	168.0
29.4	178.0
29.4	254.9
29.4	226.2
29.3	354.9
29.3	353.4
29.3	372.0
29.3	358.7
29.3	314.0
29.3	395.3
29.3	390.2
29.3	297.0
29.3	328.7
29.3	283.6
29.3	254.3
29.3	225.5
29.3	227.7
29.3	241.7
29.3	115.5
29.3	138.6
29.3	113.4
29.3	168.7
29.3	196.5
29.2	198.4
29.2	286.9
29.2	290.4
29.2	236.5
29.2	288.9
29.2	154.1
29.2	169.3
29.2	161.7
29.2	322.0
29.2	196.6
29.2	107.0
29.2	230.0
29.2	117.5
34.1	103.6
34.3	232.8
34.3	334.1
34.4	284.1
34.5	384.0
34.3	341.3
34.4	428.0
34.3	317.3
34.3	283.8
34.3	245.3
34.3	264.9
34.3	211.9
34.1	153.3
34.2	102.3
34.0	85.5
34.1	107.0
34.1	54.8
34.2	77.4
34.3	188.9
34.2	207.5
34.1	279.3
33.9	340.8
34.0	320.2
33.9	308.6
33.8	324.8
33.7	363.0
33.7	289.4
33.4	249.7
33.5	160.4
33.2	192.8
33.2	168.3
33.1	172.0
33.0	177.3
32.9	142.0
32.8	106.7
32.7	117.8
36.7	67.2
36.3	271.8
35.9	306.0
35.9	378.2
36.4	338.7
36.2	293.8
36.1	336.1
36.2	296.6
35.6	283.9
35.7	297.6
35.9	276.1
35.6	285.7
35.6	281.0
35.3	249.6
36.2	173.0
35.4	129.3
35.0	58.4
35.0	88.2
35.2	122.7
35.2	169.3
35.2	194.7
34.9	203.1
34.9	262.2
35.1	365.4
35.2	441.5
34.7	411.9
34.8	399.7
34.7	392.1
34.6	406.5
34.5	400.2
34.5	433.6
34.5	341.5
34.5	349.3
34.4	274.8
34.4	235.0
34.3	168.5
34.3	137.7
33.8	113.2
33.8	171.5
33.7	205.9
33.6	241.6
33.6	287.7
33.5	277.8
33.6	332.3
33.4	367.1
33.3	410.9
33.2	433.1
33.1	381.4
32.9	438.7
32.8	389.3
32.8	349.9
32.8	313.5
32.6	315.4
32.6	289.8
32.5	248.0
32.4	218.7
32.5	184.0
32.4	179.6
32.4	117.0
31.5	39.0
31.4	100.7
31.3	115.4
31.3	222.5
31.2	208.7
31.1	270.5
31.0	224.0
31.0	309.0
30.9	315.7
30.8	360.9
30.7	326.1
30.6	353.4
30.5	436.2
30.5	379.2
30.4	361.4
30.3	352.9
30.3	385.0
30.2	333.4
30.2	255.5
30.2	210.8
30.1	176.0
30.1	149.6
30.1	170.7
30.1	14.6
30.1	85.7
30.0	109.3
30.0	143.9
30.0	174.6
30.0	272.0
29.9	317.8
29.9	392.1
29.9	343.9
29.8	424.3
29.8	417.9
29.8	299.2
29.8	457.6
29.7	443.5
29.7	319.8
29.7	312.3
29.7	319.5
29.7	340.6
29.7	355.1
29.7	220.0
29.7	182.2
29.7	116.8
29.7	76.4
29.7	138.9
29.7	144.6
29.7	241.6
29.7	289.8
29.6	269.7
29.6	325.9
29.6	379.6
29.6	428.4
29.6	219.9
29.6	216.0
29.6	424.1
29.5	398.0
29.5	345.1
29.5	227.4
29.5	384.9
29.5	254.0
29.5	143.1
29.5	192.4
29.5	99.5
29.6	63.1
29.5	69.5
29.5	80.7
29.5	172.5
29.5	275.1
29.5	312.3
29.5	231.3
29.5	297.9
29.5	399.4
29.5	255.8
29.5	272.0
29.4	321.1
29.4	237.9
29.5	321.3
29.4	257.7
29.4	296.8
29.4	294.7
29.4	308.6
29.4	213.1
29.4	156.4
29.4	153.2
29.4	110.3
31.1	239.4
31.5	114.1
31.8	90.0
32.2	84.3
32.5	102.1
32.7	56.0
33.4	169.9
33.6	202.7
33.6	143.3
33.8	100.5
34.0	90.5
35.6	52.4
36.3	65.9
36.4	146.5
35.8	324.0
35.5	286.2
36.4	229.6
36.5	242.5
36.6	215.6
36.7	272.8
36.7	128.4
35.5	109.3
35.6	121.9
36.2	153.4
36.0	81.1
35.1	68.7
35.6	84.2
35.4	99.6
35.6	143.2
35.5	256.4
35.6	259.2
35.2	259.9
35.2	377.1
35.5	227.3
35.0	173.9
35.2	155.8
35.3	157.4
35.1	166.9
35.0	161.3
35.0	148.9
35.2	120.3
34.8	70.9
34.8	124.1
34.9	161.3
34.8	189.8
34.7	310.1
34.7	308.6
34.7	391.2
34.6	366.3
34.8	392.8
34.5	410.1
34.5	470.3
34.3	372.1
34.3	351.1
34.2	426.8
34.0	314.2
34.0	352.1
34.0	342.8
33.8	261.5
33.7	220.8
33.8	179.1
33.7	151.3
32.9	61.6
32.9	117.7
32.8	168.4
32.8	205.6
32.8	272.9
32.6	314.7
32.5	432.6
32.4	365.2
32.3	406.7
32.1	399.6
32.0	390.0
31.9	507.4
31.7	422.8
31.7	479.8
31.6	408.0
31.5	382.5
31.3	336.9
31.4	298.1
31.2	224.6
31.1	181.8
31.0	127.4
30.9	138.6
30.4	79.4
30.3	175.4
30.3	157.7
30.3	247.2
30.2	318.8
30.2	356.9
30.1	437.6
30.1	402.9
30.0	463.3
30.0	467.8
30.0	352.6
29.9	389.0
29.9	354.1
29.9	447.3
29.8	395.9
29.8	372.2
29.8	345.8
29.8	389.1
29.8	239.8
29.8	140.3
29.7	94.7
29.7	65.8
29.7	114.5
29.7	175.7
29.7	221.9
29.7	269.7
29.7	350.9
29.7	268.2
29.6	311.9
29.6	445.4
29.6	421.1
29.6	464.1
29.6	397.5
29.6	417.2
29.6	483.9
29.6	388.5
29.5	351.0
29.5	338.4
29.5	250.5
29.5	226.0
29.5	165.4
29.5	131.0
29.5	68.9
29.6	51.7
29.5	127.0
29.5	140.2
29.5	213.9
29.5	239.1
29.5	313.8
29.5	251.8
29.5	305.2
29.5	482.4
29.5	417.0
29.4	417.3
29.4	352.2
29.4	297.2
29.4	493.2
29.4	501.0
29.4	404.7
29.4	349.1
29.4	239.5
29.4	217.2
29.4	192.7
29.4	182.9
29.4	110.6
29.5	72.5
29.5	170.9
29.5	190.5
29.5	242.8
29.4	250.9
29.4	287.3
29.4	383.8
29.4	450.0
29.4	398.4
29.4	487.7
29.4	445.1
29.4	403.7
29.4	503.8
29.4	344.7
29.4	498.5
29.4	391.9
29.4	350.7
29.4	310.8
29.4	266.6
29.4	140.7
29.4	161.7
29.4	137.7
29.4	118.4
29.4	195.4
29.4	149.0
29.4	125.5
29.4	275.0
29.4	210.4
29.4	195.0
29.4	96.7
29.4	98.3
29.4	97.9
29.4	84.5
29.4	49.2
34.4	73.9
34.4	146.4
34.5	218.8
34.4	277.9
34.2	279.1
34.2	224.7
34.1	345.5
34.1	340.5
34.2	398.9
34.1	415.6
34.0	242.6
34.1	239.8
34.2	238.1
34.2	107.4
35.4	36.6
35.2	94.9
35.0	107.6
35.1	127.3
35.1	202.9
35.1	227.9
35.3	257.9
35.0	263.7
34.9	250.3
34.9	229.5
35.0	286.9
35.0	185.2
34.9	324.8
35.0	239.7
34.8	279.4
34.7	125.7
35.8	46.0
35.6	91.7
36.0	185.7
35.9	260.8
36.0	348.5
36.2	317.3
35.4	445.8
35.8	367.5
36.2	427.0
35.9	374.4
35.9	386.0
35.4	425.4
35.1	399.5
35.1	350.4
35.6	345.4
35.1	253.4
35.1	295.4
35.2	157.8
35.0	199.2
34.9	139.7
36.3	130.9
35.9	148.3
37.1	120.3
36.6	138.7
36.0	192.9
35.7	396.9
36.0	262.8
36.1	231.6
36.5	349.2
36.6	357.5
35.8	274.1
36.4	249.5
36.1	364.0
35.2	266.0
35.9	129.2
35.1	280.1
35.6	84.9
36.4	43.5
36.0	104.1
36.0	83.4
35.5	87.3
35.8	99.2
36.2	194.1
35.7	221.4
35.7	269.0
35.7	297.8
35.7	187.6
35.7	280.1
36.7	220.0
35.7	146.9
36.2	183.0
35.4	180.7
35.1	156.7
35.2	219.1
36.5	232.7
35.8	280.0
35.4	242.1
35.3	186.5
35.0	105.4
35.1	91.1
35.3	125.6
35.2	174.1
34.9	177.8
35.1	273.5
35.0	299.5
35.1	368.1
34.8	365.0
34.9	385.5
34.9	409.0
35.0	394.0
35.0	459.5
34.8	394.9
34.8	368.5
35.0	348.7
34.6	302.0
35.0	203.8
34.6	255.8
34.7	233.1
34.6	183.7
34.6	160.3
34.6	96.9
34.4	12.6
34.1	52.5
34.1	169.1
34.0	123.8
34.1	266.8
34.1	293.5
34.0	282.3
34.0	266.9
34.0	295.6
33.8	453.2
33.7	417.3
33.7	423.5
33.6	375.8
33.5	433.7
33.4	319.5
33.2	368.4
33.1	309.8
33.0	282.2
32.9	228.6
32.8	168.7
32.8	112.3
32.8	64.1
34.9	58.8
35.0	121.4
35.0	166.6
35.1	185.8
35.0	241.2
35.0	303.6
35.0	356.3
34.9	385.3
35.0	453.6
34.8	353.3
34.8	383.9
34.7	391.5
34.8	395.8
34.8	365.0
34.7	374.7
34.8	365.1
34.9	319.1
34.7	303.3
34.7	200.5
34.6	172.1
34.6	173.2
34.6	111.5
34.3	55.2
34.3	88.4
34.3	194.3
34.3	236.5
34.2	236.1
34.3	255.8
34.2	366.4
34.1	350.0
34.1	393.1
34.2	436.8
33.9	351.2
34.0	516.7
33.8	394.5
33.6	442.7
33.7	361.0
33.6	393.8
33.5	415.6
33.5	293.7
33.5	263.5
33.3	216.6
33.4	169.8
33.2	103.7
36.2	121.9
35.8	99.4
35.8	101.3
36.3	133.9
35.9	194.1
36.5	242.3
35.8	296.9
35.9	275.9
35.8	329.1
35.6	355.5
35.5	317.8
35.9	350.6
35.8	315.2
35.4	265.2
35.9	259.7
35.9	205.1
35.8	174.4
35.4	113.2
35.6	64.9
35.4	170.7
35.1	100.3
35.6	98.6
35.3	219.2
35.4	170.6
35.7	171.2
35.1	206.3
35.1	191.9
35.2	98.6
36.0	78.6
35.8	69.7
35.5	108.4
36.2	147.1
35.4	195.0
35.6	188.1
35.8	189.7
35.8	256.0
35.3	119.8
35.5	163.7
35.4	148.7
35.9	86.6
35.8	90.6
36.2	87.3
35.8	69.2
35.5	106.7
35.1	138.6
35.2	179.0
35.3	205.4
35.7	245.0
35.6	259.9
35.5	339.3
35.2	375.5
35.3	446.9
35.6	414.0
35.3	460.3
35.4	395.8
35.4	529.2
35.4	367.4
35.4	386.5
35.4	345.0
35.0	266.4
35.4	242.8
35.0	178.4
34.9	76.3
34.8	112.2
34.8	216.9
34.9	131.9
36.2	57.6
36.2	97.6
37.2	109.9
37.3	68.6
37.4	61.1
37.8	67.2
36.8	128.7
36.3	145.2
36.3	141.5
36.7	51.4
36.8	45.2
37.1	100.7
36.6	54.8
37.1	64.1
37.8	70.7
36.5	55.5
36.2	46.1
36.9	60.5
35.7	75.3
36.4	132.8
37.2	167.3
35.9	174.9
36.4	313.7
35.7	319.6
36.2	332.8
36.8	247.1
36.3	324.1
35.3	238.7
36.0	158.1
36.2	133.4
35.7	70.4
36.1	155.6
35.7	202.6
36.5	164.1
36.1	195.4
35.8	267.1
36.8	344.4
36.8	256.1
36.9	353.8
36.0	465.3
35.6	386.3
36.0	265.2
36.1	353.8
36.3	247.5
36.2	270.6
35.8	255.4
35.5	229.9
35.7	158.8
36.3	167.4
35.9	128.9
36.2	86.6
36.4	140.7
38.1	154.8
36.9	179.0
35.9	273.6
36.7	263.2
36.6	385.8
37.0	372.6
36.7	430.7
36.3	356.1
35.9	448.8
36.9	301.3
36.1	276.8
37.0	89.9
37.2	103.1
36.3	90.7
37.0	86.1
36.5	163.2
36.5	313.9
36.8	288.4
36.9	335.4
37.0	204.8
37.3	268.7
37.1	248.1
36.2	162.8
36.4	209.1
36.5	105.0
37.4	81.9
36.9	137.7
37.2	210.5
36.8	244.3
36.5	221.7
36.5	317.8
37.2	405.6
37.0	407.7
37.3	329.9
36.6	442.7
36.4	310.0
37.2	199.6
36.8	227.0
37.4	270.9
37.3	328.2
36.5	238.0
36.6	214.5
36.8	155.0
35.9	151.2
36.4	123.5
36.3	228.6
35.9	220.3
35.6	271.3
37.3	284.6
36.1	407.5
35.7	263.7
36.7	344.7
36.5	507.0
36.0	414.6
36.2	438.2
36.3	328.4
35.8	379.4
36.6	351.0
36.1	271.5
35.8	360.4
35.7	241.2
35.8	125.3
36.0	90.8
35.1	120.7
35.4	144.7
35.1	156.1
35.4	151.5
35.1	155.0
35.8	201.3
35.4	97.1
35.8	94.4
35.6	133.4
35.3	167.6
35.3	175.6
35.6	191.6
35.1	180.5
35.2	208.1
35.4	242.7
35.5	218.8
35.4	307.3
35.1	204.1
35.4	139.4
35.0	121.2
35.2	113.8
35.1	121.5
35.3	159.2
35.3	175.6
35.1	253.4
35.1	266.5
35.2	206.8
35.4	211.0
35.0	350.3
35.1	341.4
34.9	326.0
34.9	339.2
35.1	339.1
35.0	302.6
35.1	263.8
34.9	320.0
34.9	217.1
35.1	210.0
34.8	198.1
35.1	137.3
34.8	64.7
34.8	122.4
34.8	173.1
34.8	221.7
34.8	141.0
34.8	263.0
34.7	282.2
34.7	344.0
34.7	311.2
34.7	422.6
34.7	399.2
34.7	517.6
34.7	248.3
34.6	310.4
34.7	253.6
34.5	241.3
34.4	160.0
34.5	143.4
34.5	155.2
34.2	114.3
34.2	176.0
34.2	200.9
34.2	230.4
34.2	283.8
34.3	239.4
34.2	346.5
34.1	352.9
34.1	362.8
34.0	402.8
33.9	409.3
33.8	377.8
33.8	386.2
33.7	359.3
33.8	363.1
33.8	235.9
33.6	172.0
33.6	149.5
34.8	162.8
34.7	139.4
35.0	83.9
34.7	58.7
34.6	114.5
34.7	166.6
34.6	159.0
34.5	183.1
34.4	193.6
34.5	222.7
34.3	238.5
34.2	240.0
34.2	249.5
34.1	237.1
34.1	238.0
34.1	272.5
34.0	255.8
34.0	210.6
33.7	236.3
33.7	169.6
33.7	160.7
33.6	155.4
33.2	92.8
33.2	107.5
33.1	120.1
33.1	135.4
33.0	188.4
33.0	213.4
32.9	215.0
32.8	207.2
32.7	191.4
32.6	229.0
32.5	254.5
32.5	211.2
32.4	235.6
32.3	213.6
32.3	177.1
32.2	169.1
32.2	125.1
32.1	109.4
31.7	70.6
31.7	86.9
31.6	98.1
31.6	92.7
31.5	136.4
31.4	126.0
31.3	129.5
31.2	124.2
31.1	150.0
31.1	160.1
31.0	154.0
31.0	140.2
30.9	150.3
30.8	141.7
30.8	111.0
30.7	93.1
30.7	98.2
30.6	78.2
30.5	69.8
30.5	111.7
30.4	99.5
30.4	125.5
30.4	114.0
30.3	156.8
30.3	158.4
30.2	157.6
30.2	138.2
30.2	147.9
30.1	117.2
30.1	125.9
30.1	119.9
30.1	134.0
30.1	143.3
30.0	117.0
30.0	96.4
30.0	66.0
30.0	76.4
30.0	70.2
29.9	70.7
29.9	104.1
29.9	117.5
29.9	90.6
29.9	75.1
29.9	127.4
29.8	138.8
29.8	131.7
29.8	131.9
29.8	144.0
29.8	99.4
29.8	102.8
29.7	79.9
29.7	104.1
29.7	84.2
29.7	85.6
29.7	60.8
29.7	62.4
29.7	84.9
29.7	96.5
29.7	122.9
29.6	149.5
29.6	157.9
29.6	172.9
29.6	155.0
29.6	150.1
29.6	158.5
29.6	162.1
29.6	152.2
29.6	172.0
29.6	132.4
29.6	127.5
29.6	121.6
29.6	105.1
29.6	88.3
29.6	53.2
29.6	82.3
29.6	95.5
29.5	92.2
29.5	103.6
29.5	117.9
29.5	124.4
29.5	133.6
29.5	148.1
29.5	146.2
29.5	152.0
29.5	136.9
29.5	129.1
29.5	127.2
29.5	122.0
29.5	102.3
29.5	109.2
29.5	77.0
29.5	65.5
29.5	54.2
29.5	79.8
29.5	79.9
29.5	97.3
29.5	76.1
29.5	82.1
29.5	101.9
29.5	100.2
29.5	111.0
29.4	99.0
29.4	125.3
29.4	124.0
29.4	104.2
29.4	96.3
29.4	86.5
29.4	80.2
29.4	60.4
29.4	64.0
29.4	56.7
29.5	52.8
29.5	72.0
29.5	75.5
29.4	71.5
29.4	93.0
29.4	90.9
29.4	84.9
29.4	118.7
29.4	100.8
29.4	110.4
29.4	106.5
29.4	82.5
29.4	87.1
29.4	78.7
29.4	71.9
29.4	76.4
29.4	68.1
29.4	48.0
29.4	57.0
29.4	55.9
29.4	68.9
29.4	116.5
29.4	78.8
29.4	79.8
29.4	112.4
29.4	81.6
29.4	96.4
29.4	77.3
29.4	99.8
29.4	76.6
29.4	62.7
29.4	70.2
29.4	58.6
29.4	45.0
29.4	54.4
29.4	59.3
29.4	65.1
29.4	73.0
29.4	57.7
29.4	54.0
29.4	73.2
29.4	61.8
29.3	83.6
29.3	89.7
29.3	83.3
29.3	76.1
29.3	76.3
29.3	60.8
29.3	64.6
29.3	38.1
29.3	57.5
29.3	44.4
29.4	20.8
29.4	24.5
29.4	28.3
29.3	20.9
29.3	39.0
29.3	50.5
29.3	47.7
29.3	54.3
29.3	39.2
29.3	72.2
29.3	52.7
29.3	80.6
29.3	50.9
29.3	38.2
29.3	36.3
29.3	27.4
29.3	35.1
29.3	22.1
29.3	31.7
29.3	40.1
29.3	60.8
29.3	38.2
29.3	54.7
29.3	44.9
29.3	43.5
29.3	204.4
29.3	244.6
29.3	76.3
29.4	87.1
29.4	95.2
29.4	109.1
29.4	118.1
29.4	112.2
29.4	98.3
29.4	119.6
29.4	121.6
29.4	89.3
29.4	74.2
29.4	91.1
29.4	69.0
29.4	52.8
29.4	64.3
29.4	69.6
29.4	19.4
29.4	44.4
29.6	55.5
29.6	98.6
29.6	79.4
29.6	45.5
29.5	144.1
29.5	95.6
29.5	76.9
29.5	61.6
29.5	41.6
29.5	124.4
29.5	67.0
29.5	76.7
29.6	57.6
29.6	54.5
29.6	73.1
29.5	86.3
29.5	80.5
29.5	65.5
29.5	86.8
29.5	67.9
29.5	74.3
29.5	76.5
29.5	80.0
29.5	75.0
29.5	62.4
29.5	60.0
29.4	50.5
29.4	36.4
29.4	28.8
29.5	93.3
29.5	61.5
29.5	62.4
29.5	52.7
29.5	56.1
29.5	45.0
29.5	39.1
29.4	43.9
29.4	62.5
29.4	55.1
29.4	51.6
29.4	64.9
29.4	70.9
29.4	48.4
29.4	44.6
29.4	32.9
29.4	45.3
29.4	45.2
29.4	42.2
29.4	46.5
29.4	56.2
29.4	53.0
29.4	67.0
29.4	60.0
29.4	44.7
29.3	67.1
29.3	54.9
29.3	71.3
29.3	56.2
29.4	69.3
29.3	36.3
29.3	15.1
29.3	32.1
35.2	42.6
35.3	129.9
35.0	174.1
35.3	99.0
35.0	61.2
35.3	70.9
34.9	45.9
35.0	50.6
35.0	38.7
34.9	41.0
35.0	69.8
35.0	84.2
34.9	67.7
34.9	60.1
34.8	81.7
35.0	66.2
34.9	84.0
34.9	80.1
34.8	47.4
34.8	65.9
34.7	42.0
34.8	39.7
34.8	55.8
35.5	64.9
35.1	78.8
35.0	84.5
35.1	118.1
35.4	109.6
35.3	101.3
35.6	94.8
35.2	108.8
35.7	106.4
35.0	99.3
34.9	100.4
35.1	110.1
35.3	73.2
35.2	80.6
35.3	77.1
35.4	64.4
35.1	37.9
34.6	40.2
34.6	25.7
34.6	37.0
34.5	67.3
34.4	26.5
34.4	51.8
34.3	38.4
34.5	29.2
34.4	47.7
34.5	30.8
34.3	36.8
34.3	49.5
34.3	52.9
34.2	42.0
34.2	35.6
34.2	55.0
34.1	65.1
34.2	60.0
33.9	43.2
33.8	67.9
34.0	90.9
33.9	42.3
33.8	56.7
33.8	36.6
33.7	38.8
33.7	46.1
33.7	35.4
33.3	44.1
33.3	52.4
33.3	43.5
33.3	55.3
33.1	42.8
33.0	36.1
33.1	60.3
32.9	72.3
32.9	87.1
32.7	70.9
32.7	66.8
32.6	55.0
32.5	55.2
32.5	59.8
32.4	43.8
32.3	35.8
32.2	31.6
31.7	37.1
31.7	60.7
31.6	58.6
31.6	50.9
31.5	55.7
31.5	61.8
31.4	68.5
31.3	72.5
31.2	75.4
31.1	74.5
31.1	58.5
31.0	61.0
31.0	59.1
30.9	60.5
30.8	55.0
30.6	68.9
30.6	76.3
30.6	77.2
30.5	86.6
30.5	64.5
30.5	80.9
30.4	81.4
30.4	82.5
30.4	84.2
30.4	80.7
30.4	101.5
30.3	87.4
30.3	74.2
30.3	89.0
30.3	66.3
30.3	65.3
30.3	75.9
30.1	34.7
30.1	43.3
30.1	42.3
30.1	41.7
30.1	36.6
30.1	38.8
30.0	42.4
30.1	45.8
30.0	44.8
30.0	36.9
29.9	28.2
29.9	37.0
29.9	35.4
29.9	39.0
29.9	32.6
29.9	45.4
29.9	31.0
29.8	33.5
29.8	39.6
29.8	31.1
29.8	42.0
29.8	32.6
29.8	36.3
29.8	32.1
29.8	23.9
29.8	55.9
29.8	38.7
29.8	32.1
29.8	34.2
29.8	36.1
29.7	33.2
29.7	38.7
29.7	38.2
29.7	31.6
29.7	45.4
29.7	35.5
29.7	36.8
29.7	27.8
29.7	38.5
29.7	43.6
29.7	37.3
29.7	27.5
29.7	20.4
29.7	24.2
29.7	20.7
29.7	23.4
29.7	24.6
29.7	28.5
29.7	29.7
29.7	115.5
29.7	86.9
29.7	88.0
29.7	76.9
29.7	89.3
30.0	80.8
30.0	88.6
30.0	88.0
30.0	102.1
29.9	92.2
29.9	84.3
29.9	91.7
29.9	71.1
29.9	61.2
29.9	77.0
29.9	32.0
29.9	45.3
29.9	43.0
36.3	75.5
36.2	64.8
36.3	70.4
36.8	86.7
36.0	70.9
36.2	141.1
35.8	117.7
35.9	128.2
36.8	105.2
36.5	95.7
35.8	29.2
35.3	61.9
35.9	56.1
35.5	66.1
35.4	55.2
35.8	56.8
35.9	75.6
35.6	49.0
35.8	72.8
36.0	52.7
35.2	53.8
35.5	57.5
35.9	46.2
35.7	40.1
35.5	47.3
35.6	140.2
35.6	86.8
36.0	108.8
36.4	121.3
36.2	115.4
36.1	126.2
35.5	188.6
36.4	144.4
36.4	160.9
36.5	114.8
35.9	123.2
36.5	86.4
35.8	75.9
35.5	112.0
35.9	95.8
35.7	99.5
36.0	118.4
35.8	41.5
36.4	62.5
35.6	71.2
35.5	66.4
35.3	60.1
35.6	65.8
36.5	73.4
35.8	100.9
35.9	85.0
35.5	80.1
35.5	65.8
35.2	71.5
35.3	72.9
36.0	87.1
35.9	66.8
35.6	47.7
35.1	34.4
35.3	32.8
35.1	45.7
35.1	49.4
35.0	50.2
35.2	53.4
35.0	60.6
35.5	80.3
34.9	77.8
35.2	82.5
35.0	90.4
35.0	73.4
35.3	75.1
34.9	84.9
35.1	62.0
34.9	70.4
34.7	33.0
34.8	38.2
34.7	30.3
34.7	43.1
34.8	29.2
35.6	70.7
36.0	108.6
35.3	105.3
35.2	113.1
35.7	134.3
35.9	108.2
35.8	108.3
35.9	122.4
35.3	95.8
35.8	76.6
35.6	77.2
35.5	77.1
35.5	49.3
35.6	54.5
35.4	43.1
35.1	50.9
35.3	64.0
35.1	73.3
35.2	63.9
35.1	56.2
35.0	63.2
35.2	80.6
35.1	64.5
35.1	79.9
35.1	64.1
35.0	67.4
35.0	88.0
35.0	4.9
34.9	28.5
34.8	42.2
34.7	56.1
34.7	32.7
34.7	55.7
34.5	58.2
34.6	51.0
34.6	56.7
34.5	60.2
34.4	59.8
34.4	67.4
34.4	65.6
34.3	58.5
34.3	46.3
34.3	36.0
34.3	31.4
33.8	19.2
33.8	12.7
33.8	21.3
33.7	31.9
33.8	29.5
33.7	26.7
33.6	43.5
33.7	54.4
33.6	37.9
33.5	24.0
33.5	38.1
33.4	24.1
36.4	103.5
36.0	93.6
35.7	159.8
36.0	134.8
35.7	120.6
35.8	93.3
35.9	143.2
35.9	97.8
36.9	103.4
36.4	102.1
36.1	77.2
36.0	67.1
36.6	69.0
35.6	21.7
35.9	42.4
35.2	63.8
35.9	45.8
35.9	85.7
35.4	81.3
35.3	88.8
35.8	80.8
35.5	70.2
35.8	70.4
35.5	69.4
35.7	68.0
35.3	70.4
35.7	50.1
35.7	34.8
35.4	43.3
35.2	31.6
35.3	73.3
35.2	97.5
35.1	76.8
35.1	66.2
35.1	68.7
35.1	67.4
35.1	59.3
35.0	65.7
35.0	62.5
35.0	62.4
35.0	55.4
35.0	53.8
35.0	49.8
35.1	45.8
35.0	29.8
34.9	64.4
34.8	56.7
34.8	62.5
34.8	54.4
34.7	61.4
34.7	54.3
34.7	60.7
34.5	53.9
34.6	70.9
34.4	63.9
34.4	58.7
34.5	61.1
34.4	47.9
34.4	50.2
34.2	44.2
33.4	30.1
33.4	31.9
33.4	46.2
33.3	40.5
33.2	32.6
33.1	37.3
33.1	28.1
33.2	32.8
33.1	51.7
33.0	41.4
33.0	95.0
32.9	75.7
32.9	87.0
32.4	46.3
32.2	56.3
32.1	41.8
31.9	64.9
31.8	55.8
31.7	48.3
31.6	51.3
31.6	61.4
31.5	52.2
31.5	37.4
31.4	41.1
31.4	46.2
31.4	36.5
31.4	27.5
31.6	51.6
31.5	69.1
31.2	67.2
31.1	80.3
31.0	64.2
30.9	65.8
30.9	46.8
30.8	70.6
30.8	56.2
30.7	52.8
30.7	50.9
30.7	46.5
30.7	38.4
31.1	39.4
31.0	54.4
30.8	60.5
30.7	64.6
30.6	62.8
30.5	55.5
30.5	58.2
30.4	67.3
30.4	77.3
30.4	62.4
30.3	61.1
30.3	47.9
30.3	44.3
30.3	43.7
30.8	59.1
30.7	95.7
30.6	97.9
30.5	107.3
30.5	112.6
30.4	111.3
30.4	92.6
30.4	88.0
30.4	71.0
30.4	71.1
30.4	53.2
30.4	57.5
30.3	45.4
30.4	43.6
30.3	21.7
30.2	35.1
30.2	50.9
30.2	38.6
30.1	42.1
30.1	39.0
30.1	49.3
30.1	61.4
30.1	49.3
30.2	33.0
30.2	35.2
30.1	40.4
30.1	48.6
30.0	51.4
30.0	42.3
30.0	39.9
30.0	42.8
30.0	39.9
29.9	39.3
29.9	42.7
30.2	33.3
30.1	16.3
30.0	34.5
30.0	34.0
29.9	32.8
29.9	37.5
29.9	27.9
29.9	40.7
29.9	33.2
29.8	30.5
29.8	29.3
29.8	20.4
29.8	22.5
29.9	26.9
29.9	31.8
29.8	26.0
29.8	27.8
29.8	30.0
29.7	29.7
29.7	26.9
29.7	33.2
29.7	26.3
29.7	26.5
29.7	26.3
30.0	44.5
29.9	59.8
29.9	64.1
29.8	57.6
29.8	51.6
29.8	53.8
29.7	41.5
29.7	23.5
29.8	26.5
29.8	39.3
29.7	31.3
29.7	33.7
29.7	26.1
30.1	16.4
30.1	22.2
30.0	29.8
29.9	18.7
29.9	31.1
29.8	32.9
29.8	31.5
29.7	32.6
29.7	24.6
29.7	34.3
29.7	26.0
29.7	26.6
29.7	18.2
29.9	40.9
30.0	14.6
30.0	25.8
29.9	19.2
30.0	26.5
30.0	31.4
30.0	24.9
30.0	26.9
30.0	47.9
30.3	29.4
30.2	43.9
30.1	40.0
30.0	55.5
30.0	55.1
29.9	41.0
29.9	26.3
29.9	41.0
29.9	40.5
29.9	36.5
29.9	50.5
29.9	35.8
29.9	60.7
29.9	59.7
29.8	118.6
29.8	69.0
29.8	62.3
29.8	53.3
29.8	59.5
29.8	60.7
29.8	49.7
29.8	51.2
29.8	33.0
29.8	32.9
29.7	32.1
29.7	31.5
29.7	34.8
29.7	34.4
29.7	42.1
29.7	34.2
37.6	70.2
37.4	61.4
37.5	82.5
37.3	59.0
37.4	92.4
37.1	131.1
37.1	128.4
36.6	92.6
37.1	70.4
35.5	37.2
35.2	63.1
35.2	67.7
35.2	62.3
35.1	47.9
35.2	43.1
35.1	81.9
35.1	60.6
35.1	59.7
35.1	49.7
35.1	43.5
35.1	42.5
34.7	28.4
34.6	37.1
34.5	44.9
34.5	56.1
34.5	49.1
34.5	37.5
34.5	42.7
34.5	47.5
34.5	38.5
34.5	39.4
34.6	31.3
35.0	40.4
35.0	32.3
35.0	35.0
35.0	31.6
34.9	35.3
34.9	32.4
34.9	35.0
35.2	62.9
35.2	32.3
35.2	85.1
35.2	80.9
35.2	89.4
35.2	68.2
35.2	55.0
35.2	53.2
35.2	43.1
35.2	31.9
35.2	23.8
32.1	27.9
31.8	31.5
31.7	45.4
31.7	34.5
31.8	37.8
31.9	33.5
32.0	32.6
32.1	29.9
32.2	31.7
32.2	28.3
32.3	24.6
30.7	34.9
30.7	29.5
30.7	35.1
30.7	27.7
30.8	32.7
30.8	29.0
30.9	30.4
30.9	31.9
31.0	23.8
31.1	30.5
31.2	20.9
31.3	26.1
34.3	42.4
33.9	53.5
33.8	63.8
33.7	56.7
33.7	59.8
33.7	71.1
33.7	67.1
33.7	73.2
33.7	61.8
30.6	26.3
30.7	31.6
30.8	31.3
30.8	30.7
30.9	33.2
31.0	28.7
31.0	25.8
31.1	28.1
35.6	57.1
35.6	53.3
35.4	61.4
30.4	41.6
30.4	52.9
29.9	8.0
29.9	19.5
29.9	21.6
29.9	36.6
29.9	49.5
29.9	48.7
30.0	57.0
30.0	63.7
30.0	74.3
30.0	68.1
30.1	54.8
30.1	48.6
30.1	35.1
29.9	17.7
29.9	35.3
29.9	57.2
29.9	60.1
29.9	69.6
29.9	84.3
30.0	98.2
30.0	95.6
30.0	74.4
30.0	52.8
30.8	43.1
30.9	80.7
30.9	77.5
30.9	77.1
30.9	50.5
31.0	44.4
31.0	48.2
36.0	7.5
35.6	24.6
35.7	42.3
36.8	67.4
36.5	57.0
36.8	25.6
36.7	37.9
36.4	74.2
36.6	41.4
36.5	65.0
36.4	80.8
35.7	52.3
35.6	67.3
36.3	59.7
36.2	50.0
36.0	65.4
35.7	75.9
35.8	71.6
35.8	96.1
35.5	106.2
35.7	82.9
35.5	75.2
35.5	61.8
35.1	20.7
35.1	31.4
35.1	37.4
35.1	35.0
35.1	47.5
35.1	71.1
35.5	58.2
29.7	31.9
29.7	38.9
29.7	46.9
29.7	59.6
29.7	53.2
29.7	52.0
29.7	65.1
29.8	70.4
29.8	44.1
29.6	61.4
29.6	62.6
29.6	79.1
29.6	81.1
29.7	103.4
29.7	88.2
29.7	92.1
29.7	87.4
29.7	93.6
30.2	23.6
30.2	32.3
30.1	33.0
30.0	34.5
30.0	35.5
29.9	39.1
29.9	40.3
29.9	40.8
29.9	37.7
29.9	36.9
29.9	35.5
29.9	54.2
29.8	51.7
29.8	51.6
29.8	60.5
29.8	63.2
29.8	61.2
29.9	61.3
29.9	69.7
40.6	19.6
34.8	22.5
31.9	26.0
30.6	36.1
30.1	40.9
29.8	48.2
29.7	56.7
29.6	60.0
29.6	47.4
29.6	56.8
29.6	48.2
29.6	39.9
29.6	45.1
30.3	25.7
29.9	25.6
29.7	26.3
29.6	31.3
29.6	36.6
29.5	35.4
29.5	41.2
29.5	39.7
29.5	36.4
29.6	9.2
29.6	13.0
29.5	16.6
29.5	20.0
29.6	21.5
29.6	28.2
29.6	23.9
29.6	23.4
29.6	29.8
29.6	35.4
29.6	32.7
29.6	26.3
29.7	3.7
29.6	9.4
29.6	19.2
29.6	26.1
29.6	25.2
29.6	27.7
29.6	39.2
29.6	35.0
29.6	28.6
29.6	26.5
29.6	31.8
29.6	33.8
29.6	23.7
29.6	21.2
29.7	30.4
29.7	43.4
29.7	66.4
29.7	90.7
29.7	87.4
29.7	94.3
29.8	97.4
29.8	100.6
29.8	133.7
29.8	98.4
29.8	94.3
29.8	95.0
29.8	110.9
29.8	115.7
29.6	19.8
29.6	31.9
29.6	32.9
29.7	65.4
29.7	84.0
29.7	84.5
29.7	83.8
29.7	119.4
29.7	97.1
29.7	79.6
29.8	61.7
29.8	68.0
29.8	53.6
29.8	63.8
29.8	63.1
29.8	57.9
30.0	47.8
30.0	66.1
30.0	85.3
30.0	101.8
30.0	113.6
30.0	119.8
30.0	147.7
30.0	126.9
30.0	148.3
30.0	116.3
30.0	105.7
30.0	138.4
30.1	107.3
30.1	61.6
30.1	52.2
30.0	54.4
30.0	74.2
30.0	67.9
30.0	92.6
30.0	130.3
30.0	140.0
30.0	147.0
30.1	151.2
30.1	117.7
30.1	113.0
30.1	106.1
30.1	93.7
30.1	117.0
30.1	92.5
29.8	28.6
29.7	41.6
29.6	54.4
29.6	33.8
29.6	41.0
29.6	38.2
29.6	46.6
29.6	45.4
29.6	33.2
29.6	40.2
29.6	30.6
29.6	24.4
29.6	30.0
29.6	29.4
29.6	53.9
29.7	34.4
29.7	38.3
29.7	30.1
29.7	37.0
29.6	56.2
29.6	75.8
29.6	68.8
29.6	83.1
29.6	77.7
29.6	99.8
29.6	110.6
29.6	103.5
29.7	126.0
29.7	113.6
29.7	97.0
29.7	118.3
29.7	84.2
29.7	84.3
29.7	81.8
30.1	14.5
30.1	37.4
30.1	50.0
30.1	75.4
30.1	111.9
30.1	72.3
30.1	81.0
30.1	126.6
30.1	139.3
30.1	165.0
30.1	143.0
30.0	114.5
31.5	141.6
35.2	107.1
35.3	82.5
35.5	84.2
35.8	69.9
36.0	19.9
35.8	38.1
36.2	61.8
36.7	96.8
36.1	131.2
35.5	144.0
36.6	129.2
37.0	143.2
36.8	163.4
36.9	164.5
36.3	188.8
36.1	168.6
36.8	162.1
36.9	163.6
37.0	122.9
36.5	110.2
37.0	88.2
37.1	14.3
37.9	39.6
37.2	52.2
37.0	79.4
37.4	110.1
36.7	159.2
36.7	166.6
36.5	202.3
36.6	168.7
37.1	208.3
36.6	215.7
37.5	196.6
36.4	141.4
36.7	105.5
36.9	113.4
36.4	114.3
37.2	67.9
37.4	39.0
36.1	64.7
36.1	47.8
36.5	67.1
37.0	110.2
36.3	75.6
36.4	68.9
36.6	70.5
35.1	61.7
35.1	69.5
35.2	63.8
35.4	78.2
35.4	112.3
36.5	117.7
36.0	151.1
36.6	164.6
36.2	148.2
36.1	200.2
36.1	170.5
35.7	173.5
35.8	154.1
35.7	140.7
35.4	131.7
35.5	92.7
35.4	45.4
35.6	68.2
35.5	111.8
35.6	101.2
35.3	90.9
35.6	104.0
35.3	107.1
35.2	117.6
35.3	132.9
35.2	153.8
35.2	167.4
35.2	158.7
35.4	107.6
35.2	105.8
35.1	124.0
35.2	92.0
35.1	35.0
35.1	76.7
35.1	71.4
35.2	88.7
35.4	115.4
36.1	119.1
35.9	162.8
36.1	187.2
35.6	164.4
35.3	198.7
35.4	178.9
35.1	156.7
35.2	153.9
35.3	158.5
35.1	145.1
35.1	104.1
35.1	94.1
35.2	81.4
37.4	30.9
35.0	26.0
35.1	23.0
35.1	33.5
35.4	36.6
36.6	55.9
35.7	61.6
35.9	68.8
35.7	102.8
35.6	110.0
35.6	89.8
35.2	104.8
35.4	91.5
35.2	119.3
35.1	98.4
34.9	33.4
34.8	56.1
34.9	57.8
35.1	39.2
35.2	96.3
35.2	77.1
35.3	125.4
35.1	62.7
35.1	65.8
35.1	64.7
35.1	76.1
35.1	97.2
35.1	69.3
35.0	93.3
35.0	140.6
34.9	116.3
34.9	159.5
34.8	159.1
34.7	138.6
34.7	154.2
34.6	159.6
34.6	157.1
34.5	157.4
34.4	139.4
34.3	123.0
34.3	127.2
34.3	149.5
34.4	30.4
34.4	40.2
34.4	37.9
34.3	41.6
34.1	61.9
34.1	111.0
34.0	131.9
33.9	137.7
34.0	122.1
34.0	121.5
34.0	104.2
33.9	146.9
33.9	130.4
33.9	111.0
33.8	83.3
33.7	71.7
33.8	54.3
35.2	43.7
35.6	49.9
35.8	108.0
35.6	172.4
35.5	189.3
35.3	217.3
35.5	223.9
35.6	216.9
35.5	225.8
35.6	212.3
35.7	159.5
35.6	126.2
35.2	114.6
35.2	88.6
34.9	4.8
34.9	31.1
34.9	50.6
34.9	65.2
34.9	64.1
34.9	99.3
34.8	93.6
34.8	125.7
34.8	130.3
34.9	102.4
34.9	153.4
35.0	123.5
34.9	115.4
34.8	124.1
34.9	96.8
34.9	79.6
34.9	81.1
34.8	64.4
34.9	53.7
34.9	59.0
34.9	118.7
34.9	57.0
35.0	13.8
35.0	50.5
35.1	156.5
35.1	107.1
35.1	87.6
35.1	78.5
35.1	93.7
35.0	95.8
35.0	85.0
34.9	44.8
34.9	59.0
34.9	89.5
34.8	136.5
34.8	125.2
34.8	180.4
34.8	180.2
34.8	191.8
34.7	197.9
34.8	202.4
34.7	174.8
34.7	170.9
34.6	144.9
34.6	134.6
34.7	129.8
34.6	114.2
34.6	126.1
34.6	76.3
34.6	57.7
34.9	24.2
34.8	67.6
34.8	39.2
34.6	44.8
34.6	49.7
34.5	100.6
34.4	95.2
34.4	112.8
34.4	111.9
34.3	103.9
34.3	92.8
34.3	109.3
34.1	87.6
34.1	65.2
34.1	64.6
35.0	55.3
35.0	91.3
34.9	180.5
34.9	203.3
34.8	174.9
34.9	158.2
34.7	114.1
34.7	96.8
34.7	141.8
34.6	106.0
34.6	80.7
34.5	55.9
34.9	12.3
34.8	46.4
34.7	67.5
34.6	92.1
34.5	93.0
34.3	93.2
34.3	75.1
34.3	115.5
34.2	109.0
34.0	96.5
34.2	113.2
34.0	110.1
33.9	128.1
33.7	117.1
33.6	131.2
33.6	107.2
33.5	92.7
33.3	89.4
33.4	85.1
33.2	81.9
33.2	48.3
33.8	30.6
33.6	48.4
33.5	49.0
33.4	62.5
33.3	66.2
33.2	84.8
33.1	82.3
33.0	87.1
32.9	89.3
32.8	103.1
32.6	110.6
32.6	129.4
32.5	110.6
32.4	97.2
32.2	112.9
32.2	105.4
32.2	110.9
32.1	79.4
32.0	66.6
32.0	59.4
32.0	57.8
31.9	55.6
31.9	48.3
31.8	61.4
31.7	70.6
31.6	85.1
31.6	79.4
31.4	85.4
31.3	114.0
31.3	80.4
31.2	97.7
31.1	92.8
31.0	89.9
30.9	86.0
30.9	56.9
30.9	60.6
30.9	43.7
30.9	34.7
30.8	38.1
30.8	34.5
31.0	51.3
31.1	69.8
31.1	74.0
31.1	55.4
31.2	78.2
35.2	79.8
35.4	76.5
35.5	108.2
35.2	106.2
35.5	140.9
35.2	119.3
35.2	180.7
35.3	166.8
35.1	113.5
35.3	120.2
35.1	178.6
35.3	104.9
35.1	107.9
35.2	122.7
35.1	108.3
35.0	98.1
35.0	50.0
35.1	62.1
35.0	138.4
35.0	131.2
35.0	172.3
35.0	27.6
35.0	244.9
35.0	239.5
35.0	183.6
35.0	132.6
35.0	111.1
34.9	125.0
35.2	74.6
35.1	97.0
35.1	120.6
35.1	97.7
35.1	104.0
35.1	124.3
35.1	107.3
35.1	117.6
35.1	147.9
35.0	120.6
35.0	185.9
35.0	126.5
35.0	174.1
35.0	138.7
34.9	117.4
34.9	135.7
34.9	102.7
34.9	72.3
35.0	30.4
35.0	51.7
34.9	69.8
34.8	106.8
34.6	124.8
34.6	126.8
34.4	150.2
34.4	123.2
34.4	147.8
34.4	140.6
34.5	131.8
34.3	145.0
34.3	149.6
34.4	152.6
34.2	114.0
34.4	126.0
34.4	142.2
34.3	96.6
34.2	72.9
34.2	55.4
34.3	63.7
34.5	42.3
34.5	46.4
34.3	75.4
34.1	103.0
33.8	137.8
33.7	156.5
33.6	167.4
33.5	160.6
33.4	178.0
33.4	180.6
33.3	147.3
33.3	152.4
33.3	149.4
33.2	144.2
33.2	164.6
33.1	143.3
33.1	163.6
33.0	104.6
32.9	105.0
33.0	116.2
32.9	96.8
32.5	44.0
32.4	44.7
32.3	71.5
32.1	76.1
32.0	107.4
31.9	100.9
31.8	104.7
31.7	119.5
31.6	161.7
31.6	156.3
31.5	168.1
31.4	169.2
31.3	147.9
31.3	153.6
31.2	172.7
31.1	155.3
31.0	132.3
31.0	121.6
30.9	108.1
30.8	98.8
30.8	76.9
30.4	32.2
30.3	49.8
30.3	61.9
30.2	58.1
30.2	60.7
30.2	47.4
30.1	70.7
30.1	93.6
30.0	112.6
30.0	125.9
30.0	94.2
29.9	95.1
29.9	108.8
29.9	90.2
29.9	91.1
29.9	75.6
29.8	53.8
30.0	41.6
29.9	36.5
29.9	52.6
29.9	45.9
29.9	45.6
29.9	59.3
29.8	88.8
29.8	66.7
29.8	55.9
29.8	62.6
29.8	54.7
29.7	70.7
29.7	67.4
29.7	47.3
29.9	210.3
29.9	100.1
29.9	67.6
29.9	62.2
30.0	59.4
29.9	217.0
29.9	164.4
29.9	81.5
30.0	61.2
31.0	37.5
31.0	50.9
30.9	95.5
30.8	97.4
30.8	108.2
30.7	138.3
30.7	138.9
30.7	138.7
30.7	111.7
30.7	102.4
30.7	118.3
30.7	114.0
30.6	141.3
30.6	105.3
30.6	96.4
30.5	113.7
30.5	91.6
30.5	89.5
30.4	97.7
30.4	78.5
30.3	78.1
30.1	39.8
30.0	41.2
30.0	63.3
29.9	40.7
29.9	59.8
29.9	64.3
29.8	74.4
29.8	102.9
29.8	103.1
29.8	101.6
29.7	137.7
29.7	131.3
29.7	120.4
29.7	106.5
29.7	122.3
29.7	76.3
29.7	62.6
29.6	54.0
29.6	59.5
29.6	48.0
29.6	51.9
29.7	57.2
29.7	52.5
29.7	47.3
29.7	47.3
29.7	40.0
29.7	32.4
29.6	51.5
29.6	34.6
29.6	23.6
29.6	62.2
29.6	58.5
29.6	76.1
29.6	76.8
29.6	95.9
29.5	77.8
29.5	75.0
29.5	63.2
29.6	61.9
29.6	53.7
29.6	41.2
29.6	65.8
29.6	70.2
29.6	67.1
29.6	64.9
29.5	86.6
29.5	114.5
29.5	108.4
29.5	119.1
29.5	170.0
29.5	158.0
29.5	139.8
29.5	164.4
29.5	138.3
29.5	129.3
29.5	112.9
29.5	126.2
29.5	107.2
29.5	103.6
29.5	76.9
29.5	54.9
29.5	65.4
29.5	60.5
29.5	85.6
29.5	69.1
29.5	67.2
29.5	84.4
29.5	104.7
29.5	98.9
29.4	86.8
29.4	75.0
29.4	93.2
29.4	73.7
29.4	103.5
29.4	82.3
29.4	55.3
29.9	82.4
29.8	97.8
29.9	90.7
29.9	115.4
29.9	62.6
29.9	77.0
29.9	274.7
29.9	228.1
30.0	289.6
30.0	364.0
30.1	272.2
30.2	155.8
30.3	145.9
35.1	89.9
35.1	93.3
35.0	135.6
35.0	129.4
35.0	139.0
34.9	130.6
34.9	189.5
34.8	130.6
34.8	174.3
34.7	172.3
34.7	166.9
34.8	156.4
34.7	166.9
34.6	175.9
34.5	155.6
34.5	150.6
34.5	120.6
34.5	124.8
34.4	96.0
34.4	80.3
33.9	43.8
33.8	42.1
33.7	46.0
33.6	65.2
33.5	51.0
33.4	81.5
33.3	108.9
33.2	86.5
33.1	81.7
33.1	100.1
32.9	76.3
32.9	78.5
32.9	69.1
32.8	55.6
32.8	60.5
32.8	65.6
35.4	18.1
35.2	44.6
35.2	47.9
35.4	68.2
35.2	103.6
35.3	107.4
35.1	166.2
35.3	184.6
35.1	167.9
35.5	103.8
35.4	59.7
35.5	71.9
35.2	68.6
35.6	45.1
35.1	94.7
35.1	83.7
35.2	69.5
35.1	56.9
35.1	74.6
35.2	50.7
35.3	53.7
35.0	55.5
35.1	53.5
35.1	30.9
35.1	46.0
35.1	79.3
35.1	100.7
35.0	89.5
35.0	121.3
35.0	97.8
34.8	118.0
34.9	132.6
34.8	134.9
34.8	155.2
34.8	149.8
34.8	126.9
34.7	152.5
34.6	121.0
34.6	122.1
34.5	133.4
34.4	95.1
34.6	96.7
34.6	63.2
34.6	94.1
34.5	76.6
34.4	19.8
34.3	25.3
34.2	34.2
34.1	53.4
33.8	62.4
33.8	59.3
33.6	81.3
33.5	98.8
33.4	93.9
33.3	105.2
33.3	65.5
33.1	57.4
33.2	71.8
33.0	77.9
33.0	55.5
33.0	35.3
32.0	57.3
36.1	35.5
36.2	119.8
36.0	168.5
35.5	164.6
35.9	253.7
36.2	281.8
35.8	186.5
36.1	165.8
35.9	111.7
35.9	116.6
36.0	149.2
35.7	135.6
35.5	128.4
35.9	107.9
35.6	60.5
35.3	79.3
35.1	106.4
35.1	77.6
35.1	50.8
35.1	39.9
35.0	92.7
35.1	124.8
35.1	114.0
35.2	85.1
35.1	21.2
35.1	42.2
35.1	55.8
35.0	62.8
35.0	65.3
35.0	126.2
35.0	149.3
35.0	161.5
34.8	181.7
34.8	165.2
34.9	160.9
34.8	168.2
34.8	157.6
34.8	164.5
34.7	159.6
34.7	168.6
34.5	165.8
34.5	141.4
34.5	124.2
34.5	118.6
34.4	89.1
34.5	92.9
34.4	84.4
34.1	32.5
34.0	38.9
34.0	72.4
33.7	56.4
33.7	62.5
33.6	89.0
33.4	85.1
33.3	85.5
33.2	120.6
33.0	160.6
32.9	141.6
32.8	169.4
32.7	187.4
32.6	171.2
32.6	144.2
32.4	99.5
32.4	135.2
32.3	111.3
32.2	132.9
32.1	92.8
32.0	102.8
31.9	89.0
31.8	69.8
31.1	28.5
31.0	54.1
30.9	67.7
30.8	71.6
30.7	74.0
30.6	78.2
30.5	110.1
30.4	97.3
30.3	107.7
30.3	99.3
30.2	157.8
30.1	163.4
30.0	128.8
30.0	175.0
29.9	143.8
29.9	177.3
29.9	132.3
29.8	121.8
29.9	199.1
29.8	50.8
36.0	111.5
35.6	153.8
36.3	287.5
35.7	191.3
35.9	166.4
36.0	118.5
35.9	146.7
36.5	114.0
35.9	73.4
36.5	61.0
35.9	45.0
35.6	48.9
36.0	81.9
35.8	96.4
35.4	102.7
36.0	125.1
35.5	165.3
36.2	176.3
35.3	205.3
35.6	183.9
36.0	224.6
35.6	203.8
35.6	190.9
35.5	205.0
35.5	212.1
35.0	216.2
35.5	185.3
35.1	163.0
35.1	143.2
35.0	120.1
35.2	115.4
35.0	103.3
35.1	88.4
34.9	41.7
34.9	58.8
34.9	67.6
34.8	89.1
34.7	96.2
34.7	116.2
34.7	131.3
34.5	129.1
34.6	98.6
34.6	113.6
34.7	110.9
34.6	104.8
34.6	79.7
34.5	111.1
34.6	94.8
34.6	99.1
34.5	69.2
34.5	24.7
34.4	58.4
34.3	76.7
34.2	31.7
34.1	54.0
34.1	69.4
34.0	75.7
33.9	76.3
33.8	72.6
33.6	85.5
33.4	110.9
33.4	99.6
33.4	89.6
33.3	123.0
33.2	88.8
33.2	91.6
33.3	75.0
33.1	89.8
33.1	98.3
33.0	95.5
33.1	111.7
33.0	92.6
32.9	86.7
35.9	219.3
36.2	199.2
37.0	205.9
36.8	181.5
36.1	192.7
35.9	148.8
36.6	189.5
36.8	186.6
36.1	130.8
35.7	30.9
35.5	61.6
35.2	106.4
35.2	127.1
35.3	123.7
35.5	175.8
35.7	134.1
35.5	198.3
35.7	204.8
35.1	254.3
35.0	288.7
35.7	277.0
35.2	298.1
35.3	228.5
34.8	251.1
35.6	230.5
35.3	199.0
34.9	180.9
34.9	168.5
35.0	145.4
34.9	115.0
34.8	106.7
34.8	77.0
34.8	61.5
34.7	81.8
34.8	107.2
34.8	132.8
34.6	131.6
34.5	134.4
34.5	176.1
34.5	144.9
34.3	200.0
34.3	223.4
34.2	240.8
34.3	245.3
34.2	245.8
34.1	230.2
34.1	226.1
34.0	193.3
34.0	148.9
33.9	147.9
33.9	117.8
33.8	93.6
34.7	147.8
34.7	165.5
34.8	131.8
34.9	101.1
34.6	106.1
34.7	112.9
34.7	115.2
34.8	170.8
34.7	146.5
34.6	196.6
34.5	164.8
34.5	142.7
34.5	158.7
34.4	111.9
34.5	121.5
34.6	121.6
34.6	94.6
34.4	35.6
34.4	88.3
34.4	94.3
34.3	132.6
34.3	142.5
34.3	136.8
34.3	116.1
34.2	128.5
34.2	114.8
34.2	130.1
34.1	147.9
34.0	129.4
33.9	121.9
33.9	98.7
33.8	127.4
33.9	86.4
33.7	82.3
33.6	73.5
33.7	65.8
33.4	34.8
33.5	57.0
33.3	73.3
33.4	68.0
33.0	83.2
32.9	105.5
32.8	142.8
32.6	125.1
32.4	139.6
32.3	154.7
32.1	148.6
32.0	186.5
31.9	183.0
31.8	145.6
31.6	214.7
31.5	146.2
31.4	155.3
31.3	121.1
31.2	123.1
31.1	86.3
31.0	66.7
30.9	66.5
30.5	32.9
30.5	52.1
30.5	73.0
30.4	96.9
30.4	96.7
30.3	107.6
30.2	161.8
30.2	158.0
30.1	143.1
30.1	142.7
30.0	162.5
30.0	189.8
30.0	154.7
29.9	136.7
30.0	144.0
29.9	137.4
29.9	95.1
30.0	86.4
30.0	63.2
34.2	73.3
34.2	114.1
34.1	136.4
34.0	172.7
34.0	150.8
34.0	164.6
33.8	198.4
33.7	191.9
33.6	162.6
33.7	169.2
33.5	162.5
33.4	167.1
33.4	158.6
33.3	120.4
33.2	156.0
33.1	176.5
32.9	131.4
33.0	127.5
32.8	111.2
32.9	112.4
32.8	92.8
32.0	42.8
31.9	44.5
31.8	84.9
31.6	56.1
31.6	42.1
31.5	70.8
31.4	85.1
31.3	71.4
31.2	63.8
31.1	120.3
31.0	114.3
31.0	98.3
30.9	166.8
30.8	111.7
30.6	139.3
30.6	151.0
30.5	125.2
30.5	117.3
30.5	58.9
30.5	43.0
30.5	60.1
30.5	56.4
30.5	60.2
30.4	119.5
30.3	144.5
30.3	71.8
30.3	94.3
30.2	119.3
30.1	122.5
30.1	110.0
30.1	94.5
30.1	111.1
30.1	89.7
30.1	78.3
30.1	88.8
30.2	41.9
30.1	47.2
30.1	80.1
30.1	89.2
30.0	87.0
30.0	94.2
29.9	91.7
29.9	101.9
29.9	96.2
29.8	104.4
29.8	117.6
29.8	124.3
29.7	125.8
29.7	138.4
29.7	123.1
29.7	141.2
29.7	105.9
29.7	99.9
29.7	80.6
29.7	97.5
29.7	73.5
29.7	67.6
29.7	68.9
29.9	69.8
29.9	67.7
29.9	72.3
29.9	73.4
29.8	79.1
29.8	68.9
29.8	66.3
29.7	91.5
29.7	101.4
29.6	128.5
29.6	114.6
29.6	116.4
29.6	116.5
29.6	100.0
29.6	112.5
29.6	123.9
29.6	110.1
29.6	68.0
29.6	97.0
29.6	88.2
29.6	57.8
29.6	59.0
29.8	40.9
29.7	56.5
29.7	37.1
29.7	39.3
29.7	72.0
29.7	69.7
29.6	89.4
29.6	55.4
29.6	57.0
29.7	69.1
29.7	61.0
29.7	51.1
29.7	52.5
29.7	54.0
29.7	38.0
29.7	39.2
29.8	30.9
29.8	52.0
29.8	61.6
29.7	79.3
29.7	52.6
29.7	84.6
29.6	101.7
29.6	88.3
29.6	115.6
29.6	122.9
29.5	99.6
29.5	108.4
29.5	100.0
29.5	93.9
29.5	95.5
29.5	74.6
29.5	78.0
29.5	82.4
29.5	56.7
29.5	74.6
29.6	65.0
29.6	49.0
29.6	41.4
29.7	63.1
29.7	61.7
29.7	70.3
29.6	79.4
29.6	91.8
29.6	79.4
29.6	91.7
29.6	116.8
29.6	77.8
29.6	73.6
29.6	73.4
29.6	60.7
29.6	131.8
29.6	172.5
29.6	201.0
29.5	147.2
29.5	123.3
29.5	106.7
29.5	93.5
29.5	93.5
29.5	73.7
29.5	63.9
35.9	42.8
36.0	62.4
35.6	117.6
36.1	150.7
36.3	241.5
36.0	268.0
35.7	187.1
35.1	233.8
35.0	170.6
35.8	188.1
35.6	195.5
35.9	149.0
35.5	225.1
36.1	254.2
35.2	252.2
35.1	223.4
35.6	218.1
35.1	212.1
34.9	242.3
34.7	147.6
34.9	190.7
34.8	140.7
34.7	120.9
34.9	78.7
34.8	93.8
34.8	84.9
34.8	75.4
34.8	73.2
34.7	82.9
34.7	81.1
34.5	115.4
34.6	135.3
34.5	125.2
34.5	166.9
34.4	203.6
34.3	156.3
34.3	132.5
34.3	132.0
34.3	118.1
34.2	247.4
34.3	104.4
34.2	94.6
34.2	96.9
33.9	34.0
33.8	44.2
33.7	66.0
33.6	79.4
33.6	90.3
33.4	112.9
33.3	121.0
33.2	166.0
33.1	144.2
32.9	152.8
32.7	163.4
32.7	159.8
32.5	165.0
32.3	150.9
32.3	168.8
32.2	202.3
32.0	168.2
32.0	123.9
32.0	124.3
31.9	112.7
31.9	78.5
31.8	75.7
31.7	58.5
31.1	29.9
31.0	42.4
30.9	26.6
30.9	74.3
30.8	82.4
30.7	122.7
30.6	96.7
30.5	105.5
30.5	75.3
30.5	54.3
30.4	51.2
30.5	63.7
30.4	76.4
30.4	40.1
30.4	61.8
30.3	46.9
30.3	56.3
30.3	51.7
30.3	49.1
30.8	71.6
30.8	63.4
36.0	160.5
35.4	151.1
35.3	263.7
35.2	199.6
35.8	159.2
35.5	127.2
35.3	139.0
35.8	104.1
35.3	82.0
35.5	7.0
35.8	79.2
35.7	140.4
35.7	192.4
35.5	203.7
35.1	218.9
35.7	316.7
35.7	294.4
35.5	429.5
35.6	346.8
35.5	446.1
35.3	404.0
35.2	337.4
35.4	268.7
35.4	396.9
35.5	362.9
35.0	305.2
35.2	262.3
35.1	214.3
34.8	177.8
34.8	160.7
34.8	142.0
34.8	123.1
34.8	123.9
34.8	155.2
34.4	41.0
34.5	106.0
34.4	146.2
34.4	162.0
34.4	173.2
34.2	211.8
34.3	213.7
34.1	232.2
34.2	239.8
34.0	229.4
34.0	184.9
34.0	217.8
33.7	209.1
33.7	173.7
33.6	177.5
33.7	151.1
33.3	129.0
33.3	118.3
33.2	98.1
33.0	72.3
33.2	57.6
33.2	71.1
33.0	44.2
32.7	15.5
32.5	36.8
32.5	51.4
32.3	74.0
32.3	88.3
32.2	90.6
32.0	111.5
31.9	77.3
31.8	65.0
31.8	92.4
31.6	142.1
31.4	127.5
31.3	116.2
31.2	96.2
31.1	59.7
31.0	79.4
31.0	74.3
31.0	65.6
31.0	80.3
30.9	55.1
30.8	83.9
30.8	44.6
30.7	33.5
30.3	26.0
30.3	29.1
30.3	30.1
35.7	597.9
36.8	252.4
35.7	223.0
36.4	184.2
36.3	128.8
35.5	224.2
36.4	145.6
36.2	98.3
36.1	37.4
35.7	63.1
35.9	55.8
36.2	117.4
36.3	155.4
36.2	155.0
36.6	123.0
35.7	121.4
35.7	117.7
36.5	215.1
35.8	251.3
35.8	137.5
36.0	118.5
36.3	128.1
35.8	257.9
35.7	235.3
35.9	167.0
36.0	238.2
35.4	182.1
35.7	123.4
36.8	67.1
36.7	88.2
36.6	90.8
36.3	102.5
36.2	88.2
36.8	117.0
37.1	131.8
36.4	211.3
36.0	201.7
36.5	261.6
36.9	231.3
36.3	174.9
36.4	234.4
35.9	262.1
36.5	281.0
36.4	270.3
36.2	107.7
36.5	157.6
36.3	75.8
36.1	90.2
35.6	138.2
35.4	217.2
35.6	238.1
35.4	267.0
35.3	332.4
36.0	338.4
35.5	321.5
35.9	261.1
35.7	257.3
35.4	182.4
35.4	199.7
36.2	201.0
35.2	227.1
35.0	177.9
35.8	156.5
34.9	159.4
34.9	142.2
34.9	125.7
35.0	96.6
34.9	61.7
34.9	107.0
37.0	223.1
36.5	329.7
36.5	388.9
36.9	286.1
36.9	406.9
36.5	389.8
37.3	254.7
36.5	179.9
36.2	146.1
36.4	102.6
36.6	177.5
36.1	216.6
37.5	133.9
36.3	150.3
37.2	164.0
36.4	176.2
36.4	105.9
36.2	72.4
36.0	108.6
36.5	155.3
37.0	173.6
35.8	251.1
36.9	282.0
36.6	323.4
36.8	301.2
35.5	319.3
36.5	257.0
36.0	372.1
36.3	222.5
36.2	284.9
35.5	215.9
36.3	231.3
37.2	206.7
36.5	170.9
36.0	173.1
36.0	141.3
35.6	113.0
36.7	110.0
36.0	122.6
35.3	81.0
35.9	71.8
35.4	65.7
35.3	104.9
35.2	102.8
35.5	127.7
35.9	147.1
35.9	160.3
35.4	164.4
35.8	159.9
36.0	165.7
35.1	163.3
35.6	168.7
35.3	203.0
35.3	145.6
35.7	166.1
35.1	132.2
35.6	128.5
35.3	94.7
35.6	122.5
35.1	111.0
35.4	96.4
35.2	99.0
35.2	86.1
35.7	57.0
35.0	60.9
34.3	28.8
34.4	71.9
34.6	79.1
34.3	51.8
33.8	51.7
33.8	47.6
33.7	54.1
33.6	69.7
33.7	73.2
33.6	95.9
33.6	90.3
33.6	105.7
33.5	105.5
33.4	102.1
33.3	120.8
33.2	142.4
33.4	109.3
33.2	120.9
33.1	135.1
32.9	123.7
32.9	109.4
32.9	101.1
32.8	119.8
32.6	128.0
32.6	109.2
32.5	46.1
32.5	70.0
31.7	54.9
31.7	68.6
31.6	46.9
31.6	68.8
31.6	50.0
31.6	52.6
31.6	87.8
31.6	104.9
31.4	200.1
31.4	266.9
31.4	180.3
31.6	129.8
31.6	103.7
31.6	91.0
37.1	30.6
37.1	71.5
36.5	93.3
37.0	131.4
36.5	136.3
38.4	313.5
36.9	311.1
37.5	423.8
37.5	360.6
36.7	439.7
37.1	465.7
36.6	507.1
36.8	394.9
36.8	350.0
37.2	394.7
36.9	358.7
36.2	301.8
37.8	258.1
36.0	224.7
36.6	173.7
37.3	94.8
38.5	104.8
37.6	205.1
36.7	207.5
37.3	250.2
36.7	290.5
37.2	384.6
37.5	362.1
36.8	466.4
37.5	404.1
37.5	414.7
36.4	449.4
37.7	534.5
36.6	416.6
37.2	458.8
37.2	353.5
36.8	359.5
36.3	289.0
36.6	261.2
36.9	56.1
36.6	77.0
37.1	99.3
36.2	143.6
36.6	190.2
36.3	159.6
37.0	236.9
36.9	149.1
36.3	249.5
36.5	294.2
36.5	238.6
36.2	309.2
36.2	246.9
36.7	231.9
37.2	183.5
37.1	231.9
37.3	116.2
37.1	157.4
36.1	153.1
36.5	156.5
36.2	108.1
36.4	92.3
35.6	54.8
35.3	144.3
36.1	189.4
35.5	104.5
35.9	153.1
36.0	163.1
35.2	207.9
35.5	163.0
36.0	152.5
35.6	167.4
36.0	144.1
36.1	116.7
36.2	202.4
35.5	186.3
35.6	125.1
36.1	143.6
35.4	132.2
35.3	164.7
35.2	133.2
35.6	108.3
35.1	82.3
35.6	118.5
35.8	122.1
35.3	113.9
35.4	146.3
36.6	229.0
36.5	116.0
36.5	72.0
36.0	112.4
36.6	106.4
37.0	108.5
36.3	221.2
36.9	229.9
37.2	218.8
37.4	209.6
36.6	202.7
36.5	142.4
36.8	128.9
36.6	106.9
36.4	42.2
36.1	97.5
35.9	152.2
35.4	178.6
36.3	189.5
36.2	245.1
36.4	310.5
36.5	304.2
35.6	309.6
37.7	317.9
35.9	306.5
36.0	232.4
35.8	300.2
35.9	218.9
36.0	178.5
37.0	230.5
35.9	137.6
36.6	132.9
36.6	156.8
36.2	149.1
36.5	96.3
35.3	44.6
34.9	74.1
34.8	59.8
34.9	139.6
35.0	117.5
35.0	82.2
35.2	82.3
35.1	117.5
35.2	75.7
35.5	213.0
35.5	201.4
34.7	175.3
35.7	136.9
35.2	103.8
35.0	72.7
34.7	96.3
35.0	66.9
34.9	53.0
34.9	77.5
35.0	76.8
34.9	92.7
34.9	92.2
34.8	138.5
34.7	148.6
34.8	182.9
34.7	279.3
34.7	265.1
34.7	238.9
34.7	239.3
34.7	260.6
34.5	266.9
34.6	284.3
34.5	243.0
34.4	180.4
34.4	149.2
34.5	402.3
34.2	262.4
34.3	124.6
34.1	314.0
34.3	260.6
34.3	223.8
34.4	169.8
35.2	78.3
34.9	88.6
35.4	146.6
35.2	213.7
35.8	204.3
35.2	339.4
35.8	321.5
35.4	307.9
35.7	314.4
36.1	347.6
35.4	294.7
35.8	220.8
36.6	605.8
35.3	222.3
35.8	249.5
36.1	433.2
35.7	200.6
36.1	138.9
35.3	134.0
35.1	60.4
35.6	84.1
35.5	110.0
36.1	140.9
35.9	211.2
35.7	217.7
35.7	271.0
35.3	290.2
36.0	296.2
36.1	336.1
35.3	351.5
36.2	325.4
35.8	304.9
35.4	220.0
35.2	191.0
36.2	291.5
35.9	289.8
35.6	233.0
35.7	194.7
35.8	235.8
35.5	185.5
35.7	162.0
34.9	82.6
34.4	64.0
34.4	91.0
34.2	122.9
34.4	100.7
34.2	135.9
34.1	149.8
34.1	161.6
34.2	164.6
34.2	230.9
34.2	225.7
34.1	231.4
33.9	259.2
34.2	247.1
34.0	251.1
33.9	242.8
33.9	239.9
33.5	250.1
33.5	210.6
33.4	213.1
33.4	223.8
33.2	162.8
33.0	146.9
32.8	100.8
32.0	59.8
32.0	97.3
32.0	138.3
32.0	114.1
31.9	142.5
32.0	152.2
32.1	208.2
32.0	181.7
31.9	163.8
31.9	209.5
31.8	253.4
31.7	193.0
31.4	159.6
31.4	223.8
31.2	212.4
31.1	202.9
31.1	140.7
31.9	50.9
32.0	68.4
31.9	113.6
31.9	143.9
31.9	140.5
31.9	177.4
32.0	205.4
32.0	212.4
32.0	200.0
31.9	232.6
31.9	237.4
31.9	224.2
31.9	158.4
31.9	169.5
31.8	223.2
31.7	220.7
31.5	198.4
31.4	206.5
31.2	188.9
31.0	184.8
30.9	140.5
30.9	109.3
30.8	82.6
30.7	79.1
30.8	45.1
30.8	81.1
30.8	66.8
30.8	92.2
30.8	115.0
30.7	133.9
30.8	141.2
30.8	170.9
30.7	156.6
30.8	172.6
30.7	215.5
30.7	198.8
30.7	191.1
30.7	187.7
30.6	237.2
30.5	227.9
30.4	242.7
30.4	233.6
30.4	203.2
30.4	187.4
30.4	160.7
30.3	145.0
30.3	106.9
30.5	57.9
30.4	79.9
30.4	109.0
30.4	101.5
30.4	133.4
30.4	187.0
30.4	293.8
30.4	169.0
30.4	225.8
30.4	214.3
30.4	235.0
30.4	236.7
30.4	250.5
30.3	193.2
30.2	236.9
30.2	208.0
30.2	192.4
30.1	250.8
30.1	200.5
30.1	134.5
30.1	161.3
30.1	164.9
30.1	91.7
30.2	34.9
30.2	57.9
30.2	82.9
30.2	117.4
30.1	141.2
30.1	146.9
30.1	192.8
30.1	217.5
30.1	193.3
30.1	214.3
30.1	214.5
30.1	193.7
30.1	201.6
30.1	181.9
30.0	202.1
30.0	203.2
30.0	223.5
29.9	210.3
29.9	220.4
29.9	179.7
29.9	150.7
29.9	81.5
30.0	118.0
30.0	108.8
30.0	124.1
30.0	165.1
30.0	103.2
30.1	135.3
30.1	168.6
30.0	228.4
30.1	174.8
30.1	171.1
30.1	197.6
30.1	217.4
30.1	190.1
30.1	108.3
30.1	114.7
30.4	50.4
30.4	73.7
30.4	96.1
30.4	104.5
30.4	127.5
30.4	141.9
30.4	160.4
30.5	234.8
30.4	261.4
30.5	278.7
30.5	250.6
30.5	252.2
30.5	228.3
30.5	222.8
30.5	218.6
30.5	196.6
30.5	214.2
30.5	185.4
30.4	176.7
30.5	102.1
30.4	78.6
30.1	83.9
30.1	105.3
30.1	124.0
30.1	158.5
30.1	157.3
30.1	212.2
30.1	244.3
30.1	241.5
30.1	261.5
30.1	239.8
30.1	288.6
30.1	259.6
30.1	293.1
30.1	309.0
30.1	291.2
30.0	267.9
30.0	272.4
30.0	245.0
30.0	271.0
29.9	263.3
29.9	214.2
29.9	142.6
29.9	162.7
29.8	107.7
29.8	37.7
29.8	62.2
29.8	77.8
29.8	112.5
29.8	123.4
29.8	149.9
29.8	122.0
29.8	179.1
29.8	175.0
29.8	199.8
29.8	130.3
29.8	166.9
29.8	86.6
37.7	84.9
37.7	122.1
37.3	153.9
37.3	214.5
38.1	219.4
38.1	318.3
37.2	258.4
36.8	286.4
37.6	293.9
37.6	258.1
36.9	251.6
37.1	272.3
36.6	304.6
37.2	282.8
37.5	314.3
37.0	312.4
36.0	299.2
36.6	256.0
37.2	180.4
37.6	203.7
36.5	149.1
36.3	119.4
37.0	71.5
37.5	69.9
37.2	161.0
38.1	150.6
36.9	262.6
37.4	220.1
37.0	272.5
37.7	284.8
38.3	273.9
37.3	315.0
37.7	217.4
36.7	113.4
37.0	232.4
37.0	209.8
36.6	162.0
36.8	191.2
36.1	132.5
36.8	147.9
36.2	72.1
37.1	112.9
37.0	144.3
36.8	176.3
36.4	227.0
36.1	273.3
36.1	286.0
36.0	287.6
35.8	366.8
37.6	380.9
36.4	422.3
36.4	416.8
35.2	368.8
35.7	413.4
35.7	436.9
35.8	353.8
36.0	337.6
35.9	355.8
35.3	347.3
36.3	257.0
35.6	213.7
35.5	223.9
35.1	166.3
35.7	148.1
34.6	42.3
34.6	91.1
34.5	153.8
34.6	192.6
34.6	223.1
34.4	272.9
34.3	293.9
34.4	330.6
34.3	388.0
34.4	403.7
34.2	370.3
34.0	408.5
34.1	396.1
34.0	450.5
34.0	490.2
34.0	431.9
34.2	373.8
33.9	314.2
33.8	286.4
33.7	225.1
33.7	121.3
33.6	189.5
33.4	159.2
33.4	92.5
31.7	19.1
31.7	60.5
31.7	107.6
31.7	111.8
31.7	161.1
31.6	241.9
31.5	241.7
31.4	316.5
31.4	352.7
31.3	423.9
31.2	374.7
31.3	394.9
31.3	393.1
31.3	367.4
31.2	386.7
31.2	389.2
31.1	377.7
31.0	266.9
31.0	297.1
30.9	252.2
30.8	216.9
30.8	198.2
30.7	159.0
30.6	113.0
30.3	102.2
30.3	97.1
30.4	179.4
30.3	204.9
30.3	139.8
30.3	199.6
30.3	256.4
30.2	264.4
30.2	248.4
30.2	328.0
30.2	302.0
30.2	234.5
30.2	171.3
30.2	381.7
30.1	354.4
30.1	260.2
30.1	321.0
30.1	151.2
30.1	135.6
30.1	145.0
30.1	149.9
30.0	74.2
30.0	159.8
30.0	136.5
30.0	202.0
30.0	242.9
29.9	286.9
29.9	368.4
29.9	372.7
29.9	359.8
29.9	345.0
29.9	352.2
29.8	427.7
29.8	517.9
29.8	292.3
29.8	320.5
29.8	307.2
29.8	218.3
29.8	149.4
29.8	195.9
29.8	163.0
29.8	32.9
29.8	86.7
29.7	112.9
29.8	86.9
29.7	168.2
29.7	169.2
29.7	207.3
29.7	262.3
29.7	218.0
29.7	280.7
29.7	306.1
29.7	355.5
29.7	290.0
29.7	229.4
29.7	181.5
29.7	270.2
29.6	276.8
29.7	90.8
29.7	254.4
29.6	150.5
29.7	112.2
29.6	87.1
29.7	72.7
37.0	52.7
37.2	67.0
36.2	12.3
36.3	383.1
37.5	207.5
37.4	188.0
37.2	135.6
36.8	154.3
37.2	167.8
36.8	231.4
37.2	214.3
37.0	112.9
37.0	176.0
36.9	131.7
37.0	98.5
37.0	47.9
36.9	44.3
36.9	58.1
37.8	76.0
37.6	134.6
37.2	139.1
37.1	179.3
37.0	282.3
37.6	280.0
37.5	322.3
36.9	335.1
36.9	419.4
36.3	353.0
37.0	391.3
37.3	386.6
36.0	338.0
36.5	295.6
35.8	271.3
36.7	247.1
35.7	161.6
36.5	96.7
36.4	97.8
38.4	155.4
37.4	254.2
37.5	246.6
36.7	368.9
38.1	378.1
37.5	334.1
37.2	377.9
37.4	437.7
37.0	411.7
37.0	405.7
37.2	266.4
36.6	349.6
37.9	263.6
36.9	193.4
37.0	94.0
36.5	58.9
36.3	82.7
36.3	90.7
36.2	162.8
36.6	171.2
36.5	189.5
35.8	252.7
36.4	209.4
36.1	264.8
36.1	175.0
36.7	258.7
35.8	227.5
36.7	262.5
36.3	397.7
36.0	244.0
36.2	209.9
36.3	205.7
35.9	270.3
36.0	163.6
36.2	181.1
35.7	135.2
35.7	146.5
36.2	89.6
35.1	69.5
35.3	84.7
35.0	127.9
35.1	141.9
35.0	190.0
35.0	207.0
35.1	240.1
34.9	321.8
35.3	289.0
35.0	377.6
35.1	363.8
34.8	405.0
34.7	331.1
34.7	268.8
34.8	225.3
34.6	190.1
35.0	221.5
34.6	154.5
34.0	100.1
33.9	140.8
33.9	192.5
33.8	235.7
33.8	271.1
33.7	261.4
33.7	293.2
33.6	413.8
33.6	434.4
33.6	390.8
33.4	355.1
33.6	371.0
33.5	408.4
33.3	411.9
33.5	319.8
33.3	290.2
33.3	337.6
33.2	259.8
33.2	157.7
33.2	175.0
33.1	185.3
33.2	165.3
31.7	79.1
31.7	85.2
31.6	108.9
31.7	166.1
31.6	202.8
31.6	232.8
31.6	192.2
31.5	275.9
31.5	275.7
31.4	341.6
31.4	309.6
31.4	371.1
31.3	302.9
31.3	238.1
31.3	258.1
31.3	259.8
31.2	251.5
31.2	121.4
31.2	150.0
31.2	157.9
31.1	119.8
31.1	111.4
31.1	60.9
30.8	58.3
30.8	117.2
30.8	134.1
30.8	187.5
30.8	279.5
30.7	292.2
30.7	412.2
30.7	350.1
30.6	506.2
30.6	409.0
30.6	400.9
30.5	520.0
30.5	418.0
30.5	398.9
30.5	390.8
30.5	422.1
30.5	314.7
30.4	299.2
30.4	281.0
30.4	295.1
30.4	173.0
30.4	124.8
30.3	54.5
30.3	92.4
30.2	133.0
30.3	191.1
30.3	237.0
30.2	271.3
30.2	285.5
30.2	332.7
30.2	356.2
30.1	340.5
30.1	289.2
30.1	153.8
30.2	252.0
30.1	390.7
30.1	391.4
30.1	318.1
30.1	304.5
30.1	292.9
30.1	286.6
30.1	238.5
30.1	183.1
30.1	123.9
30.1	17.5
30.1	59.0
30.1	59.5
30.1	124.0
30.1	119.3
30.0	180.2
30.0	209.2
30.0	282.4
30.0	304.6
30.0	371.2
30.0	381.1
29.9	350.7
30.0	365.6
30.0	416.3
29.9	389.1
29.9	298.1
29.9	289.9
29.9	286.3
29.9	275.6
29.9	237.7
29.9	209.0
29.9	174.3
29.9	120.9
29.9	29.7
29.9	100.1
29.9	130.6
29.9	144.8
29.9	212.8
29.9	237.2
29.9	257.6
29.8	327.7
29.8	283.9
29.8	302.9
29.8	241.4
29.8	369.2
29.8	269.2
29.8	299.4
29.8	337.0
29.8	323.9
29.8	277.1
29.8	251.2
29.8	273.6
29.8	225.6
29.8	169.1
30.3	62.5
30.3	95.0
30.3	121.5
30.3	179.2
30.3	219.6
30.3	261.5
30.3	344.2
30.3	413.2
30.3	361.6
30.3	403.1
30.3	383.8
30.3	208.2
30.3	387.8
30.3	509.3
30.3	442.8
30.3	382.8
30.3	340.3
30.3	386.6
30.3	341.8
30.3	216.2
30.3	188.7
30.3	234.2
30.3	157.7
30.3	140.3
30.2	26.4
30.3	63.8
30.2	117.7
30.2	157.9
30.2	210.8
30.2	230.4
30.2	321.6
30.2	337.8
30.2	379.0
30.2	499.3
30.1	430.0
30.1	381.4
30.1	324.3
30.1	336.7
30.1	32.8
30.1	185.3
30.1	196.1
30.1	153.1
30.1	171.7
30.1	84.4
30.1	82.9
30.1	114.4
30.1	149.1
30.1	259.0
30.1	260.7
30.1	300.3
30.1	291.0
30.1	301.5
30.1	284.7
30.1	202.3
30.1	159.3
30.1	449.3
30.1	462.1
30.0	408.9
30.0	449.8
30.0	445.3
30.0	429.9
30.0	255.5
30.0	301.0
30.0	281.3
30.0	208.8
30.0	148.6
29.9	43.9
29.9	72.1
29.9	91.2
29.9	130.9
29.9	175.8
29.9	213.6
29.9	264.7
29.9	349.3
29.9	251.0
29.9	329.6
29.9	377.8
29.8	405.1
29.8	442.6
29.8	396.1
29.8	340.5
29.8	317.1
29.8	279.3
29.8	271.2
29.8	337.3
29.8	196.2
29.8	196.1
29.8	177.1
29.8	143.6
29.8	18.0
29.8	91.4
29.8	136.9
29.8	163.2
29.8	189.1
29.8	240.0
29.8	327.7
29.8	338.9
29.8	377.6
29.8	425.1
29.7	424.5
29.7	348.3
29.7	388.7
29.7	381.4
29.7	344.2
29.7	267.4
29.7	244.0
29.7	276.8
29.7	282.6
29.7	155.2
29.7	145.3
29.7	135.6
30.2	77.9
36.9	105.6
37.0	226.1
35.8	292.8
37.1	267.8
36.5	316.7
36.6	242.1
36.0	198.2
35.8	135.6
35.9	141.4
36.5	71.6
36.7	104.5
37.1	84.5
36.5	72.8
36.4	276.1
36.3	355.7
36.9	379.3
36.4	345.6
36.7	388.4
36.7	368.5
36.8	283.5
36.2	395.7
36.4	385.9
36.0	347.2
36.6	386.5
36.2	297.7
36.3	299.5
37.2	195.5
36.0	184.5
36.0	211.0
35.4	53.5
36.2	112.6
35.4	153.7
35.7	186.2
35.4	214.5
35.3	229.8
35.2	291.7
35.7	335.6
36.1	413.7
35.8	319.3
35.3	384.7
35.6	379.4
35.6	333.1
35.8	403.0
35.2	336.1
35.2	262.3
35.7	209.5
35.3	128.5
35.3	134.6
35.5	181.5
35.5	208.8
35.2	207.2
35.3	192.3
35.1	83.5
35.0	119.1
34.8	137.9
35.0	198.7
34.9	214.7
34.8	247.1
34.8	339.1
34.9	374.8
35.1	368.7
35.1	416.4
34.8	427.6
34.8	492.6
35.0	438.1
34.6	440.3
34.8	423.9
34.9	487.3
34.6	439.2
34.6	502.8
34.5	342.2
34.6	308.4
34.7	286.2
34.7	207.1
34.7	183.5
34.3	96.7
34.0	75.7
33.9	108.8
34.0	128.6
33.8	94.5
33.9	147.0
33.7	248.2
33.8	200.5
33.8	298.7
33.7	342.7
33.7	349.5
33.7	353.5
33.6	453.4
33.6	320.6
33.6	318.0
33.5	336.7
33.6	355.7
33.4	329.5
33.4	334.4
33.5	164.5
33.4	146.6
33.5	121.2
33.5	76.6
32.3	50.7
32.2	104.8
32.1	116.8
32.1	183.0
32.1	209.3
32.1	208.1
32.0	252.4
31.9	418.3
31.9	330.2
31.9	265.4
32.0	278.6
36.6	245.6
37.4	197.1
36.6	183.9
36.2	86.9
36.0	62.6
37.5	79.2
35.9	115.8
36.3	119.4
36.2	169.5
36.8	195.2
37.1	224.8
36.2	269.3
36.6	296.1
36.8	291.1
36.4	347.6
36.7	312.7
36.6	342.5
36.5	317.8
36.1	351.8
36.9	329.7
36.1	326.2
36.4	247.7
36.6	248.5
36.1	281.5
36.6	238.0
36.7	129.2
36.0	98.7
35.9	14.7
36.2	64.9
35.8	99.2
35.6	128.5
35.7	159.4
35.3	261.9
36.2	203.1
35.5	256.8
35.5	281.8
35.4	278.9
35.4	265.4
35.8	276.2
35.4	355.3
35.8	428.2
36.0	394.7
35.9	324.2
35.4	101.1
36.3	370.5
35.9	261.4
35.6	238.6
35.5	261.3
36.8	186.0
35.8	117.0
35.6	99.1
35.3	69.0
35.1	67.8
35.0	86.4
35.6	103.6
35.0	170.5
35.4	214.8
35.6	217.1
35.5	249.8
35.3	282.3
35.6	303.7
35.8	254.0
35.7	312.8
35.7	322.2
34.8	207.1
35.4	313.6
35.4	271.8
34.9	223.5
35.4	273.7
35.3	152.8
35.0	188.6
35.0	82.0
34.9	47.4
34.8	98.6
34.8	154.1
35.0	152.1
34.8	160.7
34.7	142.6
34.8	149.7
34.9	242.1
34.7	180.1
34.8	432.3
34.9	325.8
34.6	380.7
34.7	359.0
34.8	251.4
34.8	252.0
34.7	378.3
34.7	274.1
34.8	243.5
34.9	198.7
34.5	13.4
34.4	97.4
34.6	103.0
34.5	72.5
34.4	148.5
34.4	183.2
34.4	296.1
34.5	199.6
34.3	230.2
34.3	305.6
34.5	262.6
34.3	410.7
34.3	209.3
34.3	262.5
34.3	249.6
34.4	308.5
34.3	294.2
34.4	258.3
34.4	186.8
34.1	182.3
34.3	143.5
33.9	101.1
33.9	113.0
33.9	145.1
34.0	178.5
33.9	200.9
33.9	226.9
33.8	263.8
33.7	341.9
33.7	330.4
33.6	370.4
33.7	372.6
33.8	334.4
33.6	339.1
33.6	362.5
33.5	362.2
33.5	360.9
33.6	349.6
33.5	302.7
33.5	236.9
33.4	189.6
33.5	157.4
33.4	110.8
32.7	16.1
32.6	53.4
32.6	148.2
32.6	201.6
32.6	244.4
32.5	228.9
32.5	310.8
32.4	376.6
32.4	340.1
32.4	377.4
32.3	475.2
32.3	354.7
32.2	477.0
32.3	370.6
32.2	344.0
32.2	455.5
32.0	407.6
32.1	290.5
32.1	238.8
32.0	232.0
32.0	257.4
32.0	158.3
32.0	159.2
31.5	15.3
31.5	87.7
31.5	139.9
31.4	172.9
31.4	202.4
31.4	207.3
31.4	293.3
31.4	348.8
31.3	345.6
31.2	388.0
31.2	433.4
31.2	450.7
31.2	458.5
31.1	430.1
31.1	495.1
31.1	379.0
31.1	365.3
31.1	338.6
31.1	311.6
31.0	295.0
31.0	234.5
31.0	184.7
30.9	140.7
31.0	106.1
30.9	50.8
30.8	105.7
30.8	147.8
30.7	207.9
30.8	235.8
30.8	356.6
30.8	357.0
30.7	429.4
30.7	444.4
30.6	423.9
30.6	406.1
30.6	443.3
30.6	493.5
30.6	492.9
30.6	432.9
30.6	355.3
30.5	363.1
30.5	387.4
30.5	297.0
30.5	230.8
30.5	192.8
30.5	144.2
30.5	28.0
30.4	70.3
30.4	113.6
30.4	140.2
30.4	157.7
30.4	185.1
30.4	239.4
30.4	190.9
30.4	242.7
30.3	293.0
30.3	308.2
30.3	286.8
30.3	209.9
30.3	309.2
30.3	230.7
30.3	276.2
30.3	164.5
30.2	171.3
30.3	84.5
30.3	63.8
30.3	120.8
30.3	153.5
30.3	175.0
30.3	187.9
30.3	230.5
30.3	270.5
30.2	307.6
30.2	331.7
30.2	283.5
30.2	352.3
30.2	374.5
30.2	355.2
30.1	365.1
30.1	358.1
30.1	319.4
30.1	273.4
30.1	237.1
30.1	183.1
30.1	189.9
30.1	148.6
30.1	106.9
30.1	95.3
30.1	129.6
30.1	156.0
30.1	131.0
30.1	134.5
30.1	137.1
30.1	184.7
30.1	181.2
30.1	177.3
30.1	194.2
30.1	113.1
30.1	88.5
30.0	173.3
30.1	112.3
30.0	148.7
30.0	163.3
30.0	163.6
30.0	159.0
30.0	165.6
30.0	143.1
30.0	109.0
30.1	45.8
30.1	71.2
30.1	89.5
30.1	83.2
30.1	95.0
30.1	115.4
30.1	128.3
30.1	197.5
30.1	118.8
30.1	95.3
30.1	308.5
30.1	294.4
30.1	209.3
30.1	186.5
30.1	181.4
30.1	212.2
30.1	194.9
30.0	131.0
30.1	152.0
30.1	98.6
30.0	109.1
30.0	55.9
30.0	80.4
30.0	168.8
30.0	205.8
30.0	221.1
30.0	281.9
30.0	326.6
30.0	380.4
30.0	323.2
30.0	356.9
30.0	321.6
30.0	224.0
30.0	225.7
30.0	189.0
29.9	244.6
29.9	168.2
29.9	172.1
29.9	159.5
29.9	155.6
29.9	198.9
29.9	100.9
29.9	95.8
29.9	139.1
29.9	174.8
29.9	193.9
29.9	275.4
29.9	268.9
29.9	285.5
29.9	316.6
29.9	312.6
29.9	407.8
29.9	360.6
29.9	334.8
29.8	318.5
29.8	320.4
29.8	283.2
29.8	303.5
29.8	218.9
29.8	188.9
29.8	156.5
29.8	139.4
29.8	87.9
29.9	100.9
29.9	116.1
29.9	131.0
29.8	107.7
29.8	155.4
29.9	263.6
29.8	224.0
29.8	203.9
29.8	221.9
29.8	249.9
29.8	259.4
29.8	257.8
29.8	258.5
29.7	281.4
29.8	239.5
29.8	235.5
29.8	218.8
29.8	217.1
29.8	202.0
29.8	121.0
29.8	108.4
29.8	4.2
29.8	29.1
29.8	108.9
29.8	134.0
29.8	148.1
29.8	150.8
29.8	201.3
29.8	214.3
29.8	240.3
29.8	250.6
29.7	307.5
29.7	257.3
29.7	249.6
29.7	241.5
29.7	275.4
29.7	261.9
29.7	264.9
29.7	251.2
29.7	187.6
29.7	167.6
29.7	134.3
29.7	99.5
29.8	7.2
29.8	40.7
29.7	111.4
29.7	130.1
29.7	106.3
29.7	200.2
29.7	201.5
29.7	224.4
29.7	355.6
29.7	298.0
29.6	326.1
29.6	320.4
29.6	282.2
29.6	267.7
29.6	330.4
29.6	308.3
29.6	329.1
29.6	251.9
29.6	234.7
29.6	135.6
29.6	127.0
29.7	44.3
29.7	106.9
29.7	107.4
29.7	145.5
29.8	130.6
29.8	222.2
29.8	189.2
29.8	223.9
29.8	223.8
29.8	175.5
29.8	149.9
29.8	96.2
30.1	56.4
30.1	76.4
30.1	137.5
30.1	172.3
30.1	196.8
30.1	238.5
30.1	306.4
30.1	319.5
30.1	439.0
30.1	424.0
30.0	474.0
30.0	500.8
30.0	432.0
30.0	436.0
30.0	343.1
30.0	353.3
30.0	258.6
30.0	202.5
30.0	251.4
30.0	187.0
30.0	121.4
30.0	63.4
30.0	188.8
30.0	105.6
30.0	221.4
29.9	262.0
29.9	303.7
29.9	286.7
29.9	425.0
29.9	330.7
29.8	340.5
29.8	399.2
29.8	323.4
29.8	390.4
29.8	349.1
29.8	376.2
29.8	314.5
29.8	269.7
29.8	267.1
29.8	158.7
29.8	118.9
29.8	2.0
29.8	44.5
29.8	108.5
29.8	139.3
29.8	188.8
29.8	245.0
29.8	305.1
29.7	343.0
29.7	340.0
29.7	419.4
29.7	359.8
29.7	393.1
29.7	349.5
29.7	316.3
29.7	416.0
29.7	325.6
29.7	321.2
29.7	229.6
29.7	212.2
29.7	188.1
29.7	144.7
29.7	24.7
29.7	86.0
29.7	118.0
29.7	181.0
29.7	172.7
29.7	219.5
29.7	286.5
29.6	319.8
29.6	343.9
29.6	373.1
29.6	344.8
29.6	333.0
29.6	360.0
29.6	404.2
29.6	344.5
29.6	304.5
29.6	302.0
29.6	224.5
29.6	205.4
29.6	162.1
29.6	112.4
29.6	26.8
29.6	64.8
29.6	103.6
29.6	155.6
29.6	177.3
29.6	185.3
29.6	317.1
29.6	335.9
29.6	375.8
29.6	284.2
29.6	397.3
29.6	431.2
29.5	418.6
29.5	407.9
29.5	374.2
29.5	263.2
29.5	267.4
29.5	173.0
29.5	182.8
29.5	188.9
29.6	52.6
29.6	62.9
29.6	135.1
29.6	113.4
29.6	138.8
29.6	109.0
29.6	143.6
29.6	141.0
29.6	178.7
29.6	124.9
29.6	95.0
29.6	66.0
29.6	55.9
29.6	48.5
29.6	50.8
35.8	66.6
36.3	99.5
36.4	132.6
36.2	117.9
36.0	151.0
36.4	173.6
35.6	130.2
36.1	139.9
36.4	110.6
36.6	109.8
36.2	94.7
35.8	85.8
36.5	100.9
36.7	83.8
36.7	131.7
36.4	88.7
36.0	96.2
36.0	70.6
36.1	107.1
35.9	128.7
35.7	183.8
35.7	219.8
36.3	249.8
35.9	291.6
36.4	324.4
35.6	327.4
36.0	430.7
35.4	263.3
35.4	275.0
35.7	341.0
36.0	279.9
35.6	244.9
35.5	254.2
36.2	195.7
35.9	174.5
35.5	169.5
35.3	63.4
35.3	69.7
35.3	145.6
35.8	172.3
35.6	204.0
35.9	232.6
35.3	279.6
35.6	277.6
35.8	331.2
36.1	425.5
35.6	397.7
35.6	295.0
35.9	317.4
36.0	304.0
35.6	378.7
35.5	316.4
35.5	231.1
35.5	293.7
35.7	276.5
35.4	203.4
35.2	152.5
35.4	79.2
35.2	82.2
35.2	125.1
35.4	104.9
35.3	124.8
35.4	95.4
36.4	76.8
36.4	107.3
36.8	137.7
36.1	171.5
36.9	182.3
36.7	228.5
36.3	229.6
37.4	260.1
36.4	297.4
36.7	337.6
36.9	235.3
36.4	338.6
36.9	228.6
35.7	269.5
36.5	168.2
36.6	166.9
36.3	199.1
35.6	118.7
36.4	55.4
35.5	86.7
35.8	170.0
35.9	192.0
35.4	178.6
35.8	197.0
35.6	218.4
35.9	244.9
35.8	250.6
35.6	239.1
35.4	255.6
36.1	289.4
35.4	194.6
36.3	242.0
35.4	211.4
35.5	225.1
36.9	189.5
35.3	147.2
36.0	115.2
36.0	103.1
35.3	95.6
35.2	122.0
35.5	146.2
35.3	164.4
35.4	155.4
35.6	175.3
35.6	236.8
35.5	228.3
35.4	235.7
35.1	164.0
35.2	153.8
35.2	169.6
35.6	164.6
35.3	216.8
35.4	147.6
35.2	128.2
35.1	115.2
35.5	97.9
36.2	97.6
37.6	84.0
37.6	121.0
37.0	92.8
36.9	178.0
37.1	213.1
37.7	205.9
36.9	137.1
37.3	135.1
38.0	155.6
36.8	179.0
37.2	186.9
36.8	116.7
36.9	96.6
37.9	91.4
37.6	87.1
36.8	125.9
36.9	105.3
35.9	224.5
35.8	145.6
36.0	157.3
36.3	235.5
36.8	224.6
36.5	273.5
36.4	291.6
36.5	323.8
36.1	286.6
36.2	343.5
36.2	279.2
36.1	286.6
35.7	270.5
36.3	275.5
36.6	252.3
36.3	192.0
37.0	160.6
36.0	152.4
36.3	28.4
35.9	76.1
35.5	100.6
35.9	146.2
35.9	164.0
35.9	196.4
36.1	194.8
35.9	218.8
35.4	263.0
35.5	308.4
36.1	314.0
35.8	344.4
36.6	337.8
35.7	355.2
35.7	404.5
35.7	319.6
35.9	272.1
36.5	197.5
35.3	156.1
35.4	125.2
35.3	63.7
35.4	24.2
35.1	77.9
35.7	115.5
35.3	147.3
35.3	132.7
35.6	154.7
35.3	199.0
35.5	208.3
35.4	264.8
35.6	252.7
35.3	284.4
35.2	252.8
35.3	279.3
35.6	212.0
35.1	227.2
35.8	192.2
35.9	158.0
35.7	151.0
35.3	106.7
35.0	93.6
35.2	102.4
35.0	110.7
35.1	128.3
35.2	174.5
35.5	207.8
35.1	233.8
35.0	207.3
34.9	239.7
35.0	234.4
35.3	241.6
34.9	236.8
34.9	211.4
34.8	214.9
35.1	183.4
34.9	221.2
35.2	154.7
34.9	84.4
34.9	88.1
35.1	34.1
34.9	67.3
35.0	83.7
34.9	132.2
34.9	169.4
34.8	180.6
34.7	228.9
34.8	240.2
35.0	347.8
34.8	334.0
34.9	320.2
34.7	220.0
34.9	276.8
34.8	240.9
35.1	203.2
34.6	134.2
34.7	109.5
34.9	63.7
34.8	66.3
34.7	104.5
34.7	121.6
34.6	129.4
34.6	156.5
34.7	196.3
34.6	220.4
34.5	193.0
34.6	220.1
34.5	254.2
34.6	180.4
34.4	244.2
34.7	231.5
34.7	191.5
34.6	183.8
34.5	133.2
34.6	148.7
34.6	65.8
34.5	106.9
34.5	111.1
34.6	141.3
34.4	171.4
34.5	218.5
34.5	223.9
34.4	244.0
34.5	277.6
34.4	285.7
34.4	277.9
34.3	336.9
34.3	307.4
34.4	268.0
34.4	185.7
34.4	150.9
34.3	135.6
34.4	118.0
34.5	42.6
34.3	80.7
34.4	134.3
34.5	131.9
34.4	157.3
34.3	180.8
34.3	251.4
34.3	237.7
34.4	247.0
34.1	237.7
34.3	270.8
34.2	321.2
34.1	235.5
34.2	288.3
34.2	256.2
34.3	258.5
34.3	158.1
34.4	152.4
34.3	104.7
34.1	25.1
34.1	54.3
34.2	39.9
34.1	121.4
34.0	132.2
33.8	156.0
33.9	143.6
33.9	208.8
33.9	257.4
33.9	182.5
33.9	262.0
33.8	214.3
33.7	193.8
33.8	198.0
33.8	153.9
33.9	98.6
34.0	73.4
34.3	47.0
34.3	72.5
34.2	93.6
34.2	107.2
34.3	133.1
34.3	138.9
34.3	141.6
34.3	185.3
34.2	200.2
34.1	250.6
34.2	182.3
34.3	270.4
34.1	216.1
34.3	202.5
34.2	206.1
34.1	166.4
34.2	146.2
34.1	112.7
34.2	85.6
34.2	184.0
34.2	111.6
34.1	103.2
34.1	133.3
34.1	170.9
33.7	73.5
33.7	67.2
33.7	58.7
38.0	72.8
37.9	124.7
37.4	136.4
36.8	76.9
37.7	65.8
37.4	72.3
37.0	103.7
36.7	162.3
37.9	146.0
37.6	160.8
37.1	158.4
37.5	186.6
37.8	164.0
37.6	219.6
36.4	174.2
37.3	234.2
36.6	136.8
36.9	177.2
37.4	132.5
36.3	139.9
37.5	126.4
36.8	110.1
36.3	62.1
37.3	88.6
37.0	115.4
37.0	132.5
36.0	134.9
36.3	142.6
36.8	158.7
36.9	131.0
36.4	151.0
37.2	140.1
36.8	131.1
36.1	184.9
36.5	163.6
36.5	136.5
36.7	142.0
37.1	116.0
37.1	131.3
36.1	21.5
36.5	130.6
35.7	150.6
36.0	168.6
36.1	202.4
36.6	184.9
36.4	230.2
36.0	225.1
36.0	229.8
35.9	213.8
36.7	219.0
36.1	227.5
36.1	206.8
36.0	181.4
36.0	147.1
36.0	171.5
36.5	96.8
36.4	117.2
35.8	45.4
36.1	67.3
35.9	76.7
35.7	72.5
35.6	85.3
35.9	118.6
36.3	117.7
35.5	80.2
36.0	264.4
35.9	126.7
35.8	165.8
35.8	146.4
36.1	118.6
35.8	84.0
35.5	86.0
35.6	73.3
35.3	105.1
35.6	106.3
35.2	122.6
35.4	115.5
35.1	133.2
35.1	200.2
35.1	124.3
36.1	133.1
35.8	157.0
36.0	118.0
35.2	135.9
35.7	137.4
35.2	103.7
35.4	81.8
35.5	78.9
35.1	60.8
35.3	111.7
35.1	134.1
35.1	93.1
35.0	117.6
35.4	102.5
35.2	102.3
35.2	141.9
35.2	71.0
35.4	88.7
35.5	60.3
35.4	58.7
35.4	70.2
35.8	88.3
36.0	122.7
35.5	83.8
35.1	90.0
35.4	90.3
35.8	88.9
35.1	81.8
35.8	105.0
35.7	98.5
35.5	80.7
35.3	61.0
35.4	157.2
36.0	102.5
35.6	98.0
35.9	95.6
35.2	65.3
35.3	61.5
35.3	67.4
35.7	63.1
35.5	74.7
35.8	60.3
37.1	75.8
37.5	18.8
36.8	100.5
37.1	111.4
37.0	91.4
36.6	95.8
36.8	92.4
36.7	101.9
37.4	160.2
37.1	192.1
36.8	166.8
37.4	180.5
37.3	145.2
37.3	131.6
37.3	66.4
37.4	68.3
37.2	136.5
37.2	184.1
37.7	204.0
37.2	221.3
37.3	209.4
37.0	191.9
36.9	199.1
37.3	219.0
36.5	184.5
36.7	222.2
36.7	196.0
37.6	134.9
37.6	193.9
36.7	189.2
37.7	129.9
38.0	74.0
37.1	35.3
37.1	72.7
36.3	103.2
37.7	111.3
36.7	142.4
36.7	193.3
36.8	173.3
36.3	179.7
36.6	166.2
36.4	214.1
37.1	162.6
37.3	165.0
36.9	163.5
36.6	136.7
37.0	114.3
37.4	95.7
36.6	84.5
36.3	50.7
36.3	86.4
36.4	90.9
35.6	91.1
36.6	88.7
36.2	110.9
36.3	124.9
36.7	125.4
36.4	180.7
36.0	163.8
36.7	137.4
36.5	170.4
36.1	136.0
36.0	141.8
36.4	129.8
37.1	88.8
36.4	42.6
36.7	10.6
36.4	50.6
36.0	89.4
35.9	96.1
36.2	107.3
36.2	111.1
36.5	136.7
36.1	143.5
36.5	143.7
36.3	156.7
36.2	165.8
35.8	171.8
36.2	159.5
36.7	165.0
35.6	183.2
36.5	177.1
35.8	99.8
36.4	107.9
35.9	39.7
36.3	42.3
36.9	34.3
36.5	50.5
36.7	64.1
36.5	98.8
36.8	118.7
36.2	127.6
36.0	117.9
36.5	69.6
35.8	88.3
36.7	53.4
35.4	97.1
36.7	96.8
36.0	97.5
36.2	84.4
36.2	81.2
35.8	137.8
36.0	132.2
36.3	114.2
35.5	156.7
35.4	127.8
36.5	157.8
35.8	115.0
35.7	114.3
35.5	102.1
35.7	67.7
35.7	60.3
37.8	70.5
38.0	95.3
37.0	104.6
38.2	134.0
37.3	136.1
37.3	132.4
37.5	149.0
37.6	157.8
37.8	116.9
36.9	145.7
38.0	98.5
37.8	107.4
37.2	77.0
37.0	70.5
38.0	49.7
37.6	94.0
36.5	72.1
37.0	85.1
37.8	99.3
37.9	72.4
36.8	62.3
37.2	55.8
37.2	51.1
36.5	42.3
36.6	56.1
36.5	44.7
37.3	38.0
37.3	89.1
37.1	83.0
37.6	101.4
38.2	119.2
37.4	66.2
37.1	82.8
37.4	82.9
37.2	35.8
37.4	55.9
37.1	65.2
36.9	48.8
37.1	80.3
37.5	98.5
36.9	103.0
37.5	115.2
37.9	104.4
36.3	117.8
37.8	120.0
37.2	125.5
36.9	145.4
36.8	131.9
37.5	128.3
36.8	105.2
36.2	106.8
36.5	111.7
37.1	76.6
37.2	90.7
37.3	72.5
37.2	37.6
37.3	49.9
37.1	49.2
36.9	36.0
38.0	49.2
37.5	82.1
38.9	103.3
37.8	106.8
38.2	141.5
37.6	113.1
37.7	88.7
38.4	85.6
37.8	80.4
38.0	87.0
37.4	73.0
37.4	76.2
37.4	73.2
37.6	73.0
36.9	51.8
37.4	37.9
36.9	60.2
37.4	64.7
37.3	80.4
37.7	80.4
37.2	70.4
37.5	87.3
36.6	58.0
37.2	83.5
37.9	66.7
37.7	76.5
37.1	72.8
37.2	74.4
36.7	88.2
36.9	79.3
36.9	34.9
36.9	57.7
37.0	59.5
37.0	55.9
36.9	68.2
37.0	70.5
37.0	55.7
37.1	62.0
36.7	56.7
36.2	59.3
37.2	62.6
36.7	56.5
36.9	50.1
36.8	43.0
37.2	40.0
37.5	81.1
37.0	79.7
37.9	67.3
37.6	85.2
37.7	89.8
37.0	117.3
37.8	77.0
37.3	74.8
37.2	77.7
37.7	57.9
37.8	67.9
37.2	84.2
37.4	93.8
37.5	126.4
37.6	128.7
37.4	121.5
37.4	115.8
37.7	108.4
37.7	87.9
37.5	70.1
37.8	93.3
37.6	70.8
37.6	77.0
36.8	96.9
37.4	118.7
37.1	134.4
37.4	157.3
37.1	161.7
37.1	166.7
38.1	167.0
37.0	188.4
37.1	169.6
37.2	168.5
37.3	157.0
37.8	134.8
37.1	110.2
36.2	51.8
37.3	63.2
37.9	60.8
37.2	68.8
36.5	71.7
37.4	68.9
37.2	53.1
36.1	58.4
37.1	63.0
36.4	57.5
36.5	67.1
36.5	60.6
36.9	55.6
36.0	72.9
36.7	70.6
35.7	70.3
36.1	78.6
36.1	78.5
36.4	75.8
36.3	80.1
35.7	74.9
35.8	74.9
36.1	72.7
36.2	63.7
35.5	55.4
35.7	47.7
35.8	44.7
35.8	41.2
35.7	35.3
35.4	42.7
35.8	48.4
35.2	44.4
35.3	71.7
35.6	58.1
35.4	49.3
35.6	37.9
35.8	52.6
35.6	32.4
35.7	30.4
35.7	51.1
35.5	64.5
36.0	51.5
36.0	50.5
35.7	56.7
35.3	48.7
35.6	51.5
35.3	58.9
35.2	70.2
35.7	61.0
35.5	49.3
35.4	48.5
35.5	51.6
35.3	45.7
35.9	34.6
35.5	24.8
35.3	34.0
35.4	31.5
35.2	34.9
35.3	40.0
35.4	34.9
35.4	46.0
35.5	43.4
35.9	36.3
35.4	29.2
35.6	30.9
35.7	25.7
35.6	23.8
35.2	16.1
35.4	30.9
35.4	30.2
35.4	31.3
35.3	25.9
35.7	21.2
35.3	29.5
35.2	22.7
35.2	34.6
35.4	40.6
35.5	16.5
35.6	21.8
35.4	27.3
35.4	23.8
35.8	20.0
35.6	22.1
35.1	33.1
35.4	37.5
35.4	30.2
35.2	34.4
35.1	22.7
35.2	24.9
35.2	18.0
35.4	26.8
35.5	30.1
35.3	32.6
35.2	31.5
35.2	27.8
35.3	28.0
35.8	45.0
35.9	56.6
35.3	63.3
36.1	65.7
35.6	52.5
35.2	47.3
35.3	49.6
35.2	46.5
35.4	40.3
35.1	45.3
35.6	35.7
35.4	29.0
35.3	25.8
35.2	32.9
35.2	39.0
35.2	52.0
35.5	42.5
35.4	41.6
35.1	35.7
35.3	48.3
35.2	38.0
35.1	28.4
35.1	31.3
35.1	27.1
35.1	24.5
35.0	42.3
35.1	43.9
35.2	50.6
35.0	57.5
35.2	72.7
35.1	54.7
35.2	49.6
35.1	44.7
35.0	40.3
35.0	42.9
35.0	29.2
35.0	32.4
37.3	100.4
37.9	94.8
36.6	131.1
38.5	109.3
37.5	101.2
37.6	67.2
37.8	68.7
38.2	128.9
38.4	24.4
38.0	23.3
37.9	26.6
38.3	28.9
38.2	34.4
37.6	33.1
38.3	41.8
37.5	47.6
37.5	36.1
38.2	34.1
37.3	29.9
37.2	28.8
37.3	17.9
37.6	16.8
36.8	36.8
37.8	36.1
36.9	41.1
37.6	28.7
37.5	31.2
37.5	34.2
38.2	40.6
37.6	44.9
36.8	35.7
37.0	37.4
37.7	64.7
37.9	110.4
37.1	80.5
37.7	81.1
38.5	78.8
37.8	54.1
37.5	37.3
37.1	45.2
37.2	51.9
37.9	54.2
38.3	47.1
37.2	31.0
36.7	28.1
36.6	36.9
38.2	43.6
36.8	36.0
36.9	42.8
36.8	33.6
37.4	32.0
36.9	25.2
36.9	15.2
37.3	20.1
36.9	21.4
37.5	37.6
37.5	52.4
36.7	55.3
37.1	57.0
37.4	43.2
37.4	67.9
36.5	46.9
37.1	42.0
36.8	35.4
36.0	33.8
36.1	29.7
35.7	30.4
35.8	26.2
35.9	23.4
35.4	26.4
35.9	33.3
35.6	21.1
35.5	29.2
35.4	23.2
35.3	20.4
35.6	21.5
35.5	16.8
35.2	16.2
35.2	17.3
35.3	16.7
35.3	21.7
35.2	20.9
35.2	21.2
35.2	18.6
35.2	23.3
35.1	19.3
35.2	20.5
35.2	14.8
35.1	18.6
35.4	30.1
35.5	28.5
35.3	23.2
35.4	29.1
35.3	24.3
35.4	34.4
35.5	28.8
35.3	32.9
35.0	29.7
34.9	28.7
34.8	28.1
34.7	31.4
34.6	33.1
34.5	30.6
34.5	28.9
34.5	30.5
34.5	27.0
34.5	30.6
34.5	28.1
34.6	22.5
30.6	27.6
30.6	22.6
30.7	23.0
30.7	26.8
30.7	22.7
30.8	23.2
30.9	15.9
30.9	17.2
31.0	13.2
31.1	16.4
30.6	24.1
30.6	22.0
30.6	19.9
30.7	18.0
30.7	19.3
30.8	20.5
30.8	16.0
30.9	13.6
30.9	16.7
31.0	16.8
31.1	14.9
35.2	60.9
35.2	42.8
35.9	68.7
36.3	49.5
36.8	86.0
38.1	33.8
37.8	28.0
36.2	23.6
36.0	24.6
35.9	24.1
35.9	28.5
35.9	28.0
35.7	29.9
35.8	26.8
36.2	25.9
37.0	32.3
37.0	29.8
37.4	26.2
37.5	21.5
35.2	9.6
35.3	33.1
35.2	44.0
35.2	45.5
35.2	53.9
35.2	33.7
35.2	29.3
35.2	21.8
35.2	23.9
35.2	15.9
35.2	19.3
35.2	19.2
35.2	17.2
35.3	25.0
35.5	23.2
35.7	28.0
35.4	24.6
35.3	26.5
35.5	22.7
35.5	22.9
35.3	17.9
35.3	19.0
35.3	20.0
35.2	16.7
35.4	16.5
35.2	37.0
35.2	54.9
35.2	45.0
35.2	25.8
35.2	32.0
35.2	21.2
35.2	14.2
35.2	10.7
35.2	13.0
35.2	9.8
36.9	14.6
37.3	20.5
37.0	5.2
37.2	6.3
37.6	14.5
37.5	12.4
37.7	18.7
37.2	19.6
37.1	11.5
37.3	8.7
37.0	21.8
37.0	16.6
37.4	16.7
37.4	21.7
37.6	28.0
37.0	34.7
37.3	30.0
37.1	28.2
36.6	30.1
37.7	27.7
37.3	19.1
36.2	10.5
35.5	7.6
36.0	8.3
36.0	16.6
35.7	7.4
35.4	17.5
36.7	11.5
36.9	11.9
36.3	18.5
36.0	22.4
36.4	16.8
36.2	17.6
35.6	25.3
35.9	27.5
35.8	27.4
35.7	30.5
35.7	31.7
36.2	37.2
36.4	21.8
35.5	32.2
35.3	40.1
35.5	54.2
35.3	56.1
35.6	64.3
35.4	53.9
35.3	64.6
35.4	78.5
35.3	65.6
35.2	51.5
35.4	47.8
35.5	55.5
35.3	63.6
35.2	65.0
35.2	64.1
35.2	65.5
35.3	55.6
35.2	61.6
35.3	64.5
35.2	66.3
35.4	67.7
35.2	53.2
30.6	17.9
30.6	2.5
30.6	2.1
31.2	16.5
32.3	15.6
35.2	1.6
37.4	57.2
37.5	65.1
37.2	53.0
37.5	70.2
37.0	73.9
38.0	70.4
38.0	64.9
37.0	72.2
38.2	65.9
37.0	51.3
36.7	42.8
36.7	53.5
36.7	59.3
37.0	60.4
36.7	56.0
37.1	60.5
36.2	48.2
36.6	50.9
36.7	64.6
37.1	49.4
36.5	51.1
36.1	35.4
37.1	48.9
36.3	59.1
36.5	67.0
36.4	62.6
36.4	51.3
36.3	44.8
36.7	44.9
36.1	44.6
36.5	45.1
36.8	34.4
36.1	32.5
36.7	33.1
36.5	40.1
36.3	44.0
36.0	43.3
36.1	47.0
36.0	54.7
36.4	42.9
35.9	53.9
36.2	40.3
35.9	46.2
35.2	41.8
35.1	47.4
34.9	39.4
34.9	32.0
34.9	45.8
34.9	36.7
34.8	36.0
34.9	43.6
34.8	35.7
34.8	37.5
30.9	30.1
30.9	35.0
30.8	34.3
30.8	46.4
30.8	34.2
30.7	30.5
35.1	28.1
35.1	33.6
34.8	40.5
34.4	60.5
33.7	55.7
32.9	57.8
32.2	65.4
31.6	61.8
31.3	59.8
31.1	57.5
31.1	48.9
31.1	60.0
30.5	16.7
30.4	28.1
30.4	20.2
30.4	21.8
30.5	25.0
30.4	23.7
30.4	25.2
30.5	27.5
30.4	2.8
30.4	4.3
30.4	12.5
30.4	15.9
30.4	20.9
30.4	15.9
30.4	14.8
30.5	11.1
30.5	9.9
31.0	12.3
31.0	8.2
31.0	14.6
31.0	26.3
31.0	32.4
31.0	48.4
31.0	71.7
31.0	71.8
31.0	72.2
31.0	41.8
31.0	60.5
31.1	41.6
31.0	25.0
31.1	12.9
31.3	11.7
31.3	1.7
31.3	3.8
31.3	18.5
31.3	20.9
31.3	24.8
31.3	10.7
31.3	28.1
31.3	12.7
31.3	21.9
31.3	7.2
31.3	6.4
37.4	4.6
38.0	28.0
37.6	66.0
36.8	83.1
36.3	125.7
37.7	117.8
36.0	151.3
36.6	143.6
36.7	157.9
37.4	187.7
36.6	154.9
37.4	134.1
37.3	133.3
36.7	106.6
37.1	95.9
37.0	82.8
36.6	34.5
37.4	53.7
37.1	66.6
36.9	65.5
36.8	74.2
36.9	87.5
37.1	69.2
37.0	73.5
36.3	68.5
37.5	64.0
36.8	74.9
36.6	77.7
36.5	66.1
37.4	51.1
35.2	54.8
35.2	59.3
35.2	48.7
35.2	61.6
35.1	66.1
35.2	69.5
35.2	72.0
35.7	57.1
36.7	80.9
37.3	49.5
37.2	71.2
36.9	50.1
36.6	29.6
36.2	44.6
36.4	78.6
36.5	93.9
36.9	85.1
36.8	73.9
35.9	93.1
36.9	90.2
36.2	67.6
36.2	64.4
35.1	38.6
35.1	60.8
35.1	75.3
35.1	75.6
35.1	73.4
35.0	68.5
35.0	73.9
35.0	63.8
35.1	53.0
35.1	62.8
35.1	56.2
35.1	57.0
30.4	47.3
30.3	40.9
30.3	63.5
30.3	64.0
30.3	76.6
30.3	81.6
30.3	99.3
30.4	89.9
30.4	78.5
30.4	76.9
30.4	68.8
30.4	70.4
30.4	64.3
30.4	61.0
30.5	42.6
30.4	46.0
30.4	54.1
30.4	74.5
30.4	80.5
30.4	72.2
30.4	83.8
30.4	96.4
30.4	104.8
30.4	101.6
30.4	104.8
30.5	85.1
30.5	74.3
30.5	54.2
36.9	33.9
35.9	37.2
35.3	54.9
35.3	61.9
35.3	73.0
35.2	76.8
35.2	84.4
35.2	89.9
35.3	91.2
35.2	108.6
35.2	107.0
35.2	109.7
35.2	117.3
35.2	95.6
35.2	88.4
35.2	91.5
35.2	68.7
30.6	32.8
30.6	38.5
30.5	44.4
30.5	57.1
30.5	59.1
30.5	66.2
30.5	72.5
30.5	71.5
30.5	80.8
30.6	89.2
30.6	94.4
30.6	81.2
30.6	72.1
30.6	80.6
30.6	60.2
30.6	47.3
30.6	35.7
30.6	36.2
30.6	44.0
30.6	36.8
30.4	24.8
30.4	23.9
30.3	38.1
30.4	39.1
30.4	42.9
30.4	46.1
30.4	44.8
30.4	51.3
30.4	44.4
30.4	48.2
30.4	33.3
30.4	29.5
30.4	21.1
30.3	22.5
30.2	32.2
30.2	49.4
30.2	61.4
30.2	65.9
30.2	54.7
30.2	68.5
30.2	72.8
30.2	66.4
30.3	59.2
30.3	67.5
30.3	62.5
30.3	46.7
30.3	38.1
30.2	35.5
30.2	42.0
30.2	61.9
30.2	46.5
30.2	71.9
30.2	59.1
30.2	72.9
30.2	63.0
30.3	76.7
30.3	77.6
30.3	89.9
30.3	77.1
30.3	77.3
30.3	67.0
30.3	68.0
30.5	29.6
30.5	39.4
30.5	51.7
30.5	57.2
30.5	44.5
30.6	41.4
30.6	131.9
30.6	96.7
30.6	96.3
30.6	100.5
30.5	93.8
30.4	95.9
30.4	82.0
30.4	76.7
30.5	52.9
31.7	50.5
32.5	13.0
32.5	25.6
32.5	13.6
32.4	13.9
36.7	55.6
37.5	62.4
36.9	70.1
37.4	76.6
36.8	109.6
37.1	107.1
37.9	116.3
36.6	105.1
36.9	90.6
37.1	78.8
36.9	73.0
37.2	69.8
37.3	65.5
35.1	54.1
35.1	86.7
35.1	66.8
35.1	69.4
35.1	87.3
35.1	74.1
35.1	80.2
35.1	74.5
35.1	70.2
35.1	71.4
35.1	61.4
35.1	56.0
30.7	41.2
30.6	54.5
30.6	57.1
30.5	70.4
30.5	77.2
30.5	77.4
30.5	92.0
30.5	95.4
30.5	95.4
30.5	94.4
30.5	93.4
30.5	92.0
30.5	79.0
30.5	88.5
30.5	74.9
30.6	59.4
30.6	46.0
30.2	22.5
30.1	35.9
30.1	47.1
30.1	62.2
30.1	50.6
30.1	69.2
30.1	53.0
30.1	57.1
30.2	61.6
30.2	57.2
30.2	54.2
30.2	42.0
30.2	74.5
30.2	54.5
30.2	48.3
30.2	36.5
30.1	28.6
30.0	23.5
30.0	39.5
30.0	33.4
30.0	29.3
30.0	32.2
30.1	33.5
30.1	42.1
30.1	43.7
30.1	50.3
30.1	49.3
30.1	48.9
30.1	62.2
30.1	45.6
30.2	45.4
30.2	45.3
30.2	39.3
30.1	25.7
30.1	36.1
30.1	46.6
30.1	50.4
30.1	67.1
30.1	79.5
30.1	85.2
30.1	99.2
30.1	88.3
30.2	107.2
30.1	91.2
30.2	105.1
30.2	110.9
30.2	107.7
30.2	87.8
30.2	83.3
30.2	78.1
30.5	20.4
30.4	36.9
30.5	36.2
30.5	61.0
30.5	69.5
30.5	68.9
30.5	52.2
30.5	81.5
30.4	102.1
30.4	88.9
32.1	89.3
35.0	59.8
35.3	43.4
35.5	41.8
35.3	18.5
36.7	97.2
35.9	76.3
36.3	72.5
36.0	81.3
35.5	120.4
35.7	113.6
36.2	113.0
36.1	124.8
36.3	136.0
36.3	139.9
36.8	109.3
36.3	85.9
36.5	102.0
36.1	55.8
37.2	153.5
36.6	61.4
37.0	31.6
37.5	71.2
36.5	87.6
37.1	102.1
37.9	135.8
36.6	147.8
36.7	142.5
36.8	139.0
36.0	151.5
37.1	132.1
36.0	174.6
37.5	141.5
36.5	103.5
36.8	98.9
36.6	78.6
36.9	60.0
36.8	51.5
36.9	13.3
37.1	19.2
37.2	25.4
37.3	6.8
36.4	11.9
35.4	70.4
35.3	87.2
35.4	81.6
35.5	109.4
35.2	120.9
35.2	135.3
35.3	132.1
35.3	148.3
35.3	156.4
35.4	158.3
36.0	138.8
36.1	151.0
35.9	147.7
36.0	131.8
36.0	137.6
35.8	107.6
36.4	117.7
36.1	82.1
35.1	34.1
35.1	50.9
35.1	54.7
35.1	64.7
35.1	62.5
35.0	61.6
35.0	78.1
35.0	74.3
35.0	81.1
35.1	82.1
35.1	109.9
35.1	97.1
35.1	77.5
35.1	82.9
35.1	74.4
35.1	62.7
35.1	68.1
35.1	42.1
35.1	30.0
35.1	49.8
35.0	47.9
35.0	63.4
35.0	65.0
34.9	66.0
35.0	98.7
35.0	109.8
35.0	134.7
35.0	158.1
35.0	127.6
35.0	151.5
35.0	112.0
35.1	98.6
35.1	90.8
35.1	67.9
35.2	43.1
35.2	40.3
35.1	27.2
35.1	35.3
35.1	50.6
35.1	78.2
35.1	92.3
35.1	83.1
35.1	94.8
35.1	134.8
35.1	128.6
35.1	123.6
35.3	155.7
35.3	128.4
35.4	154.0
35.6	126.1
35.2	117.1
35.2	97.8
35.1	92.4
35.1	67.5
35.2	31.8
35.2	39.0
35.2	42.0
35.2	59.9
35.2	69.9
35.1	75.7
35.1	116.1
35.1	133.4
35.2	160.0
35.3	160.1
35.0	165.2
35.1	159.4
35.0	196.6
35.0	163.6
35.1	158.2
35.0	106.3
35.0	125.2
35.0	97.0
35.1	38.9
35.1	27.1
35.1	60.5
35.1	89.9
35.0	95.2
35.0	103.1
35.0	133.3
34.9	138.3
34.9	152.0
34.9	172.8
34.9	148.4
34.9	165.9
34.9	182.0
34.9	146.7
34.8	137.1
34.7	104.0
34.8	104.5
34.9	66.5
35.0	17.8
35.0	40.3
34.9	73.5
34.9	84.2
34.9	106.4
34.8	146.0
34.8	163.4
34.8	142.3
34.6	165.9
34.6	217.6
34.6	191.5
34.5	165.9
34.6	174.2
34.6	142.2
34.6	114.8
34.8	55.6
34.9	66.0
34.9	61.9
34.7	76.0
34.8	64.3
34.8	63.6
34.8	115.9
34.7	122.7
34.8	96.6
34.7	65.6
34.8	39.8
34.7	73.1
34.7	60.4
35.0	36.6
35.0	52.1
34.9	63.9
34.8	60.4
34.8	62.2
34.5	77.8
34.6	100.8
34.5	101.9
34.5	88.4
34.4	140.1
34.4	113.7
34.4	105.0
34.3	109.9
34.3	88.4
34.4	101.0
34.3	86.0
34.4	45.9
34.4	32.2
34.6	53.0
34.6	48.3
34.6	52.4
34.6	53.7
34.6	46.4
34.4	59.8
34.1	62.3
34.0	55.7
33.9	74.3
33.9	103.1
33.9	109.0
33.8	93.4
33.9	99.4
33.9	100.2
34.0	83.8
34.0	69.7
34.0	65.4
34.0	52.9
34.4	39.0
34.2	58.2
34.1	68.5
34.0	93.9
33.9	84.1
33.8	118.3
33.7	129.1
33.8	129.3
33.6	111.8
33.6	101.5
33.5	117.4
33.5	116.4
33.4	116.9
33.3	92.4
33.4	104.1
33.5	83.5
33.5	80.9
33.6	67.0
34.3	21.0
34.2	38.8
34.0	46.7
33.8	68.9
33.7	79.4
33.6	85.8
33.5	96.5
33.5	117.8
33.4	100.1
33.3	87.5
33.3	87.2
33.2	92.2
33.3	67.1
33.2	73.1
33.3	48.3
33.3	45.1
33.3	37.8
33.3	47.0
33.3	39.2
33.2	33.1
33.2	43.6
33.2	44.1
33.2	35.4
33.2	33.8
33.1	30.4
33.1	47.9
33.0	44.3
33.0	42.9
32.9	32.1
33.0	41.0
32.9	75.0
32.3	53.7
32.1	53.9
32.0	38.1
32.0	96.0
37.0	58.4
36.6	106.7
36.2	151.1
36.6	140.5
37.0	108.2
36.8	111.1
36.1	97.3
36.5	103.9
35.8	96.1
35.7	86.6
36.1	79.9
35.8	76.9
35.7	76.6
35.7	60.8
35.4	46.0
35.5	44.0
35.5	72.2
35.5	127.9
35.6	143.5
35.3	158.5
35.2	173.3
35.4	155.1
35.1	162.6
35.4	136.7
35.3	125.9
35.5	109.1
35.5	105.9
35.3	84.2
35.4	67.0
35.3	2.5
35.3	51.0
35.2	46.2
35.2	67.1
35.2	75.8
35.2	89.6
35.2	94.6
35.3	85.4
35.1	80.7
35.1	83.6
35.1	114.0
35.1	123.2
35.1	88.8
35.1	73.7
35.0	69.7
35.1	57.4
35.1	44.3
35.1	58.5
35.1	40.4
35.1	33.1
35.1	38.8
35.1	47.2
35.1	35.1
35.1	28.3
35.1	38.8
35.1	45.5
35.1	39.4
35.1	41.9
35.0	28.1
35.1	40.6
37.2	133.5
36.4	182.0
36.7	188.8
37.1	226.5
36.5	182.5
36.0	173.0
36.6	132.0
37.1	88.9
36.5	51.3
36.5	77.8
36.5	76.0
36.2	91.7
36.1	96.8
35.9	119.6
35.6	170.1
35.9	167.7
36.0	171.9
35.7	198.9
35.7	165.8
36.3	225.6
35.8	186.1
35.5	144.4
35.9	112.5
36.5	108.9
36.5	109.4
35.8	93.4
35.6	82.2
37.3	70.7
36.1	8.8
36.3	103.3
36.0	106.1
36.2	131.8
36.3	132.9
35.6	160.5
35.4	197.0
35.7	221.1
35.6	206.4
35.8	224.6
35.4	251.4
35.5	230.8
35.6	220.6
36.3	231.6
35.7	200.9
35.9	181.2
35.5	153.7
35.9	132.3
35.4	29.9
35.5	54.9
35.4	70.5
35.4	63.9
35.2	49.6
35.3	51.5
35.2	53.9
35.3	45.0
35.4	131.7
35.2	100.2
35.2	89.7
35.5	58.3
35.1	66.2
35.1	70.7
35.1	61.7
36.6	61.7
36.1	74.2
36.4	117.4
36.1	144.3
36.0	176.9
35.9	167.3
36.1	252.1
36.3	213.7
36.4	222.2
36.0	239.2
35.6	220.8
35.5	202.3
35.8	189.4
35.7	192.3
35.9	170.1
35.5	126.3
35.2	101.6
35.8	108.3
35.4	72.4
35.4	19.7
35.6	37.2
35.4	41.4
35.5	73.3
35.3	81.0
35.3	93.8
35.3	104.6
35.3	139.1
35.4	124.7
35.1	140.2
35.2	144.4
35.1	124.7
35.1	144.2
35.0	129.6
35.0	126.2
35.0	103.9
35.4	94.8
35.4	96.2
35.3	81.7
35.5	56.2
35.3	50.3
35.0	21.8
35.0	159.5
35.0	143.1
35.0	135.0
35.0	75.2
35.1	51.8
36.7	37.1
37.5	42.3
36.8	44.8
36.6	55.2
36.7	53.9
36.9	58.8
35.8	89.1
35.7	65.4
35.2	101.2
35.4	90.4
35.3	117.9
36.3	120.1
36.0	140.7
36.1	120.8
36.5	158.2
35.9	67.8
35.8	88.4
35.5	99.7
35.5	125.2
35.6	175.2
35.3	172.4
35.3	224.8
35.2	228.6
35.1	260.4
35.2	254.8
35.5	263.6
35.1	225.8
35.2	229.7
35.3	237.3
35.2	221.1
35.3	197.7
35.2	168.9
35.1	168.7
35.4	125.0
35.3	94.5
35.2	23.6
35.2	38.8
35.2	47.1
35.1	58.1
35.2	78.8
35.1	102.2
35.1	172.6
35.0	170.2
35.1	141.6
35.0	136.9
35.0	176.3
34.9	148.8
34.8	156.7
34.8	151.7
34.9	160.0
34.8	167.5
34.8	112.7
34.8	103.8
34.9	60.1
35.1	48.9
35.0	59.2
34.9	83.9
34.8	82.1
34.8	123.2
34.8	119.5
34.8	117.5
34.7	110.1
34.6	98.2
34.7	95.4
34.6	96.2
34.8	72.6
34.7	66.6
34.7	52.6
34.8	42.1
34.8	37.0
34.9	41.2
34.9	52.5
34.9	55.9
34.7	54.9
34.8	64.3
34.8	75.4
34.7	95.3
34.7	94.9
34.8	74.1
34.7	73.3
34.7	88.4
34.6	75.6
34.7	71.2
34.6	82.2
34.6	93.3
34.6	79.9
34.6	74.2
34.6	72.6
34.7	57.4
34.7	48.2
34.9	33.6
34.8	42.5
34.8	48.2
34.7	44.0
34.6	67.7
34.4	68.4
34.5	69.0
34.4	66.9
34.3	82.6
34.3	86.2
34.4	84.2
34.3	68.5
34.2	79.6
34.2	72.2
34.2	72.9
34.4	75.5
34.4	59.2
34.3	57.2
34.4	56.5
34.4	40.2
34.2	34.4
34.8	34.8
34.7	38.5
34.6	35.4
34.4	47.4
34.2	59.1
34.2	52.5
34.1	60.1
33.9	65.4
33.9	65.1
33.8	58.0
33.9	56.7
33.9	62.1
33.8	70.2
33.8	71.4
34.0	54.4
33.9	49.4
34.1	51.2
34.0	40.2
34.1	41.4
34.0	31.9
37.2	67.9
36.5	96.5
36.4	108.0
37.2	94.3
36.9	76.9
36.8	75.4
37.4	50.3
36.7	110.6
36.8	115.2
36.8	117.9
36.9	106.2
36.9	85.2
36.4	68.5
36.1	45.1
35.8	85.1
36.0	120.6
36.1	83.0
36.0	97.1
35.8	93.0
35.8	77.6
35.9	132.2
35.5	126.8
35.8	140.8
35.9	212.5
35.8	221.7
35.6	145.7
35.7	120.1
36.0	158.6
35.4	161.6
35.5	125.2
35.5	132.9
35.4	81.9
35.8	67.7
35.2	34.5
35.4	43.6
35.2	48.8
35.2	61.5
35.4	81.1
35.1	129.7
35.1	81.2
35.3	121.1
35.1	199.2
35.5	116.6
35.3	114.1
35.6	131.5
35.2	117.7
35.3	125.8
35.4	104.7
35.0	109.8
35.4	81.4
35.2	82.2
35.3	79.2
35.2	56.2
35.5	58.0
35.1	26.3
35.1	48.8
35.0	50.9
35.0	77.9
35.0	86.7
35.0	91.2
34.8	93.5
34.8	107.7
34.9	183.7
34.9	122.9
34.9	124.4
34.9	96.4
35.0	83.9
34.7	106.7
34.8	78.1
34.8	108.8
35.0	88.0
34.8	83.5
34.9	63.9
34.8	42.7
35.0	47.4
34.9	39.2
34.9	25.0
34.8	49.8
34.8	76.1
34.7	74.8
34.7	72.6
34.6	76.5
34.6	75.5
34.5	69.6
34.6	67.7
34.6	60.8
34.6	63.9
34.5	44.2
34.6	41.4
34.3	62.9
34.4	42.1
34.6	39.3
34.5	48.6
37.9	169.9
37.0	224.3
37.1	264.3
37.9	291.0
36.7	267.7
37.7	167.6
36.6	152.1
37.1	207.3
36.6	220.1
36.8	199.3
36.8	181.5
37.1	143.4
37.4	138.9
37.6	116.8
36.8	126.0
37.3	70.1
37.0	60.9
37.0	108.4
36.6	162.4
36.5	174.9
37.0	204.7
36.7	239.5
36.3	223.2
37.0	244.4
36.1	230.7
35.7	228.3
37.5	311.5
36.5	259.4
36.3	266.7
36.3	213.0
36.1	193.2
36.8	177.0
35.7	184.8
35.6	139.7
36.2	128.6
35.8	124.9
35.9	103.9
35.2	48.9
35.2	73.6
35.3	85.3
35.3	49.7
35.1	55.1
35.3	54.8
35.1	84.5
35.1	121.2
35.2	112.8
35.1	113.6
35.3	127.8
35.2	110.9
35.0	120.4
35.3	113.4
35.2	72.3
35.1	76.6
35.0	100.2
35.2	66.7
35.0	62.4
35.0	46.0
35.2	42.3
37.3	17.7
37.1	32.3
36.8	92.6
36.7	100.6
37.1	129.7
36.7	167.2
36.6	246.3
37.1	218.3
36.9	232.0
36.6	239.3
36.3	207.3
36.8	287.2
36.2	250.1
36.5	263.3
37.4	294.4
37.0	253.8
36.2	218.9
35.9	233.7
36.4	171.8
36.6	133.4
35.6	121.6
34.9	3.8
34.9	45.4
35.0	46.4
35.1	161.5
34.9	147.2
35.1	180.4
36.7	51.9
37.3	187.1
35.8	237.9
37.5	257.1
36.6	332.3
36.4	288.8
37.0	169.6
36.7	118.5
37.0	117.7
37.0	197.5
37.0	213.8
36.6	170.4
35.4	84.4
35.8	100.4
35.8	86.3
35.1	118.6
35.5	131.3
35.3	161.9
35.7	252.2
35.1	213.9
35.5	148.8
35.4	206.0
36.0	127.1
35.6	166.7
35.1	137.2
35.2	194.8
35.1	55.1
35.1	154.4
35.6	134.3
35.3	103.2
35.1	62.1
36.8	122.6
36.5	117.4
37.2	166.0
36.6	220.3
37.0	224.2
36.3	267.8
36.8	284.4
36.5	300.7
36.9	310.6
37.4	305.4
37.2	206.8
36.5	224.2
36.2	194.0
36.2	206.5
35.9	172.9
35.9	128.0
35.5	129.4
35.5	90.8
35.1	43.8
35.1	46.4
35.3	49.8
35.2	61.9
35.3	64.3
35.0	76.1
35.0	82.1
35.3	94.6
35.1	84.1
35.0	84.5
35.0	76.9
35.0	85.3
35.1	61.2
35.4	68.1
35.2	60.9
35.0	62.6
35.4	47.7
35.3	66.9
35.2	36.4
35.2	46.2
36.4	15.8
36.9	127.8
37.0	83.6
36.6	103.0
37.2	143.2
37.3	136.8
37.2	66.9
36.8	74.9
36.6	48.2
36.7	74.6
36.5	138.3
36.3	106.6
36.5	99.2
36.7	93.0
36.7	120.3
36.4	110.4
36.1	68.8
36.0	60.5
35.9	76.6
35.9	151.9
36.0	176.5
35.9	154.1
35.9	139.4
36.1	128.7
35.8	121.7
35.9	96.3
35.8	91.4
35.2	54.8
35.3	76.4
35.4	83.2
35.5	147.7
35.2	140.7
35.6	162.7
35.1	298.8
35.7	254.1
35.3	280.0
35.3	297.7
35.4	274.2
35.0	269.7
35.1	270.8
35.1	290.3
35.0	254.5
35.2	219.6
35.1	232.4
34.8	240.0
34.8	192.7
34.9	147.5
34.8	164.8
34.9	153.6
34.6	33.0
34.6	101.1
34.4	125.4
34.4	139.8
34.3	144.2
34.3	193.5
34.1	207.0
34.1	226.7
34.1	224.5
33.9	217.4
33.8	202.6
33.8	248.7
33.8	176.3
33.8	226.4
33.7	224.4
33.7	158.2
33.5	160.9
33.5	129.4
33.5	149.5
33.4	109.0
33.5	82.7
33.5	110.9
33.4	54.5
33.2	54.8
33.3	66.3
33.2	57.7
33.0	95.6
32.9	138.2
32.8	183.6
32.7	136.1
32.5	155.8
32.6	142.8
32.6	170.8
32.5	191.5
32.4	177.0
32.3	96.5
32.4	175.2
32.3	133.2
32.3	135.9
30.0	102.7
30.0	88.1
36.6	52.7
36.1	56.4
36.0	43.5
36.6	44.5
36.9	100.0
37.1	136.9
37.1	193.5
36.6	210.8
37.2	215.4
36.3	232.1
36.6	264.2
37.1	318.8
36.6	385.3
36.6	330.0
36.2	271.4
36.4	282.3
36.0	292.6
35.7	260.6
36.0	296.8
35.5	248.4
35.8	233.2
35.9	183.7
35.7	223.1
30.0	179.8
30.0	178.1
30.0	164.9
30.0	142.1
30.0	165.1
30.0	159.2
30.0	136.9
30.0	114.8
30.0	139.9
30.0	87.1
30.0	146.8
30.1	39.0
30.1	55.6
30.1	64.8
30.0	80.8
29.9	102.1
29.9	114.3
29.9	123.8
29.9	139.6
29.9	150.2
29.9	148.5
29.8	148.1
29.8	167.1
29.8	157.8
29.8	125.0
29.8	98.7
29.9	95.1
29.9	134.0
29.9	89.3
29.9	81.3
29.9	81.1
30.1	37.0
30.1	54.2
30.0	65.0
30.0	78.3
30.0	67.6
30.0	76.8
29.9	87.9
29.9	111.8
29.9	94.7
29.9	98.8
29.9	90.4
29.9	100.3
29.9	98.1
29.9	98.0
29.9	104.7
29.8	101.4
29.9	82.1
29.8	76.4
29.9	62.2
29.9	63.7
29.9	66.5
29.9	50.6
30.0	45.6
30.0	61.9
29.9	52.4
29.9	50.8
29.9	52.3
29.9	66.9
29.9	56.9
29.9	81.1
29.8	84.7
29.8	78.6
29.8	79.4
29.8	65.1
29.8	69.6
29.8	60.8
29.8	72.6
29.8	98.1
29.8	80.8
29.8	79.8
29.8	74.9
29.8	73.2
29.8	51.3
29.9	39.0
29.9	42.2
29.9	44.6
29.9	44.3
29.9	60.7
29.8	83.3
29.8	81.2
29.8	94.3
29.8	94.6
29.8	103.5
29.8	87.6
29.8	100.0
29.8	104.9
29.7	99.7
29.7	103.9
29.8	118.4
29.8	74.8
29.8	99.9
29.8	67.7
29.8	79.5
29.8	48.8
29.8	51.2
29.9	29.0
29.9	51.1
29.9	68.5
29.8	66.4
29.8	71.6
29.8	60.1
29.8	52.1
29.9	71.0
29.9	62.2
36.2	28.5
37.4	93.2
36.4	75.6
34.5	171.7
34.7	161.5
34.6	138.3
34.4	145.5
34.3	119.8
34.3	136.8
34.5	65.9
34.5	84.0
33.8	69.5
33.7	45.6
33.8	53.6
33.8	47.8
33.6	148.7
33.3	106.7
33.3	147.5
33.2	108.1
33.3	107.9
33.1	123.3
33.0	80.6
33.0	138.1
33.0	141.0
33.0	73.1
33.0	91.7
33.0	60.4
32.5	43.1
32.5	55.3
32.3	75.1
32.2	80.0
32.1	86.1
32.0	71.9
31.9	107.7
31.8	130.1
31.8	135.8
31.6	103.3
31.6	116.3
31.6	110.9
31.4	137.0
31.4	142.5
31.3	144.5
31.2	139.8
31.3	105.4
31.1	114.1
31.1	89.3
31.1	89.9
31.1	68.8
31.0	82.3
31.0	77.1
37.4	52.5
37.4	175.7
36.5	313.1
37.4	312.1
36.3	334.6
37.1	328.8
36.5	197.2
36.4	99.5
37.0	47.8
36.9	130.8
36.1	137.4
36.7	145.7
36.0	167.3
37.4	185.3
36.9	241.5
36.5	297.7
36.0	234.4
36.6	228.2
37.1	140.3
37.0	136.1
36.6	133.2
35.9	95.5
36.8	68.3
37.2	73.3
36.1	68.1
36.0	87.1
35.8	76.6
35.8	86.9
36.1	106.5
35.9	118.6
36.4	138.5
35.9	95.4
35.8	117.4
35.8	153.8
36.1	138.5
35.9	161.7
35.8	163.7
35.8	187.8
35.8	212.4
35.4	223.5
36.5	191.5
35.8	158.8
35.7	180.8
35.3	120.4
35.5	135.2
36.0	132.3
35.6	79.1
35.0	51.3
35.0	70.4
34.9	65.4
34.9	57.7
34.9	92.6
34.9	135.5
34.8	111.5
34.4	160.5
34.7	127.9
34.7	125.4
34.6	152.5
34.3	164.0
34.3	166.0
34.5	158.2
34.2	135.7
34.1	135.0
34.2	107.8
34.3	125.6
33.9	95.6
34.0	114.1
33.9	89.7
33.8	67.5
33.7	54.4
33.7	56.8
33.6	79.9
33.5	99.7
33.4	82.7
33.2	91.7
33.2	102.5
33.0	104.9
33.1	142.5
32.9	142.1
32.7	154.5
32.7	91.6
32.8	149.4
32.6	133.5
32.6	124.4
32.6	123.3
32.4	135.0
32.3	111.6
32.4	130.8
32.3	118.7
32.3	93.5
32.2	84.4
32.2	78.6
31.8	60.1
31.8	39.0
31.7	61.5
31.6	62.1
31.6	73.0
31.6	58.9
31.5	63.1
31.5	84.3
31.4	45.1
31.3	51.8
31.3	50.3
31.3	43.1
31.3	42.6
31.3	54.2
31.3	59.1
31.3	39.8
31.3	52.9
31.3	31.2
31.3	34.1
31.3	44.5
31.2	28.4
31.1	41.0
31.2	47.3
31.0	77.5
30.9	66.3
30.9	125.1
30.9	99.6
30.9	105.3
30.9	83.7
30.9	88.5
30.9	52.5
30.8	63.1
30.9	67.3
30.8	59.7
30.8	74.7
30.8	58.8
30.9	75.3
30.8	38.2
30.9	31.3
30.9	22.6
36.5	18.0
36.9	61.1
36.8	42.3
36.0	131.2
35.6	150.0
36.6	174.9
36.6	329.2
36.6	247.1
36.4	184.1
36.1	173.3
36.7	169.4
36.5	226.2
36.7	185.5
36.7	206.7
35.8	183.9
36.4	142.7
36.7	110.6
35.9	131.0
35.5	122.9
35.6	60.8
36.1	69.8
35.6	63.1
35.3	74.1
35.7	68.3
35.9	98.4
35.5	85.1
35.9	89.9
35.8	102.2
35.6	85.1
35.8	122.7
35.6	126.2
36.3	184.5
35.7	125.3
36.0	115.8
35.6	96.7
35.9	89.1
36.1	69.9
35.7	57.6
35.0	80.1
35.0	105.3
35.1	170.4
34.9	112.7
35.0	109.9
35.0	134.7
35.2	183.8
34.9	177.8
34.8	153.3
35.3	165.7
35.0	143.1
34.9	148.7
34.9	159.5
35.2	116.0
34.8	94.5
34.9	143.5
35.1	105.5
34.9	86.1
35.0	87.4
34.6	154.3
34.6	110.8
34.7	89.2
34.6	139.4
34.6	89.8
34.6	120.4
34.7	221.3
34.6	104.7
34.5	141.4
34.8	160.4
34.6	148.8
34.7	131.2
34.6	114.3
34.8	82.5
34.7	57.6
34.7	50.4
34.6	69.6
34.5	67.4
34.7	101.3
34.6	158.9
34.5	189.6
34.5	235.1
34.4	186.2
34.5	249.4
34.6	221.8
34.5	170.7
34.6	257.2
34.5	314.2
34.5	247.0
34.4	218.3
34.5	138.2
34.6	151.5
34.6	131.5
34.6	81.6
34.7	99.6
37.1	196.8
36.9	211.5
38.1	306.8
37.4	321.0
37.9	297.4
37.2	293.8
37.2	229.9
37.6	180.4
37.9	128.2
37.0	133.3
37.0	77.6
36.8	49.7
36.8	116.5
36.7	121.1
36.7	155.9
36.8	192.2
37.0	257.6
36.4	241.4
36.0	308.1
36.1	330.6
37.0	314.6
36.6	260.0
36.6	320.5
37.0	370.4
36.4	311.0
37.3	317.3
36.6	316.4
36.6	243.2
36.5	206.4
37.0	185.0
36.8	189.2
36.7	168.9
37.0	149.2
36.3	102.6
36.1	130.1
36.1	98.1
35.2	41.9
35.7	57.8
35.5	61.5
35.2	84.8
35.0	87.9
34.9	114.3
34.9	139.4
34.9	228.0
34.9	180.4
34.9	146.9
35.1	160.5
35.5	159.0
34.8	215.5
35.4	177.7
34.9	193.3
34.9	214.0
35.0	151.0
34.7	132.7
34.7	149.9
34.9	133.0
34.7	75.1
35.2	74.6
35.1	105.2
34.7	74.8
34.3	99.8
34.2	56.4
34.2	52.2
34.1	61.6
34.2	62.1
34.1	37.6
33.9	22.6
33.8	33.9
33.9	64.6
33.9	141.4
33.9	117.2
34.0	134.8
33.8	62.0
37.3	47.7
38.0	76.1
37.0	105.2
37.0	129.0
36.6	151.2
37.0	163.7
36.7	165.1
37.5	143.5
36.9	161.1
36.5	207.9
37.5	356.6
37.7	198.7
36.9	242.7
36.8	295.1
37.4	254.8
37.4	239.1
36.7	222.3
36.9	178.6
37.1	154.7
37.0	129.4
36.8	88.5
36.7	76.8
36.1	21.4
37.4	73.7
38.1	185.8
37.7	183.2
37.4	304.4
36.0	239.4
37.5	325.8
36.5	305.7
38.0	277.7
37.0	164.6
37.4	202.4
37.7	132.0
37.3	104.7
36.5	228.2
37.5	231.0
37.5	264.2
37.5	238.0
37.2	237.9
37.5	220.7
36.2	157.0
36.9	109.9
37.5	82.2
36.8	177.8
37.2	301.5
37.0	395.4
36.7	303.8
36.2	199.2
37.5	216.3
36.5	127.1
36.6	109.0
37.0	41.8
37.2	92.7
37.3	129.3
36.8	192.9
37.5	219.9
36.7	249.6
37.5	370.7
37.7	360.4
38.0	366.0
37.7	407.9
36.8	535.9
37.1	463.7
36.8	436.6
36.2	432.8
37.5	364.6
37.4	333.2
36.3	268.0
36.3	304.2
36.6	320.5
36.2	290.3
36.8	190.9
36.8	210.7
37.5	179.5
36.2	131.8
35.2	5.6
35.3	40.2
35.2	60.0
35.1	41.1
35.3	54.9
36.2	64.4
35.9	108.3
35.6	147.0
35.7	53.9
36.1	126.0
36.0	85.7
35.3	163.4
35.2	161.4
35.9	172.8
35.2	217.2
35.4	160.7
35.0	121.5
35.8	106.8
34.8	98.1
35.1	83.1
35.7	61.7
35.0	75.6
37.1	136.5
37.0	138.4
37.0	123.5
37.2	131.8
37.9	204.2
37.5	276.2
37.4	317.2
37.4	334.5
36.4	357.1
37.0	402.7
36.9	374.2
36.3	376.3
37.1	309.4
36.5	333.0
37.0	321.9
37.4	255.5
36.7	148.4
37.3	261.2
36.9	165.4
37.5	130.4
36.0	102.9
37.2	88.6
36.4	77.8
36.2	50.0
35.0	13.4
35.1	52.8
35.1	66.1
35.0	108.0
35.3	117.5
35.0	93.9
35.0	103.6
35.0	221.4
35.2	259.8
35.0	384.0
35.6	218.5
34.8	288.9
35.5	260.4
35.4	312.2
34.9	150.3
35.0	262.6
35.7	148.3
35.0	226.6
35.3	212.3
35.2	105.3
34.9	118.1
34.8	118.4
35.2	69.5
34.4	44.4
34.5	114.5
34.1	49.3
34.0	94.0
34.2	98.9
33.9	92.6
34.0	96.8
34.1	123.8
34.0	114.2
34.2	147.5
34.1	171.5
34.1	189.1
33.8	144.0
33.7	160.5
34.0	159.1
33.6	216.9
33.6	121.9
33.9	136.9
33.6	84.9
33.5	158.0
33.8	87.9
33.5	135.2
33.3	74.1
33.4	88.0
33.2	68.5
33.3	38.2
32.8	20.2
32.8	28.2
33.0	47.5
32.9	48.1
32.9	58.3
33.0	68.7
32.7	51.6
32.9	62.4
33.0	113.9
32.9	106.8
33.0	75.1
32.8	104.5
32.8	92.2
32.7	95.4
32.8	69.1
32.5	101.2
32.4	63.4
32.1	52.9
32.2	67.7
31.9	89.2
31.8	42.4
31.8	41.5
31.8	71.6
31.8	65.1
31.8	37.0
31.8	109.3
31.9	111.1
31.8	112.6
31.9	61.1
32.0	144.2
32.2	73.0
32.0	93.9
32.1	126.3
32.1	67.3
31.9	94.9
31.7	56.4
31.5	91.5
31.5	66.1
31.2	70.3
31.3	72.0
31.1	94.1
31.1	57.4
31.0	28.3
31.0	38.1
31.2	54.5
31.3	105.4
31.2	119.4
31.2	50.3
31.1	99.4
31.1	98.3
31.2	72.9
31.1	54.0
31.1	62.7
31.1	70.6
31.1	65.8
31.1	67.5
31.1	62.7
30.9	78.1
30.8	68.0
30.8	59.8
30.7	61.4
30.6	54.5
30.5	41.4
30.5	53.9
30.5	43.5
31.2	134.7
31.2	194.9
31.2	203.1
31.2	221.6
31.2	275.6
31.2	299.0
31.2	300.8
31.2	259.1
31.3	235.7
31.3	234.0
31.3	240.8
31.2	190.8
31.3	188.5
31.3	151.5
31.4	95.1
31.4	76.5
31.4	129.8
31.3	61.5
31.3	72.4
31.2	56.9
31.2	47.4
31.0	33.5
30.8	50.8
30.7	66.6
30.7	48.7
30.7	95.6
30.6	149.5
30.6	163.3
30.6	125.5
30.6	139.8
30.6	197.7
30.6	195.7
30.7	250.5
30.6	65.8
30.7	50.8
30.6	55.1
30.6	57.3
30.5	47.7
30.5	36.2
30.4	49.8
30.4	41.0
30.4	26.4
30.4	33.2
30.4	28.5
30.4	29.6
30.4	17.5
30.6	38.9
30.6	59.4
30.6	37.7
30.6	24.4
30.6	50.2
30.6	40.0
30.6	80.8
30.6	34.0
30.6	28.5
30.6	20.9
30.6	15.4
30.6	28.6
30.6	46.2
30.5	32.2
30.5	30.6
30.7	48.3
30.7	63.7
30.6	78.9
30.6	63.6
30.6	76.0
30.6	40.0
30.6	26.4
30.7	8.7
30.6	24.0
30.6	36.5
30.7	26.3
30.6	24.1
30.6	22.4
30.6	42.3
30.6	26.6
30.6	30.3
30.5	32.0
30.5	30.8
30.5	31.9
30.5	13.7
30.6	38.3
30.6	51.4
30.6	37.3
30.6	70.7
30.5	84.1
30.5	68.7
30.5	59.9
30.5	58.8
30.6	51.6
30.6	31.5
30.6	35.7
30.6	74.2
30.5	88.7
30.5	31.5
30.6	37.3
30.5	29.7
30.5	23.0
30.4	19.8
30.4	16.7
30.4	35.6
30.4	34.7
30.4	53.7
30.5	8.1
30.5	34.0
30.4	62.7
30.5	38.9
30.5	80.0
30.6	56.5
30.6	115.7
30.7	42.6
30.8	48.7
30.9	78.6
30.9	41.1
31.0	57.8
31.1	69.5
31.2	54.0
31.3	62.8
31.4	95.1
31.6	55.0
31.7	57.3
31.9	50.3
32.0	36.2
32.2	28.0
32.2	17.4
32.2	15.7
30.4	54.5
30.4	46.5
30.4	59.3
30.4	57.3
30.4	66.8
30.4	52.6
30.5	122.2
30.7	90.6
30.7	61.1
31.3	76.3
31.4	83.3
31.5	176.5
31.5	176.0
31.6	211.3
31.7	216.5
31.9	243.2
32.1	250.6
32.2	247.5
32.3	230.0
32.5	297.1
32.8	153.3
32.9	189.5
33.1	256.5
33.2	178.0
33.4	147.6
33.5	157.4
33.4	113.8
33.5	110.9
33.6	82.3
33.5	95.2
33.5	56.5
33.6	45.5
31.0	41.6
31.0	51.3
30.9	82.6
30.9	98.7
30.9	110.4
31.0	130.0
31.0	89.6
31.1	115.2
31.2	140.8
31.3	139.6
31.6	60.6
31.6	115.1
31.9	81.7
31.9	96.6
32.1	130.1
32.2	109.6
32.4	55.9
32.5	58.3
32.6	105.0
32.6	44.3
32.6	44.8
32.8	36.0
32.7	53.5
32.9	32.3
30.5	42.6
30.5	47.6
30.5	44.3
30.5	68.9
30.5	71.6
30.5	74.2
30.5	127.3
30.6	68.6
30.7	66.1
30.7	78.9
30.8	79.4
30.9	89.5
31.1	76.7
31.4	59.8
31.5	24.0
31.9	39.8
31.8	56.5
31.3	28.8
30.4	35.7
36.8	43.6
36.8	47.9
36.0	103.4
36.4	76.4
36.3	87.9
36.3	199.4
36.3	123.4
36.3	125.0
36.2	160.7
36.5	264.6
36.1	315.6
35.8	313.3
35.5	255.1
35.3	342.4
36.1	247.4
35.9	195.8
36.2	172.5
36.2	90.9
35.4	98.6
35.3	124.6
35.6	104.8
35.6	71.6
35.5	54.6
35.4	56.4
37.1	109.2
37.0	277.5
37.4	371.8
37.5	381.4
37.3	243.6
37.0	152.1
37.8	145.6
36.3	270.0
37.0	231.1
36.9	130.4
37.2	79.7
37.0	83.4
37.7	71.0
37.2	91.9
38.3	75.7
38.0	122.0
36.7	223.1
37.0	325.6
37.8	334.3
38.1	339.7
36.8	386.8
38.2	400.8
36.3	408.1
36.8	425.2
36.5	486.4
37.0	471.8
37.2	465.0
37.1	322.4
36.8	292.3
36.4	239.0
36.3	308.4
36.2	260.0
36.5	187.7
35.7	210.9
35.3	141.6
34.9	41.2
35.0	73.1
34.8	135.0
34.9	96.8
34.8	122.7
34.7	150.6
35.0	183.0
34.8	182.3
34.7	179.8
34.7	134.8
34.7	185.5
34.4	210.2
34.4	187.7
34.5	176.6
34.3	215.6
34.2	131.9
34.2	143.0
34.1	104.0
34.0	90.8
33.9	60.5
33.9	103.6
33.9	102.9
33.8	88.5
33.5	92.3
33.3	79.9
33.2	91.6
33.0	97.9
33.0	112.8
32.9	114.2
32.7	128.1
32.5	133.3
32.4	154.6
32.3	134.2
32.2	154.8
32.0	137.5
31.8	148.1
31.6	164.0
31.5	148.0
31.4	155.2
31.2	134.4
31.1	112.0
31.0	103.2
30.8	115.7
30.8	127.2
30.7	126.3
30.7	88.0
30.7	58.7
31.1	71.5
30.9	76.0
30.9	85.4
30.8	129.3
30.6	136.3
30.6	93.6
30.5	133.3
30.5	110.5
30.4	131.9
30.4	122.7
30.3	124.8
30.3	139.4
30.2	106.7
30.3	89.1
30.2	96.0
30.3	58.1
30.3	40.9
30.3	54.2
30.2	72.6
30.3	46.9
30.3	51.5
36.8	49.2
37.9	81.2
36.8	98.3
36.9	135.8
37.4	164.7
37.7	67.8
37.6	162.6
37.1	303.6
36.9	320.1
37.2	316.0
35.6	374.5
35.5	437.9
36.5	300.2
35.6	458.4
35.4	457.7
34.9	332.2
35.5	269.8
35.1	332.3
34.6	193.5
34.9	159.9
34.7	145.6
34.5	70.1
34.3	112.4
34.5	148.7
34.4	136.2
34.2	226.4
33.9	234.1
33.8	271.4
33.5	271.9
33.5	269.6
33.3	264.7
32.9	237.5
32.6	253.4
32.4	242.4
32.0	226.0
31.6	213.1
31.2	164.4
31.1	128.0
30.8	177.8
30.7	114.1
30.6	121.7
37.1	84.0
36.6	119.2
36.6	180.0
37.5	208.1
36.1	238.4
36.1	276.5
36.7	340.0
36.2	310.4
36.6	206.1
35.3	225.7
35.5	205.9
35.4	252.9
35.4	275.9
35.1	296.4
35.0	222.1
35.1	206.4
34.9	244.7
34.8	199.5
34.8	141.1
34.8	185.1
34.5	69.1
34.5	139.4
34.4	145.6
34.2	162.0
34.2	224.9
34.1	194.3
33.9	204.2
33.7	244.6
33.5	246.3
33.5	264.0
33.3	243.6
33.0	227.4
32.8	148.1
32.7	89.7
32.6	138.7
32.3	131.7
32.2	115.0
32.2	59.4
32.2	50.7
32.1	59.3
32.1	43.7
32.2	49.8
32.1	61.6
32.0	79.4
31.9	90.0
31.7	96.4
31.6	75.1
31.5	60.3
31.3	101.0
31.2	107.7
31.2	141.2
31.0	136.0
30.9	112.1
30.8	86.1
30.7	81.5
30.7	73.0
30.7	132.7
30.6	86.4
30.6	88.3
30.5	75.5
30.5	65.0
30.9	37.1
30.8	97.3
30.7	61.8
30.8	32.1
30.7	69.5
30.6	109.5
30.6	96.7
30.5	77.9
30.5	100.5
30.4	107.7
30.3	136.3
30.3	79.8
30.3	173.5
30.2	113.7
30.2	131.1
30.2	104.7
30.2	89.8
30.1	120.7
30.1	79.3
30.1	86.5
30.1	63.3
30.4	40.5
30.4	115.7
30.3	87.5
30.2	119.0
30.2	119.4
30.1	147.9
30.1	91.2
30.1	138.4
30.1	122.9
30.0	139.6
30.0	156.8
30.0	94.1
30.0	131.3
30.0	70.4
30.0	131.9
29.9	145.6
29.9	153.1
29.9	78.2
29.9	61.8
30.0	54.8
30.0	57.6
30.2	25.3
30.2	48.6
30.2	42.3
30.2	68.7
30.1	90.1
30.1	121.9
30.0	121.0
30.0	161.6
30.0	102.5
30.0	63.9
29.9	117.0
29.9	117.3
29.9	193.9
29.9	136.2
29.9	120.0
31.1	195.8
31.4	115.6
33.1	33.2
33.1	65.2
33.0	110.4
33.0	193.7
32.9	200.9
32.8	277.2
32.7	195.0
32.5	243.0
32.2	323.2
32.1	299.3
31.8	374.8
31.4	385.5
31.1	340.7
30.9	237.9
30.6	283.7
30.5	194.8
30.5	100.2
30.6	19.0
30.6	83.9
30.5	93.4
30.5	140.9
30.4	181.6
30.4	177.3
30.3	190.8
30.3	198.2
30.2	192.0
30.1	207.6
30.1	291.2
30.1	217.7
30.0	197.2
30.0	144.0
29.9	193.7
29.9	215.8
29.9	142.0
29.9	115.7
29.9	119.7
29.9	58.5
29.9	75.8
38.3	100.1
37.7	146.9
37.8	186.6
37.9	282.4
37.3	283.6
37.1	372.2
37.3	397.4
37.3	372.7
36.8	531.0
36.6	440.0
36.0	449.8
36.2	422.4
36.0	382.2
35.5	312.4
35.7	422.1
35.3	277.5
35.0	281.3
34.9	276.1
34.5	261.2
34.5	191.9
34.4	192.1
34.2	150.3
33.0	72.2
32.9	74.7
32.7	130.0
32.5	149.0
32.4	190.3
32.1	181.8
32.0	252.6
31.7	248.9
31.5	237.1
31.2	220.3
31.0	241.4
30.8	76.0
30.6	184.1
30.4	151.0
30.3	194.0
30.2	213.9
30.2	149.8
30.2	155.0
30.1	142.5
30.1	159.8
30.1	133.4
30.1	124.5
30.1	97.1
30.1	80.3
30.3	14.5
30.2	26.9
30.2	67.5
30.2	98.9
30.2	128.8
30.1	128.9
30.1	160.4
30.1	183.5
30.0	175.5
30.0	156.0
30.0	202.5
29.9	138.0
29.9	168.3
29.9	172.4
29.8	162.5
29.8	202.8
29.8	177.1
29.8	155.1
29.8	157.1
29.8	112.1
29.9	125.5
29.9	85.7
30.5	68.2
30.5	86.7
30.5	122.0
30.5	192.3
30.5	215.0
30.5	211.4
30.5	197.8
30.5	156.2
30.4	305.4
30.4	290.6
30.3	387.2
30.3	361.0
30.2	365.1
30.2	417.2
30.1	321.1
30.1	252.7
30.0	241.9
30.0	303.2
30.0	183.4
30.0	150.3
30.0	164.1
30.0	138.0
30.2	54.0
30.2	73.5
30.1	133.4
30.1	165.9
30.1	177.0
30.1	174.4
30.1	239.2
30.0	199.4
30.1	237.9
30.0	243.0
30.0	225.9
29.9	253.2
29.9	228.6
29.9	193.5
29.9	262.9
29.8	238.4
29.8	193.5
29.8	191.6
29.8	223.8
29.9	168.2
29.8	151.6
29.9	101.0
30.0	38.9
30.0	46.1
30.0	70.0
30.0	120.0
30.0	217.4
29.9	200.9
29.9	158.9
29.9	118.0
29.9	102.5
29.9	142.5
29.9	252.0
29.8	187.7
29.8	131.8
29.8	124.3
29.8	186.4
29.8	153.0
29.8	78.4
29.8	88.9
35.2	86.7
35.5	115.1
35.3	192.8
35.0	173.4
35.5	276.4
35.1	420.4
34.8	415.8
34.9	369.5
34.7	426.6
34.8	508.6
34.1	372.3
34.1	423.2
34.0	428.4
33.7	349.2
33.5	368.8
33.2	311.0
32.8	307.5
32.5	301.1
32.0	245.3
31.8	194.9
31.5	177.4
31.2	143.9
30.6	96.8
30.6	115.4
30.5	119.1
30.4	102.3
30.5	97.4
30.4	131.2
30.3	243.9
30.3	200.9
30.3	124.6
30.3	157.3
30.3	175.7
30.2	125.7
30.2	8.5
30.3	46.7
30.3	72.6
30.3	124.9
30.2	180.2
30.3	265.4
30.3	223.3
30.2	286.8
30.2	306.4
30.2	323.6
30.2	352.6
30.1	292.3
30.0	333.4
30.0	271.9
30.0	311.9
29.9	278.5
29.9	264.1
29.9	274.7
29.9	263.8
29.9	203.9
29.9	224.9
29.9	151.6
29.9	136.5
29.9	114.5
30.0	61.1
30.0	85.0
30.0	90.0
30.0	112.4
30.0	157.5
30.0	110.1
29.9	109.8
29.9	206.3
29.9	247.1
29.9	204.2
29.9	251.8
29.8	246.6
29.8	227.5
29.8	241.8
29.8	205.1
29.8	84.1
29.8	99.1
29.8	104.8
29.8	106.4
29.8	152.6
29.8	92.6
29.8	77.5
29.9	21.8
29.9	37.8
29.9	63.3
29.9	122.2
29.9	102.1
29.9	75.4
29.9	123.2
29.9	139.3
29.9	182.9
29.9	200.0
29.8	189.2
29.8	218.2
29.8	210.2
29.8	176.6
29.8	186.8
29.8	282.5
29.7	177.1
29.7	231.8
29.7	152.1
29.7	225.1
29.7	132.4
29.8	124.0
29.9	60.9
29.8	102.5
29.8	114.9
29.8	170.8
29.9	144.2
29.8	193.0
29.9	218.4
29.8	197.8
29.8	209.1
29.8	232.9
29.8	289.3
29.8	207.8
29.8	190.0
29.8	183.8
29.8	202.1
29.7	232.7
29.7	180.6
29.7	205.6
29.7	165.1
29.7	177.1
29.7	161.7
29.8	73.4
29.8	109.7
29.8	162.6
29.8	178.2
29.8	194.6
29.8	193.5
29.8	188.5
29.8	226.1
29.8	211.3
29.8	236.7
29.8	223.8
29.7	238.7
29.7	164.8
29.7	186.3
29.7	185.8
29.7	228.2
29.7	203.5
29.7	167.2
29.7	212.8
29.7	148.4
29.7	153.9
29.7	104.3
29.8	86.7
29.8	145.4
29.8	127.8
29.8	137.4
29.8	85.9
36.1	42.4
37.4	43.5
36.8	101.3
37.1	140.5
37.5	188.2
36.3	290.0
36.9	269.6
36.5	368.7
36.3	373.0
36.6	316.7
35.5	365.0
36.1	319.1
36.0	287.4
35.6	203.0
35.7	146.5
35.2	158.6
35.5	179.2
35.1	115.3
35.1	93.8
34.8	45.2
34.7	99.0
34.6	131.1
34.6	174.6
34.6	255.0
34.4	277.6
34.5	341.7
34.2	347.1
33.9	328.1
33.8	351.0
33.5	386.6
33.4	339.5
33.3	412.7
33.1	356.9
32.9	353.1
32.7	346.0
32.3	284.7
32.1	215.6
31.9	190.4
31.7	82.0
31.3	65.0
31.3	64.5
31.2	92.4
31.2	215.2
31.1	276.7
31.0	208.0
30.8	300.7
30.7	227.5
30.6	339.0
30.6	365.7
30.5	307.8
30.4	368.9
30.3	362.1
30.2	417.5
30.2	308.7
30.1	278.3
30.1	276.1
30.1	237.5
30.0	221.3
30.1	116.5
30.1	88.1
30.3	37.7
30.3	55.2
30.2	94.3
30.2	77.3
30.2	168.5
30.2	168.8
30.1	205.0
30.1	223.0
30.1	314.7
30.1	218.6
30.1	242.0
30.0	195.4
30.0	223.3
30.0	279.3
30.0	258.7
30.0	300.8
29.9	285.8
29.9	263.9
29.9	260.9
29.9	277.8
29.9	215.6
29.9	143.5
29.9	52.8
30.0	24.6
30.0	60.1
30.0	115.6
30.0	114.7
30.0	170.9
30.0	254.7
30.0	204.1
29.9	272.6
29.9	252.9
29.9	285.4
29.9	299.2
29.9	270.3
29.9	319.5
29.8	346.0
29.8	243.9
29.8	223.4
29.8	295.0
29.8	198.8
29.8	268.9
29.8	162.2
29.8	129.2
30.0	12.2
29.9	51.5
29.9	89.5
29.9	213.5
29.9	188.5
29.9	229.1
29.9	239.5
29.9	247.9
29.9	329.3
29.9	312.3
29.8	300.8
29.8	307.1
29.8	299.6
29.8	300.8
29.8	292.9
29.8	305.3
29.7	292.3
29.7	258.2
29.7	269.9
29.7	227.6
29.7	197.8
29.8	121.4
29.8	87.2
29.8	57.1
29.8	104.9
29.8	149.0
29.8	183.0
29.8	173.3
29.8	251.3
29.8	247.3
29.8	296.8
29.8	287.4
29.8	295.2
29.7	308.2
29.7	286.3
29.7	317.6
29.7	283.8
29.7	284.4
29.7	263.9
29.7	266.7
29.7	200.6
29.7	218.2
29.7	183.8
29.7	139.3
29.7	100.2
29.8	61.0
29.8	109.6
29.8	144.9
29.8	161.4
29.8	208.8
29.7	228.8
29.7	259.4
29.7	224.8
29.7	180.1
29.7	303.5
29.7	240.4
29.7	261.7
29.7	248.2
29.7	206.2
29.7	270.1
29.7	147.0
29.7	262.8
29.6	310.5
29.6	266.6
29.6	201.4
29.6	154.1
29.6	89.2
29.7	43.2
29.7	79.2
29.7	75.5
29.7	144.8
29.7	124.0
29.7	140.3
29.7	155.9
29.7	184.2
29.7	206.2
37.0	82.2
36.4	156.9
37.0	136.8
36.1	90.1
36.7	277.5
38.1	220.5
36.8	235.6
37.0	358.0
37.1	168.4
37.1	186.7
37.2	262.1
36.3	337.1
36.2	167.0
36.9	156.1
36.5	88.3
37.2	44.9
35.9	90.2
36.4	139.6
37.2	205.8
36.8	258.9
35.8	293.2
35.8	298.3
36.2	403.4
36.2	351.1
36.0	476.2
36.4	556.4
35.5	457.9
35.4	562.4
35.4	452.7
35.5	405.1
35.4	357.0
35.1	426.8
35.2	383.6
35.0	243.0
34.8	252.8
34.7	159.6
34.5	49.1
34.5	99.2
34.5	137.1
34.5	202.9
34.5	205.5
34.3	284.7
34.3	288.5
34.0	281.3
33.9	190.9
34.0	299.7
33.9	270.2
33.7	360.8
33.5	309.4
33.3	295.3
33.1	246.1
33.1	173.9
37.4	127.7
37.2	254.0
38.1	261.4
38.2	241.3
37.4	291.9
37.4	11.9
37.2	323.4
37.3	195.4
38.4	296.7
36.7	284.3
37.4	433.5
37.5	307.6
37.0	252.3
36.5	241.8
36.1	189.5
36.7	123.0
36.5	131.5
36.4	96.3
36.5	90.5
35.8	224.5
35.8	183.7
36.2	165.8
36.0	274.0
36.3	246.6
35.3	173.9
35.6	133.4
35.5	155.0
35.7	130.5
35.0	187.7
35.1	198.5
35.3	136.3
35.2	75.4
35.0	128.2
35.8	130.5
34.9	171.6
36.4	288.3
35.5	308.2
35.3	320.7
35.2	288.6
35.5	249.1
35.0	239.0
34.8	234.4
34.8	246.3
34.9	246.1
34.9	198.2
34.8	206.4
34.8	184.0
35.0	181.3
34.7	116.6
34.6	48.4
34.9	73.4
34.6	134.1
34.6	179.1
34.5	173.2
34.5	251.3
34.4	384.6
34.3	350.1
34.2	232.7
34.2	290.4
34.1	197.5
34.1	287.6
33.8	434.7
33.9	198.9
33.7	338.8
33.5	322.3
33.3	274.2
33.2	167.5
33.0	253.9
32.9	138.8
32.7	139.0
33.0	104.3
33.0	130.8
32.9	152.2
32.8	239.5
32.9	315.4
32.7	315.8
32.6	277.4
32.4	341.5
32.2	341.8
32.0	402.3
31.9	379.8
31.6	408.0
31.5	330.1
31.3	327.9
31.1	345.3
31.0	267.4
30.9	313.8
30.9	224.4
30.8	169.1
30.8	120.7
31.1	46.2
31.2	83.8
31.1	125.1
31.0	170.8
31.0	177.9
31.0	245.8
30.9	246.7
30.9	249.5
30.8	295.6
30.7	317.6
30.6	374.7
30.6	368.1
30.6	370.7
30.5	240.5
30.5	394.2
30.4	308.9
30.4	148.6
30.4	200.4
30.4	150.4
30.4	112.0
30.5	88.7
36.9	93.5
37.3	111.3
38.0	107.1
36.9	52.9
38.0	185.3
37.9	77.8
37.1	90.2
37.1	39.8
37.0	90.4
37.8	84.8
36.9	90.4
37.2	96.4
37.3	94.3
37.3	35.2
37.1	49.8
37.2	58.0
36.4	73.9
37.0	47.3
36.8	83.6
37.1	115.8
37.4	154.9
37.6	84.4
37.4	119.0
37.8	437.9
36.7	97.0
37.5	67.3
37.8	63.5
36.9	118.1
36.8	176.6
36.2	133.4
37.1	198.8
36.7	155.7
36.3	261.4
36.3	242.8
37.3	213.9
36.7	260.6
36.4	234.8
36.9	218.6
36.4	269.2
36.3	314.4
36.6	288.4
37.0	178.7
36.6	165.8
36.5	165.7
36.4	146.0
36.0	66.6
35.3	65.0
35.6	120.0
35.7	135.3
35.2	189.5
36.2	225.4
35.8	297.4
35.7	317.3
35.0	342.2
35.2	311.6
35.1	314.9
35.3	358.4
34.9	364.1
35.1	232.5
34.9	248.8
34.9	280.8
35.1	339.9
34.7	165.8
34.6	107.7
34.7	191.0
34.6	42.6
34.6	83.4
34.5	106.4
34.4	162.4
34.4	173.9
34.4	202.2
34.3	233.7
34.2	274.1
34.3	264.4
34.3	278.4
34.1	261.9
34.0	244.4
34.0	351.4
33.8	337.6
33.6	256.9
33.6	258.7
33.4	223.1
33.3	197.8
33.2	192.8
33.2	143.3
33.1	112.8
32.7	131.6
32.7	148.0
32.6	118.8
32.7	217.3
32.5	253.2
32.4	290.9
32.3	341.9
32.3	294.5
32.2	388.1
32.0	345.3
31.8	357.6
31.7	386.9
31.6	306.4
31.4	378.9
31.3	272.2
31.3	245.3
31.1	195.5
31.2	155.1
31.2	120.6
31.3	84.8
31.3	99.8
31.3	146.6
31.3	182.7
31.3	247.1
31.2	197.3
31.2	183.3
31.1	209.2
31.1	227.8
31.0	175.4
31.0	192.9
31.0	296.4
31.0	275.9
30.9	303.7
30.8	302.0
30.7	234.1
30.6	219.4
30.7	155.0
30.7	156.4
30.8	108.0
30.9	7.1
30.9	56.6
30.9	115.1
30.8	127.7
30.8	153.1
30.8	165.7
30.8	284.9
30.8	277.8
30.7	247.0
30.7	223.9
30.7	256.5
30.7	194.9
30.6	245.9
30.6	325.1
30.6	234.9
30.5	225.0
30.5	242.6
30.5	169.4
30.5	161.1
30.5	158.1
30.5	90.1
30.7	63.0
30.6	95.0
30.6	172.7
30.6	231.1
30.6	257.7
30.6	243.3
30.6	279.1
30.5	291.2
30.5	350.3
30.4	367.2
30.4	295.9
30.4	392.4
30.4	325.3
30.4	395.9
30.3	319.7
30.3	362.9
30.3	210.5
30.2	134.0
30.3	103.1
30.3	98.2
30.5	1.9
30.5	116.6
30.5	131.7
30.4	237.5
30.4	312.9
30.4	318.0
30.4	245.8
30.4	272.9
30.3	403.2
30.3	177.4
30.3	349.8
30.3	324.7
30.3	186.8
30.3	136.1
30.3	124.4
30.3	156.2
30.3	143.9
30.6	54.7
30.6	83.4
30.6	129.2
30.6	167.5
30.6	263.0
30.5	227.1
30.5	381.6
30.4	367.6
30.4	338.2
30.4	193.2
30.3	250.9
30.3	183.8
30.3	189.3
30.3	171.7
30.3	102.5
30.4	37.0
30.4	90.3
30.4	132.5
30.3	183.6
30.4	222.3
30.3	264.5
30.3	306.8
30.3	332.6
30.3	297.5
30.2	372.7
30.2	341.0
30.2	301.7
30.2	388.5
30.2	299.5
30.2	276.6
30.1	236.1
30.1	214.5
30.1	170.1
30.2	165.3
30.3	44.7
30.3	79.1
30.3	115.2
30.3	126.7
30.2	245.6
30.2	174.2
30.2	260.0
30.2	182.3
30.2	251.1
30.2	255.6
30.2	193.7
30.2	216.9
30.1	363.2
30.1	375.4
30.1	278.1
30.1	239.6
30.1	217.9
30.1	174.7
30.1	129.6
30.2	90.2
30.2	51.7
30.2	77.4
30.2	80.1
30.2	103.8
30.2	102.2
30.2	266.8
30.1	253.2
30.1	160.7
30.1	234.0
30.1	205.5
30.1	329.9
30.1	225.3
30.1	238.4
30.1	192.1
30.1	202.8
30.1	157.7
30.1	124.6
30.2	2.5
30.2	49.4
30.2	96.5
30.1	128.0
30.1	179.0
30.1	225.2
30.1	249.6
30.1	251.6
30.1	246.0
30.1	288.0
30.1	354.3
30.1	390.4
30.1	350.8
30.0	425.3
30.0	308.6
30.0	285.9
30.0	256.7
30.0	205.5
30.0	220.9
30.0	163.3
30.1	17.9
30.1	86.4
30.1	83.8
30.1	157.7
30.1	160.5
30.1	285.3
30.1	243.7
30.0	335.6
30.1	309.2
30.0	371.4
30.0	318.5
30.0	333.3
30.0	340.8
30.0	374.9
30.0	273.4
30.0	268.8
29.9	259.3
29.9	193.3
29.9	202.5
29.9	141.9
30.0	155.1
30.0	40.2
30.0	86.1
30.0	148.8
30.0	195.0
30.0	240.3
30.0	291.0
30.0	323.3
29.9	324.3
30.0	294.6
30.0	337.2
29.9	313.8
29.9	322.9
29.9	367.0
29.9	327.7
29.9	215.7
29.9	268.2
29.9	202.7
29.9	130.3
29.9	35.6
30.0	119.7
29.9	154.3
30.0	234.0
29.9	271.5
29.9	270.1
29.9	305.5
29.9	304.8
29.9	392.6
29.9	363.1
29.8	367.9
29.9	498.1
29.9	397.3
29.9	318.8
29.8	287.5
29.8	267.9
29.8	286.2
29.8	157.8
29.8	143.2
29.9	4.6
29.9	60.8
29.9	92.7
29.9	119.7
29.9	231.1
29.9	218.0
29.9	247.4
29.9	297.8
29.9	328.9
29.9	338.3
29.8	350.8
29.9	365.6
29.8	402.5
29.8	275.5
29.7	283.4
29.8	239.7
29.7	265.5
29.7	168.4
29.7	123.1
29.7	25.5
29.8	42.6
29.8	114.2
29.8	116.3
29.8	256.0
29.8	253.0
29.8	281.5
29.8	323.9
29.8	295.7
29.8	344.0
29.8	329.3
29.7	273.1
29.8	313.5
29.7	239.0
29.7	194.1
29.8	169.7
29.8	240.0
29.8	190.4
29.7	150.9
29.8	128.5
29.8	89.5
29.8	133.7
29.7	176.5
29.8	162.7
29.7	221.1
29.7	242.7
29.8	278.7
29.7	327.6
29.7	259.1
29.8	340.2
29.8	314.8
29.7	284.4
29.7	239.3
29.7	268.8
29.7	268.3
29.7	255.5
29.7	226.7
29.7	143.7
29.7	120.0
29.8	38.2
29.8	130.7
29.7	142.6
29.7	172.3
29.8	198.6
29.8	176.4
29.7	213.7
29.7	324.2
29.7	270.7
29.7	302.6
29.7	303.5
29.7	289.9
29.7	314.7
29.6	299.6
29.6	250.9
29.7	212.4
29.6	212.4
29.7	158.7
29.6	101.8
29.7	192.9
29.7	134.5
29.7	184.2
29.7	232.1
29.7	229.0
29.7	232.5
29.7	273.7
29.7	362.0
29.7	272.5
29.7	324.1
29.7	296.1
29.7	267.0
29.6	251.3
29.6	143.1
29.6	143.6
29.6	99.5
29.7	112.0
29.7	70.5
29.7	55.9
29.7	92.4
29.7	96.9
29.7	197.4
29.7	187.9
29.7	171.8
29.7	164.7
29.7	227.5
29.7	243.9
29.7	192.4
29.7	258.3
29.7	112.5
29.7	168.5
29.6	327.3
29.6	219.1
29.6	115.4
29.6	148.2
29.6	88.0
29.6	69.8
29.7	111.5
29.7	179.4
29.7	179.7
29.7	270.0
29.7	251.8
29.7	316.3
29.7	269.7
29.7	237.9
29.7	190.1
29.7	149.7
29.7	219.0
29.7	150.6
29.7	132.7
36.1	68.6
35.6	70.3
36.2	41.2
35.9	64.6
35.9	46.5
35.2	77.2
36.0	69.1
35.9	87.5
36.4	69.5
35.5	75.5
36.0	83.7
35.8	68.2
35.0	185.3
34.9	143.8
35.1	111.7
35.2	62.9
35.3	61.3
35.4	84.6
35.2	173.4
35.1	104.1
36.1	52.4
36.1	89.2
35.3	118.1
36.1	128.2
36.9	97.5
36.5	73.7
35.5	76.6
35.7	160.3
35.1	175.3
34.9	245.3
33.9	181.8
35.0	177.5
35.0	149.5
35.0	113.3
34.0	18.3
33.7	36.2
35.0	39.4
34.4	94.4
34.2	99.3
34.3	123.1
34.7	113.3
34.0	145.5
34.3	115.4
33.7	115.3
33.5	121.7
33.0	103.1
33.5	79.3
33.4	47.7
33.1	96.5
33.2	119.5
32.8	123.4
32.5	128.8
33.0	118.2
33.0	51.5
32.6	169.2
32.9	136.1
32.3	128.7
32.4	128.3
32.6	125.2
32.0	95.7
37.5	46.1
35.8	95.8
36.8	88.3
35.5	85.0
36.4	90.8
36.0	200.3
36.5	238.3
36.5	198.8
35.4	90.8
36.8	113.3
35.2	121.8
36.3	176.1
35.6	123.4
35.4	72.1
35.6	82.2
36.1	142.8
35.2	182.8
36.0	209.3
34.9	231.7
34.4	293.9
34.1	301.9
34.7	280.7
34.1	252.0
33.6	210.2
33.4	186.0
33.6	100.1
36.2	98.2
36.8	106.1
38.1	118.2
37.4	132.4
37.2	158.4
35.9	156.3
36.3	165.8
36.5	190.7
37.1	168.3
36.2	217.1
36.5	201.2
36.5	199.3
36.6	210.5
36.7	171.8
35.6	65.5
36.5	63.5
36.2	75.1
36.3	91.8
37.1	95.6
36.1	117.2
35.8	133.3
35.3	158.8
35.0	200.3
36.2	163.9
35.7	137.0
35.2	161.1
36.3	79.9
33.8	32.4
34.5	62.6
34.7	93.6
34.1	106.5
34.5	127.4
34.5	174.2
34.4	184.6
34.1	203.8
33.7	173.0
34.1	188.7
33.5	218.4
33.5	229.1
33.5	174.7
33.3	167.7
33.3	170.5
33.3	166.4
32.8	159.8
33.0	84.7
32.8	93.6
32.8	82.5
32.9	64.1
33.2	59.2
32.7	68.6
32.7	77.7
32.7	81.6
32.6	63.8
37.3	53.8
37.0	86.4
37.4	104.8
36.9	89.8
37.5	91.4
37.8	73.9
36.9	95.4
37.6	80.4
37.4	89.2
37.7	61.2
37.0	17.9
37.3	75.1
36.7	74.8
36.8	122.4
37.1	112.4
37.2	103.1
36.7	122.4
36.7	105.7
36.5	127.3
37.2	121.3
37.5	82.2
36.7	79.1
37.7	66.6
37.1	100.5
36.3	89.0
36.3	134.4
36.5	157.1
36.0	137.2
37.3	184.7
37.4	174.8
36.5	127.3
36.7	156.5
37.9	153.8
36.2	145.4
36.4	136.7
37.2	154.1
36.4	93.3
36.1	100.7
36.1	130.9
37.2	127.6
37.4	135.1
37.1	161.5
36.9	112.5
36.5	131.4
36.9	146.4
36.7	143.0
36.3	149.6
36.5	173.0
36.2	141.8
36.4	110.7
35.4	111.7
35.9	83.6
36.8	66.0
35.9	41.0
36.1	33.8
37.9	57.8
37.6	66.7
36.0	58.4
37.0	97.1
36.6	121.6
37.1	121.1
36.0	128.9
36.6	117.1
36.5	161.6
36.5	117.4
36.3	127.5
36.2	131.5
35.9	121.5
35.6	113.2
35.8	103.2
36.5	110.9
37.2	78.0
38.0	27.2
38.0	40.7
37.7	107.2
37.0	125.9
38.5	122.2
36.1	129.7
38.2	141.5
36.0	108.4
37.1	103.5
37.0	107.5
37.0	83.8
38.1	73.4
37.9	73.9
37.0	53.7
36.5	57.7
37.6	42.3
37.9	37.0
36.8	59.3
37.3	79.5
36.7	79.9
36.4	100.5
36.4	103.7
37.3	103.4
37.5	104.3
37.0	67.6
36.8	79.4
37.3	104.2
36.6	71.9
37.3	62.9
37.6	62.7
37.3	46.2
36.0	30.4
35.7	41.3
35.7	61.2
35.3	78.6
35.5	78.0
35.8	66.8
35.5	94.8
35.4	104.8
35.2	112.3
35.4	88.3
35.2	96.5
35.3	64.3
35.7	57.9
35.8	66.7
35.6	41.0
35.5	46.5
35.1	87.2
35.1	51.5
35.1	65.4
35.2	89.0
35.2	57.2
35.2	63.3
35.3	58.1
35.1	78.3
35.3	58.1
35.3	43.4
35.4	60.5
36.7	54.1
37.2	39.9
36.5	55.3
37.3	97.1
35.9	123.6
36.6	59.8
36.5	74.9
36.9	59.3
36.1	34.3
36.4	58.8
36.5	88.7
36.6	93.5
36.7	113.9
37.0	127.6
36.1	115.4
36.4	117.9
36.5	129.0
37.1	99.1
36.2	88.8
36.3	59.9
36.4	3.6
36.6	81.5
36.8	74.3
36.5	58.3
36.3	64.5
36.3	77.6
36.0	69.8
37.1	92.0
36.1	78.6
36.3	85.7
36.2	96.1
36.9	82.1
36.0	75.5
36.7	62.6
36.7	58.5
36.1	53.5
35.6	22.0
36.0	33.0
36.2	39.8
36.3	45.4
35.6	58.2
36.1	51.7
35.6	82.3
35.8	69.2
35.1	76.3
35.6	82.0
35.7	87.1
36.3	82.7
35.5	81.7
35.4	70.2
35.5	64.5
35.5	58.2
35.5	15.6
35.2	28.5
35.5	32.9
35.2	42.5
35.3	36.0
35.2	34.6
35.1	29.8
35.1	31.4
35.2	27.8
35.2	23.8
35.4	25.3
35.4	44.4
35.1	47.7
35.3	75.7
35.3	71.3
35.6	82.5
35.6	75.7
35.2	86.3
35.1	89.4
35.3	90.2
35.7	99.6
35.3	81.5
35.2	76.9
35.4	82.7
35.3	64.2
35.1	51.3
37.4	84.4
37.3	101.4
36.7	132.1
37.0	103.1
37.2	120.2
37.6	110.1
36.9	128.5
37.2	126.5
37.1	146.4
36.8	113.9
37.2	87.9
36.5	67.5
37.7	67.8
36.8	65.1
37.4	102.6
36.6	121.8
36.2	102.8
36.9	74.3
37.1	84.5
36.7	78.7
36.4	55.1
37.5	44.6
37.2	60.0
37.3	36.4
37.4	47.7
37.2	70.1
37.4	67.5
38.1	70.4
37.3	30.7
36.9	62.9
36.6	56.6
36.7	66.6
36.5	52.3
37.5	48.0
37.1	52.5
36.5	58.8
37.6	56.5
36.5	58.1
36.8	49.3
37.1	48.7
37.8	48.4
36.8	36.9
35.9	43.7
37.2	34.4
36.8	50.8
36.0	58.9
37.0	75.5
36.8	90.0
37.3	78.1
37.5	61.3
37.0	56.8
36.9	52.7
36.6	44.9
36.7	33.7
37.1	44.8
37.2	59.9
36.2	61.2
37.0	61.2
35.7	63.9
36.7	48.2
37.8	56.6
36.1	47.8
36.6	62.3
37.3	63.9
36.8	105.6
37.5	86.8
37.9	102.0
37.3	100.4
36.8	110.1
37.8	89.9
37.0	141.1
37.0	105.9
38.0	119.0
37.7	109.1
37.4	97.4
38.3	98.7
37.1	120.2
37.3	50.1
37.0	68.5
37.0	81.3
37.1	50.9
36.7	71.5
37.6	91.0
37.5	82.8
37.4	68.9
37.2	69.9
37.6	71.6
37.4	83.6
37.4	68.9
36.6	94.3
37.3	55.0
37.8	60.5
37.2	24.8
36.1	57.7
36.4	56.8
36.5	67.7
37.1	71.1
37.2	80.8
36.7	104.5
36.7	117.4
37.3	116.5
37.3	111.5
37.6	101.5
37.1	80.1
36.9	68.5
36.8	59.5
36.8	70.9
37.6	37.8
35.8	47.3
37.0	58.9
37.4	58.0
37.1	71.5
36.9	74.5
36.2	72.9
36.2	81.0
36.9	96.8
36.5	82.7
36.9	66.2
36.6	54.4
36.2	58.2
36.2	43.5
33.1	51.4
32.9	65.4
33.1	52.1
32.9	68.6
33.0	92.8
32.8	78.2
32.7	77.1
32.8	82.5
32.6	64.8
32.6	54.9
32.6	50.8
32.8	40.2
32.7	33.9
32.4	51.5
32.5	63.0
32.5	61.7
32.4	47.5
32.6	45.6
32.8	35.8
32.6	27.6
32.6	43.4
32.6	30.7
32.6	41.9
32.7	40.0
32.5	36.2
32.2	33.7
32.3	37.9
32.6	30.1
32.8	31.3
32.5	26.1
32.8	41.8
32.7	46.4
32.6	43.8
32.6	44.9
32.6	38.6
32.5	37.6
32.4	38.9
32.2	28.1
32.0	35.8
32.2	30.0
32.1	28.9
31.8	55.4
31.8	25.8
31.8	29.7
31.8	29.1
38.7	27.3
38.0	41.2
36.7	61.8
36.3	91.1
36.5	61.0
37.1	108.6
37.7	127.4
38.0	138.6
37.3	108.1
37.8	106.1
37.5	91.9
38.3	79.6
36.9	80.3
37.5	92.8
37.0	64.2
37.5	22.3
38.1	40.8
37.6	59.6
36.6	69.9
37.7	81.5
37.0	63.7
37.4	67.1
37.1	57.8
36.9	70.3
36.4	59.3
36.3	52.4
37.9	36.1
37.7	38.9
37.5	43.0
36.8	52.3
37.2	52.5
37.1	69.0
36.7	65.7
37.5	68.4
37.2	69.9
36.8	70.7
36.9	69.0
37.6	49.0
37.7	47.4
37.0	25.9
38.6	11.7
36.9	19.0
37.6	26.9
36.5	28.4
37.7	41.3
37.4	31.5
37.6	19.5
37.0	66.0
37.5	127.9
37.9	84.6
38.0	38.3
38.1	57.0
38.1	82.6
38.0	67.2
37.4	89.5
37.5	99.8
37.2	114.2
36.0	107.4
37.1	105.8
37.1	74.1
36.9	63.6
37.0	57.6
37.7	38.0
37.0	25.2
37.2	32.4
37.7	48.3
37.6	68.3
36.6	65.3
35.6	89.0
37.1	77.5
37.4	67.5
37.6	53.1
37.6	78.0
37.5	59.5
37.6	53.1
37.4	44.1
36.8	52.9
37.5	28.9
37.3	35.2
37.5	49.0
36.8	67.0
37.3	105.3
38.2	101.5
36.8	84.4
36.8	89.5
37.4	82.5
37.2	140.4
37.6	96.4
36.8	85.4
37.3	75.8
36.7	22.2
36.1	34.0
37.1	53.0
37.5	69.5
36.7	78.1
37.9	92.0
36.5	96.3
36.8	85.7
36.4	106.1
36.8	103.7
37.1	96.6
37.2	81.5
36.7	23.5
36.3	48.1
35.6	42.8
36.6	30.6
36.7	45.9
36.1	44.6
36.4	33.6
36.7	31.7
34.4	54.5
34.4	65.8
34.2	70.0
34.2	45.2
34.2	57.6
34.1	41.8
34.3	44.0
34.1	32.7
31.5	24.3
31.4	35.2
31.5	33.5
31.6	34.3
31.6	37.0
31.6	30.8
31.6	26.1
31.6	34.3
31.6	26.1
31.7	29.6
31.7	32.1
31.0	35.1
30.9	38.8
31.0	46.2
31.0	33.2
31.1	29.0
31.1	20.4
31.2	29.0
31.2	16.3
31.2	27.4
38.5	33.6
34.6	32.7
34.4	45.2
34.2	43.6
33.8	48.1
33.9	45.3
33.7	51.3
33.6	50.4
33.5	51.6
33.2	52.9
33.3	50.7
30.4	32.9
30.4	38.6
30.4	47.5
30.4	70.9
30.4	68.2
30.5	69.6
30.5	68.9
30.6	49.1
30.5	43.6
30.6	19.4
30.5	15.1
30.5	25.0
30.5	33.6
30.9	48.5
30.6	18.0
30.6	33.9
30.6	27.3
30.4	16.5
30.4	16.8
30.4	25.5
30.4	16.6
30.5	25.7
30.5	18.6
30.6	21.0
30.6	25.7
30.6	30.9
30.6	33.2
30.6	37.0
30.6	32.3
30.6	34.6
30.6	41.5
30.6	33.7
30.6	35.5
30.6	38.2
30.6	44.4
30.6	50.4
30.6	86.2
30.6	94.8
30.6	106.0
30.6	92.3
30.6	80.5
30.7	89.7
30.7	73.9
30.5	27.9
30.4	30.8
30.4	31.0
30.4	30.7
30.5	40.3
30.5	65.3
30.5	52.1
30.5	54.6
30.5	56.2
30.5	53.1
30.5	45.6
30.5	56.1
30.6	43.6
30.6	53.2
30.5	24.4
30.4	36.9
30.4	42.1
30.4	52.2
30.4	47.4
30.4	50.6
30.4	64.2
30.4	69.6
30.4	100.5
30.4	83.5
30.5	87.6
30.5	67.2
30.5	60.7
30.5	51.9
30.4	63.3
30.6	49.7
30.6	38.8
30.6	59.4
30.6	54.1
30.6	68.0
30.6	75.9
30.6	96.1
30.6	92.7
30.6	102.9
30.6	108.3
30.6	105.1
30.9	42.7
30.8	48.7
30.8	58.3
30.8	60.2
30.8	83.1
30.8	83.8
30.7	98.2
30.7	103.5
30.7	119.3
30.7	120.6
30.7	115.0
30.7	101.5
30.8	115.7
30.9	3.0
30.9	6.7
30.9	13.8
30.9	17.5
30.9	13.5
30.9	21.2
30.9	11.6
30.9	12.3
33.4	12.7
33.4	11.6
33.4	15.0
33.4	10.1
33.4	13.4
33.4	17.8
33.4	18.8
33.4	10.9
33.4	12.4
34.0	30.8
34.0	40.6
34.0	37.0
34.0	37.5
34.0	40.5
34.0	31.2
34.3	29.9
34.3	31.8
34.3	39.7
34.3	33.0
34.3	47.9
34.3	57.9
34.3	61.2
34.3	91.5
34.3	81.4
34.3	67.3
34.3	67.4
34.5	67.3
34.9	59.5
35.0	26.3
35.0	25.6
35.0	41.1
34.9	57.0
34.8	92.5
34.8	104.8
34.8	114.6
34.7	151.2
34.7	154.2
34.7	177.6
34.7	196.9
34.7	194.0
34.7	202.3
34.8	144.7
34.7	125.5
34.8	125.3
34.8	93.3
34.1	21.1
33.7	23.2
33.2	43.6
33.0	57.2
32.9	66.5
33.0	153.5
33.1	136.4
33.1	168.1
33.2	169.9
33.3	240.4
33.3	217.8
33.4	200.7
33.5	178.0
33.5	208.0
33.6	187.5
33.6	150.8
33.7	134.1
33.8	102.6
34.7	16.1
34.5	33.4
34.2	37.0
33.9	55.6
33.8	80.7
33.9	89.2
33.9	122.5
34.0	142.4
34.1	133.2
34.2	168.3
34.2	158.5
34.3	206.4
34.3	158.1
34.2	175.6
34.4	149.7
34.4	150.8
34.5	104.5
35.2	27.2
36.4	30.6
38.5	5.4
38.1	11.4
37.7	18.5
38.3	31.4
38.0	36.7
37.5	25.0
37.3	31.8
38.1	28.3
37.0	22.8
37.1	21.3
36.8	23.6
36.6	16.0
36.6	96.3
37.2	35.4
36.8	65.3
36.7	54.1
36.5	92.9
36.8	138.4
37.2	60.6
36.8	62.3
37.5	87.8
37.5	60.9
37.1	99.4
37.4	15.3
37.1	46.9
38.1	9.3
37.1	58.9
36.7	34.7
37.0	122.4
37.1	147.1
37.7	151.2
37.0	156.7
37.6	124.0
37.7	119.2
37.1	113.9
38.2	53.4
37.5	99.4
36.3	118.6
37.2	180.8
35.8	108.3
37.1	23.0
36.3	64.2
36.0	120.6
36.8	79.7
37.1	101.2
37.3	134.2
36.6	108.3
37.2	157.9
36.7	174.0
37.2	152.7
37.2	192.2
36.9	124.6
36.7	130.0
37.7	116.4
37.8	79.4
36.4	84.6
36.7	203.9
37.0	211.6
37.2	227.2
37.2	221.6
36.4	214.3
36.0	40.5
37.4	50.4
36.7	69.3
36.4	87.3
37.3	80.9
36.3	74.6
36.6	104.2
37.7	89.2
36.6	80.2
36.2	80.0
35.2	14.2
36.7	55.8
37.6	101.9
36.1	164.6
36.8	188.3
36.7	218.1
36.2	218.8
37.8	230.3
35.9	279.9
36.9	274.9
36.7	252.5
35.3	318.3
36.0	257.1
35.9	245.6
36.9	211.2
35.9	213.9
36.4	161.0
36.7	2.8
36.0	63.7
36.9	94.6
36.1	137.3
36.3	182.8
36.2	234.5
35.1	252.0
36.7	253.8
35.4	288.2
35.4	268.4
35.7	326.0
35.9	281.1
36.5	213.8
36.0	263.9
36.8	242.5
36.5	197.9
36.5	224.1
35.9	174.7
35.0	0.7
35.0	16.4
35.0	59.2
34.7	113.9
34.7	178.5
34.8	258.2
34.7	177.9
34.7	227.9
34.6	258.3
34.6	312.6
34.8	269.9
34.7	279.3
34.6	239.7
34.9	216.5
34.6	253.6
34.7	252.9
34.7	212.1
34.6	173.9
34.5	116.5
34.7	28.8
34.6	53.1
34.6	68.8
34.5	107.1
34.4	154.1
34.4	134.6
34.4	183.5
34.4	253.6
34.2	274.9
34.4	275.5
34.4	266.8
34.3	244.5
34.2	199.1
34.4	200.9
34.4	170.7
34.4	150.7
34.4	139.7
34.3	106.6
34.4	119.4
35.7	42.4
36.4	9.2
36.1	34.7
35.8	44.0
35.9	82.0
35.7	101.5
35.4	98.1
35.3	191.5
35.3	245.7
35.3	265.1
35.2	266.8
35.2	274.0
35.2	239.0
35.2	264.5
35.1	224.4
35.1	243.4
35.1	196.6
35.2	149.6
35.1	118.9
35.2	72.8
35.2	90.4
35.1	158.6
35.1	161.1
35.1	197.7
35.0	220.7
35.1	267.2
35.0	238.2
35.0	263.3
34.9	240.8
34.9	252.7
34.9	251.8
34.9	204.8
34.9	205.3
34.9	214.6
34.8	189.2
34.8	160.3
34.8	155.0
34.8	133.1
35.1	9.8
35.1	13.5
35.1	20.8
35.0	74.0
34.9	87.5
34.7	128.9
34.6	115.5
34.6	164.7
34.5	197.7
34.5	227.5
34.4	251.3
34.4	260.4
34.4	176.8
34.4	224.5
34.4	181.4
34.4	181.8
34.3	167.9
34.4	154.2
34.4	95.5
34.5	39.1
34.5	48.3
34.4	37.8
34.4	75.2
34.3	69.9
34.3	74.9
34.2	74.2
34.2	134.2
34.1	86.6
34.1	58.7
34.1	62.2
34.1	62.9
34.1	93.5
34.0	50.8
34.4	135.8
34.4	107.5
34.5	107.6
34.6	143.6
34.6	128.3
34.6	113.8
34.6	114.3
34.3	120.2
33.9	34.3
33.9	40.4
33.8	51.4
33.8	52.0
33.7	65.6
33.8	67.6
33.7	85.8
33.4	93.1
33.2	89.8
33.1	102.6
33.1	89.3
33.0	91.8
33.1	93.6
33.2	94.2
33.2	74.7
33.3	70.3
33.3	58.3
33.5	57.3
33.5	49.3
31.8	102.5
32.2	61.7
33.0	69.2
32.9	81.1
33.2	60.6
33.1	42.8
33.2	32.9
33.1	29.3
33.2	10.6
32.9	23.1
32.8	40.8
32.6	67.3
32.5	80.1
32.7	69.6
32.4	94.1
32.5	92.7
32.5	98.5
32.5	85.4
32.6	94.0
32.6	95.1
32.7	75.6
32.8	84.4
32.9	86.5
32.8	60.7
32.8	78.0
33.0	64.0
33.2	50.3
32.7	27.8
32.6	35.9
32.5	59.6
32.5	69.3
32.3	88.3
32.3	72.9
32.4	81.3
32.4	97.5
32.6	92.4
32.6	94.5
32.6	120.4
32.8	96.3
32.8	100.8
32.8	118.1
32.9	94.9
33.0	107.8
32.8	88.2
32.9	72.9
33.2	42.2
33.0	58.6
32.0	52.8
32.0	111.4
31.9	117.5
31.8	142.5
31.8	154.3
31.9	139.6
32.0	151.2
32.1	141.1
32.2	146.8
32.1	132.2
32.2	129.2
32.3	111.1
32.5	105.6
32.6	97.4
32.5	67.2
32.6	66.6
32.5	65.8
32.6	59.5
32.8	34.9
32.1	35.8
31.9	28.0
31.9	31.0
32.0	43.1
32.0	59.2
32.0	74.7
32.1	63.6
31.9	78.7
32.2	69.5
32.2	63.6
32.1	69.2
32.2	55.0
32.1	53.2
32.2	70.6
32.2	42.2
32.2	47.2
32.2	27.6
37.8	183.1
37.2	401.2
37.6	347.5
36.9	475.7
37.1	483.8
36.0	326.7
37.6	316.0
36.5	302.9
36.2	239.9
36.0	234.9
35.8	119.4
35.1	43.7
34.9	81.2
35.6	105.0
35.0	119.3
34.7	113.0
35.2	104.0
35.2	170.6
34.8	195.7
34.9	166.3
34.8	222.8
35.5	212.2
34.9	209.1
34.9	173.9
34.9	175.7
37.0	32.1
37.4	44.8
37.6	65.2
36.9	117.6
37.3	162.8
38.0	167.5
37.0	237.6
37.3	291.9
37.7	323.8
37.3	498.9
37.0	342.5
36.9	400.6
36.3	506.1
36.9	292.7
35.8	310.8
36.4	201.6
36.2	232.9
37.4	166.6
36.7	147.8
37.1	30.7
37.7	75.6
37.0	54.6
36.5	76.3
36.4	70.8
36.8	80.6
37.0	230.6
37.8	309.2
37.2	282.3
37.5	198.9
37.7	192.2
37.4	162.1
36.6	173.3
37.4	180.6
36.3	94.5
36.7	26.5
38.4	77.4
37.8	87.5
36.3	85.3
37.6	86.7
36.7	89.7
37.1	94.3
37.8	112.2
37.2	118.5
38.3	169.6
36.8	97.7
36.9	101.4
37.7	115.4
37.9	82.2
36.9	111.5
37.6	83.9
36.3	11.6
36.6	19.3
36.6	58.0
36.9	99.2
36.2	154.3
36.4	183.6
36.2	313.5
36.0	352.2
36.6	344.9
36.4	369.2
36.7	430.8
36.2	445.4
37.0	372.0
37.1	417.6
35.9	409.6
36.2	359.4
36.2	230.1
36.3	240.8
35.6	204.9
36.7	203.9
35.8	145.0
36.8	49.3
36.2	83.1
35.4	123.6
35.1	141.4
36.1	155.3
35.1	193.5
35.5	212.8
35.4	248.7
35.5	334.8
35.5	370.1
35.2	350.0
35.3	360.9
35.5	381.0
35.1	297.7
34.8	251.8
35.3	245.4
35.2	227.4
35.0	180.1
34.8	162.5
35.1	137.7
34.8	43.5
34.8	55.6
34.6	45.4
34.9	57.3
34.6	107.4
34.7	108.7
34.6	117.3
34.4	143.1
34.5	148.8
34.5	160.2
34.9	158.8
34.4	124.1
34.9	111.7
34.5	106.9
34.3	99.8
34.4	107.3
34.4	114.5
34.5	108.4
34.6	106.2
34.3	35.0
33.9	66.9
33.9	85.2
33.9	88.9
34.0	101.3
33.9	122.3
34.0	103.5
33.8	131.4
33.8	121.8
34.1	97.5
33.8	79.5
33.6	100.1
33.7	113.0
33.4	101.2
33.6	76.5
33.5	80.4
33.5	63.8
33.4	46.5
33.3	40.5
33.3	35.4
33.1	51.6
33.2	63.6
33.1	75.8
33.1	98.8
33.0	79.5
33.2	113.5
33.2	102.2
33.2	107.8
33.1	104.2
33.1	81.8
33.2	85.7
33.1	90.3
33.1	83.8
32.9	101.0
33.1	80.1
32.7	58.9
32.7	58.9
32.8	41.2
32.6	38.1
32.7	25.4
32.7	35.9
32.6	55.4
32.6	51.4
32.5	62.2
32.5	81.5
32.5	70.9
32.6	82.9
32.7	81.0
32.5	83.0
32.6	95.8
32.7	97.3
32.8	90.3
32.8	88.6
32.7	93.1
32.7	62.2
32.8	90.0
32.4	44.0
32.6	12.5
32.5	56.3
32.2	45.3
32.1	53.6
32.1	71.1
32.1	68.7
32.1	66.0
32.1	104.7
32.1	94.3
32.1	109.3
32.2	102.4
32.2	82.4
32.0	94.7
32.1	109.2
32.1	98.1
32.0	60.1
32.0	80.6
32.0	86.3
31.9	110.9
31.8	224.6
31.8	189.8
31.8	150.9
31.9	8.6
31.9	71.8
31.8	90.0
31.8	107.7
31.8	77.8
31.8	85.3
31.9	84.6
31.8	91.3
31.8	82.6
31.8	67.2
31.8	65.9
31.7	94.6
31.7	53.0
31.6	42.2
31.6	58.5
31.7	57.5
31.6	42.5
31.6	20.6
31.9	34.8
31.7	52.3
31.7	54.6
31.6	71.1
31.5	68.5
31.6	53.9
31.6	74.8
31.5	66.5
31.5	73.8
31.6	74.6
31.5	59.9
31.5	61.3
31.6	55.8
31.5	46.8
31.5	48.4
31.5	43.0
31.5	25.8
31.5	33.9
31.4	23.8
31.5	21.4
31.4	18.7
31.8	17.2
31.7	30.8
31.6	30.4
31.5	38.1
31.4	40.5
31.4	43.4
31.4	46.8
31.4	44.2
31.4	49.2
31.4	38.3
31.5	47.2
31.6	41.5
31.6	31.0
31.6	31.6
31.7	36.2
31.7	30.4
31.7	30.6
31.6	19.5
31.7	15.8
31.5	8.8
31.5	9.5
31.7	15.0
31.6	33.9
31.5	46.7
31.4	41.1
31.4	49.7
31.3	53.2
31.3	46.4
31.3	37.2
31.4	52.5
31.5	37.9
31.5	33.9
31.6	36.0
31.6	33.4
31.6	36.5
31.7	13.2
31.6	19.6
31.6	23.8
31.6	10.4
31.6	9.6
31.5	13.3
31.6	9.0
31.5	21.8
31.4	48.8
31.3	71.3
31.3	46.6
31.2	44.1
31.3	36.3
31.4	43.2
31.3	53.0
31.4	38.9
31.4	31.7
31.4	43.1
31.5	45.7
31.5	8.1
31.6	19.5
31.6	28.7
31.6	17.0
31.6	20.1
31.6	10.6
31.6	6.7
31.5	10.4
31.4	19.8
31.3	29.2
31.2	41.5
31.1	45.7
31.1	39.1
31.1	41.4
31.1	55.9
31.2	54.6
31.1	52.1
31.1	45.9
31.3	38.0
31.3	32.3
31.4	15.5
31.5	31.9
31.4	31.6
31.4	27.2
31.3	13.1
31.3	5.1
31.3	1.0
32.3	50.1
32.2	63.5
32.2	56.0
32.4	62.4
32.3	64.5
32.4	69.4
32.3	68.1
32.5	83.7
32.4	62.8
32.4	57.5
32.3	49.0
32.3	37.1
32.2	14.3
31.7	33.6
31.8	29.5
31.7	49.7
31.8	46.1
31.8	55.0
31.6	80.2
31.7	62.5
31.8	60.5
31.8	80.9
31.9	55.0
32.0	46.6
32.0	35.5
32.1	32.0
32.0	22.3
31.9	21.6
31.9	49.8
31.9	27.6
31.7	18.6
31.9	45.1
31.8	118.1
31.8	148.2
31.9	175.9
31.9	162.3
31.9	114.9
31.9	69.8
32.0	99.1
32.0	104.0
31.9	95.2
32.1	92.1
32.1	54.8
32.0	54.2
31.9	34.2
31.9	82.1
31.8	62.2
31.8	81.7
31.8	55.6
37.6	28.5
36.8	50.4
37.7	72.4
37.2	115.6
37.7	122.1
37.6	158.1
37.1	248.4
37.6	415.4
37.1	258.1
37.3	350.1
36.6	281.1
36.9	224.0
37.3	153.0
37.3	92.4
37.1	139.7
36.6	117.0
36.3	183.8
37.0	254.0
36.3	291.6
35.7	253.7
35.8	199.6
35.3	24.8
35.3	72.8
35.3	119.5
35.2	129.5
35.3	228.2
35.4	244.8
35.4	272.4
35.5	316.7
35.2	353.5
35.4	509.3
35.4	359.4
35.5	319.6
35.0	332.2
34.9	446.0
34.9	423.6
34.9	473.0
35.0	270.2
34.8	329.0
35.1	276.6
34.8	266.7
35.0	258.2
34.8	219.4
34.6	192.0
34.4	107.3
34.4	127.8
34.5	84.3
34.0	53.4
34.0	115.6
34.0	154.4
33.9	178.3
33.8	145.1
34.0	154.0
33.8	137.0
34.0	169.9
33.9	144.0
34.0	135.2
34.0	136.0
34.1	131.5
34.1	112.2
34.0	103.8
34.0	96.8
34.0	88.0
34.0	80.2
33.8	73.3
33.3	26.7
33.2	37.8
33.2	48.9
33.1	61.4
33.1	59.6
33.1	63.5
33.1	80.2
33.2	109.1
33.2	76.4
33.3	64.0
33.4	75.1
33.5	82.8
33.6	56.4
33.7	82.2
33.8	84.8
33.9	160.7
34.0	65.9
33.9	62.0
33.8	56.6
33.8	59.5
33.8	42.7
33.7	34.4
37.1	176.5
36.8	223.2
37.2	124.5
37.3	106.8
36.5	70.2
36.9	54.2
37.5	67.3
37.1	61.7
37.1	148.0
38.0	280.4
37.1	139.0
37.6	77.1
36.5	73.1
35.4	113.9
35.5	112.0
35.6	152.6
36.3	157.1
35.8	179.0
35.5	217.7
36.0	186.6
35.4	205.4
35.8	148.9
35.9	182.0
35.7	261.4
35.7	179.6
35.4	316.6
35.4	240.1
35.4	269.8
35.3	203.4
35.4	253.3
35.4	219.3
35.1	65.7
35.1	39.9
35.1	85.7
35.1	103.5
35.1	92.8
35.0	174.7
35.0	285.9
35.0	258.4
34.9	299.0
34.9	330.2
35.0	401.8
35.4	345.5
34.8	227.8
35.0	274.8
34.9	256.5
34.8	254.8
34.8	318.5
34.8	301.9
35.0	212.7
34.7	139.8
34.7	146.3
34.6	154.8
34.6	93.9
34.6	66.0
34.8	41.4
34.7	76.6
34.7	99.8
34.6	115.4
34.5	131.3
34.5	111.8
34.4	148.5
34.4	115.6
34.5	91.4
34.4	82.4
34.4	83.4
34.4	99.0
34.3	83.4
34.5	86.0
34.4	86.7
34.3	59.6
34.3	67.9
34.4	59.2
34.5	57.5
34.2	66.3
36.7	0.3
36.6	41.0
37.7	43.9
36.9	135.9
37.6	52.0
36.7	48.2
36.6	46.2
36.2	46.3
36.7	60.6
36.6	62.9
36.9	86.9
36.9	79.2
37.7	94.0
36.4	69.7
36.7	117.5
36.4	66.7
35.7	97.5
37.0	98.0
36.2	51.9
37.5	43.7
37.2	94.0
37.2	82.3
36.7	163.5
36.5	175.5
37.4	282.6
37.2	282.0
37.4	240.5
37.4	273.7
37.3	224.7
37.3	235.2
37.1	150.5
37.8	116.3
36.2	70.1
36.7	126.6
37.1	157.1
36.9	233.8
37.5	235.6
36.7	283.3
36.6	325.3
37.3	391.0
36.8	364.0
37.2	377.0
36.8	402.7
36.4	455.4
37.1	466.5
36.4	454.0
36.7	418.7
36.6	320.1
35.9	393.4
36.3	366.5
36.1	241.9
36.1	256.8
35.8	218.9
35.8	196.1
35.1	24.3
35.1	41.7
35.0	81.8
35.0	70.5
34.9	117.5
34.9	120.2
35.0	172.5
35.0	185.4
34.8	196.2
34.9	135.9
34.9	156.7
34.8	173.6
34.9	211.2
34.8	157.2
34.8	152.8
34.7	153.7
34.9	145.0
34.7	132.2
34.9	151.9
34.8	144.9
34.8	122.3
34.8	128.5
34.6	175.3
34.6	48.2
34.5	104.6
34.3	117.5
34.4	188.0
34.4	219.9
34.2	221.6
34.2	252.8
34.3	332.8
34.1	306.7
34.1	294.6
34.0	353.7
34.1	351.3
34.0	327.6
34.0	304.6
34.2	265.4
34.1	281.6
34.0	304.2
34.1	223.0
34.0	222.4
34.0	195.4
33.9	159.7
34.1	142.9
33.8	104.3
33.9	117.3
33.9	99.4
33.8	141.7
33.8	115.3
33.9	187.6
33.8	206.9
33.9	117.8
33.7	144.9
33.9	142.3
33.8	115.1
33.9	23.3
33.8	113.5
33.9	112.4
33.7	53.7
33.5	77.6
33.4	137.4
33.3	178.2
33.3	139.0
33.3	211.4
33.1	251.7
33.2	231.7
33.3	157.3
33.2	130.4
33.1	127.2
33.1	87.1
33.0	141.3
33.0	123.5
33.0	105.1
32.9	48.8
32.8	49.6
32.6	124.5
32.6	152.1
32.5	164.8
32.6	203.2
32.6	213.4
32.6	244.5
32.8	234.3
32.9	226.9
32.7	182.5
32.8	186.1
32.9	162.3
33.0	170.0
33.0	160.3
32.9	144.5
32.8	142.3
32.8	107.3
32.6	107.1
32.6	96.5
32.6	78.3
32.5	60.3
32.6	63.3
32.2	39.3
32.1	18.1
32.2	31.4
32.0	38.9
32.0	60.7
32.0	98.5
32.0	106.0
32.0	104.1
32.1	110.8
32.2	71.2
32.3	160.2
32.2	115.8
32.4	88.2
32.4	75.8
32.2	79.1
32.2	83.8
32.1	59.4
32.1	55.4
32.1	53.3
35.7	20.8
35.2	25.5
35.9	56.5
35.8	45.5
35.8	116.4
36.4	106.3
35.5	90.1
35.5	60.6
36.0	111.1
36.4	174.4
37.2	389.1
37.0	125.2
37.4	45.1
37.2	66.0
36.5	132.8
38.3	151.9
38.0	187.0
37.7	181.9
36.9	277.0
37.1	302.4
38.2	253.4
36.8	353.5
36.7	316.1
36.2	284.3
36.2	279.1
37.0	332.4
36.8	254.4
36.6	307.1
37.1	278.0
37.3	255.7
36.6	188.2
36.5	134.0
35.2	33.3
35.3	54.5
35.4	98.6
35.2	130.9
35.3	143.7
35.5	215.5
35.3	276.1
35.2	294.7
35.5	315.7
36.2	322.6
35.1	369.2
35.4	393.6
35.1	362.6
35.1	365.7
35.2	243.8
34.7	210.2
35.2	227.5
35.3	275.2
35.1	287.8
34.8	210.7
34.9	164.6
34.8	155.4
35.0	138.1
34.7	99.6
34.5	47.0
34.5	58.1
34.4	79.1
34.4	119.5
34.3	152.9
34.4	193.1
34.4	219.7
34.4	222.2
34.4	206.0
34.4	181.2
34.6	208.6
34.4	270.2
34.4	205.0
34.4	175.5
34.1	133.1
34.2	196.2
34.6	180.0
34.4	125.7
34.2	109.6
34.2	108.8
34.2	66.5
34.2	57.1
33.3	46.2
33.3	63.2
33.2	101.2
33.2	105.1
33.1	114.0
33.3	109.2
33.4	143.6
33.4	90.6
33.6	89.5
33.6	133.2
33.6	129.9
33.3	148.7
33.5	148.4
33.5	167.9
33.2	160.1
33.4	120.9
33.3	124.0
33.1	116.5
33.0	106.0
33.0	99.2
32.9	88.3
32.2	40.8
32.2	49.8
32.1	78.9
32.1	88.8
32.3	83.3
32.2	101.1
32.4	146.8
32.6	106.4
32.7	119.0
32.7	130.5
32.7	171.9
32.9	153.8
32.9	121.5
33.0	103.3
33.1	123.9
33.0	144.4
32.9	5.7
31.7	51.4
31.7	66.8
31.6	89.5
31.6	95.4
31.7	108.8
31.7	124.3
31.8	98.1
31.9	185.1
31.7	131.5
31.9	123.8
31.9	159.6
31.9	115.5
31.8	106.8
31.8	83.3
31.8	118.4
31.7	87.5
31.6	76.4
31.5	74.9
31.5	108.7
31.5	71.7
31.3	53.3
31.3	36.7
31.2	54.2
31.1	54.1
31.1	75.4
31.2	92.7
31.2	97.7
31.2	110.3
31.3	94.7
31.3	135.2
31.3	122.5
31.4	113.8
31.4	139.7
31.4	135.2
31.4	118.5
31.3	133.2
31.3	122.7
31.2	101.9
31.2	143.0
31.1	126.8
31.1	78.8
31.0	88.8
31.0	66.5
31.0	57.4
30.9	45.9
30.9	43.3
30.9	68.0
30.9	75.2
30.9	77.0
30.9	112.2
30.9	102.7
31.0	17.7
31.0	135.5
31.1	119.9
31.1	122.4
31.1	122.2
31.1	120.6
31.1	165.2
31.1	95.4
31.1	173.9
31.0	125.3
30.9	180.5
30.9	141.3
30.9	94.1
30.9	87.8
30.8	74.9
30.7	65.1
30.7	31.5
30.7	58.5
30.7	79.8
30.7	98.8
30.7	101.4
30.7	116.1
30.7	98.1
30.7	114.5
30.8	107.7
30.8	127.4
30.8	118.0
30.9	110.8
30.8	127.1
30.8	123.5
30.8	135.9
30.7	112.9
30.6	108.2
30.6	123.6
30.6	83.8
30.6	72.1
30.6	97.0
30.5	63.9
30.6	46.3
30.6	42.5
30.6	48.1
30.6	67.4
30.6	47.9
30.6	53.6
30.6	111.3
37.1	94.1
37.4	88.7
37.0	130.9
36.9	126.6
36.8	184.0
37.0	160.3
38.0	156.3
36.7	110.3
37.4	102.7
36.6	91.5
36.0	21.2
35.7	57.7
35.4	53.7
35.5	85.4
35.9	122.1
35.9	282.9
35.6	252.1
35.9	283.7
35.9	401.1
34.8	352.6
35.3	472.3
35.4	407.6
35.2	378.4
35.7	388.4
34.6	365.9
35.0	318.8
35.1	344.9
34.9	272.3
34.7	242.7
34.8	220.5
34.4	150.4
34.6	147.8
37.4	43.6
37.2	30.1
38.3	85.3
37.9	138.7
37.3	160.0
37.4	205.2
37.5	217.6
37.2	207.8
37.7	179.2
37.8	158.4
37.8	100.1
37.2	150.7
37.6	290.6
37.9	138.5
37.6	249.1
37.4	225.4
37.4	336.9
37.6	256.3
36.7	206.8
36.7	203.6
36.5	163.9
38.2	148.5
37.3	142.5
37.2	117.4
36.9	61.5
36.4	135.5
36.4	134.3
36.4	234.2
36.7	246.8
36.4	225.0
36.7	337.9
37.0	414.2
36.1	392.7
36.3	380.7
36.3	343.3
35.9	349.9
35.9	408.2
35.9	379.3
36.0	379.5
35.5	357.6
36.1	289.6
36.4	299.3
35.9	279.6
35.5	216.7
35.4	184.9
35.6	157.8
34.4	66.7
34.5	83.5
34.4	60.5
34.3	90.0
34.5	79.7
34.4	104.2
34.5	130.5
34.2	148.1
34.3	163.2
34.3	224.9
34.2	291.4
34.1	222.7
33.9	206.1
34.0	263.7
33.9	269.8
34.1	146.5
34.1	116.0
34.1	124.3
34.0	193.0
34.0	130.7
34.0	112.1
34.2	101.0
37.2	124.2
37.9	207.2
37.3	134.3
37.7	251.0
37.6	205.5
38.6	105.0
38.7	112.2
38.0	227.9
38.1	223.9
37.0	135.0
37.6	201.5
37.7	103.6
37.4	44.3
36.4	72.0
38.0	86.7
37.6	146.2
36.3	212.5
37.7	222.1
37.2	220.1
36.6	315.0
37.0	296.5
37.3	337.5
37.1	397.1
37.0	402.3
38.2	337.0
37.7	400.5
37.0	308.2
36.7	332.2
36.5	238.2
36.6	179.1
37.3	150.1
36.7	192.2
35.4	58.6
35.5	73.2
35.9	106.2
35.6	131.4
35.7	167.5
35.7	171.4
35.4	266.6
35.8	312.9
35.4	216.3
35.8	298.1
35.1	240.0
35.6	297.9
35.3	242.7
35.2	174.2
35.6	261.9
35.2	357.8
35.5	256.1
35.3	177.7
34.8	158.2
35.4	280.4
34.8	275.0
34.7	167.4
34.5	170.0
34.6	114.8
37.0	30.7
37.7	72.2
36.8	98.4
37.1	154.5
37.8	185.4
37.0	210.4
36.6	297.2
36.8	349.1
37.5	399.7
37.0	377.3
36.8	460.0
37.0	448.8
35.7	404.6
36.9	425.4
37.7	486.0
37.0	450.2
37.3	449.0
36.4	389.3
35.6	403.1
36.3	377.3
36.0	352.6
36.1	257.5
36.2	194.3
36.3	160.4
34.7	24.3
34.7	55.9
34.6	98.1
34.5	135.8
34.6	165.2
34.5	242.5
34.5	203.2
34.5	207.2
34.4	230.7
34.4	334.6
34.2	252.0
34.4	183.4
34.3	166.6
34.3	236.7
34.0	371.4
33.8	347.0
33.8	262.2
34.3	252.5
33.8	149.0
33.6	125.8
34.0	119.5
33.6	91.6
32.9	32.8
32.8	41.1
32.8	73.3
32.8	99.6
32.9	120.8
32.7	185.1
32.7	159.5
32.7	244.2
32.5	187.4
32.6	163.6
32.5	197.4
32.4	119.8
32.3	172.5
32.2	201.7
32.1	242.4
32.1	244.5
32.0	233.1
31.9	228.5
31.8	274.6
31.7	228.9
31.6	151.4
31.6	138.8
31.6	121.4
31.5	109.6
31.6	40.7
31.5	68.6
32.5	133.3
32.9	233.6
33.2	225.2
33.2	315.9
33.2	189.2
33.6	119.1
34.5	81.0
34.8	72.6
34.9	31.4
34.7	31.2
34.6	60.0
34.9	84.0
35.0	80.9
34.6	86.1
34.8	85.3
35.0	118.3
35.3	151.5
35.2	158.9
35.6	184.3
34.8	106.2
35.2	66.5
36.9	35.4
36.7	61.5
37.0	59.5
37.2	162.9
37.0	24.6
37.1	56.0
37.2	128.9
37.5	139.1
37.5	101.7
36.8	116.3
37.5	113.7
36.6	126.2
36.4	158.4
37.2	82.8
36.0	82.8
36.4	100.5
37.7	76.8
33.3	131.7
33.1	160.1
33.2	106.3
32.6	34.4
32.6	69.4
32.7	50.3
32.7	108.2
32.6	159.4
32.6	178.8
32.6	229.2
32.6	240.3
32.4	190.4
32.4	131.2
32.3	114.7
32.2	246.3
32.2	309.4
32.2	255.6
32.1	206.5
32.1	167.1
32.0	214.3
31.8	308.7
31.7	303.7
31.7	271.1
31.7	233.4
31.7	205.6
31.6	153.2
31.4	105.9
31.4	61.5
36.7	146.5
36.6	173.3
36.6	228.4
37.7	297.1
37.2	355.7
36.3	321.7
37.1	278.2
37.1	204.4
36.9	116.5
37.1	74.8
37.2	106.8
37.6	120.3
37.3	152.0
36.4	170.4
37.1	217.1
37.4	260.8
37.3	305.1
36.9	338.8
36.6	359.5
36.8	375.6
36.8	301.0
36.3	374.5
37.5	347.9
36.7	407.1
36.3	444.6
36.4	430.1
36.5	509.4
36.0	365.8
36.3	384.5
37.1	243.0
36.3	266.7
36.8	224.4
35.8	127.2
35.1	74.8
34.9	16.6
34.9	52.9
34.9	92.8
35.0	166.8
35.2	164.4
35.0	179.6
35.0	245.8
34.8	320.1
34.6	223.9
34.9	325.1
34.6	348.4
34.6	360.8
34.5	490.9
34.5	398.7
34.4	411.8
34.4	413.7
34.4	326.9
34.4	382.5
34.1	245.4
34.0	294.5
34.2	207.0
34.0	230.6
34.0	182.7
33.8	145.8
34.0	100.4
36.4	33.2
38.0	56.0
37.3	75.7
36.9	149.1
36.8	222.8
37.2	211.0
36.8	323.1
36.6	286.8
36.4	448.4
37.1	415.2
36.4	532.1
36.6	404.0
37.2	347.1
36.5	424.4
36.6	484.3
36.9	355.8
36.4	287.4
37.0	243.6
37.2	282.4
37.3	233.0
36.8	187.4
35.5	178.9
37.3	109.2
35.4	59.0
35.3	54.2
35.3	81.2
37.6	66.8
36.7	58.7
37.6	117.2
37.7	287.0
36.6	363.8
36.4	456.6
36.9	476.4
37.6	442.5
36.1	384.0
37.4	302.5
36.7	369.0
37.2	294.9
36.9	276.7
36.7	289.4
36.8	235.2
36.8	148.5
36.7	128.4
36.2	133.5
35.6	149.6
36.4	200.1
35.9	250.3
35.3	330.8
36.1	420.0
35.5	426.7
35.4	450.6
35.5	466.7
35.5	466.3
35.7	496.4
35.1	632.3
35.8	437.8
35.2	280.7
34.6	439.7
34.9	514.2
35.1	297.5
34.3	234.5
34.5	349.4
34.5	289.6
34.5	295.5
34.3	193.8
34.1	126.1
34.2	158.2
33.6	76.3
33.5	126.2
33.3	106.2
33.5	160.2
33.5	193.8
33.5	222.4
33.3	249.4
33.3	262.0
33.0	248.8
33.0	310.8
32.9	310.4
32.7	213.5
32.7	211.1
32.7	267.1
32.6	203.4
32.4	286.1
32.4	408.3
32.2	197.2
32.3	129.8
32.0	220.7
32.0	193.0
31.9	172.1
31.9	169.9
31.8	119.6
31.6	36.1
31.6	88.8
31.6	190.7
31.7	177.4
31.6	178.6
31.5	228.9
31.6	251.3
31.4	187.4
31.4	259.7
31.3	318.5
31.1	365.0
31.1	323.7
31.1	360.6
31.0	406.6
30.9	373.1
30.8	342.2
30.7	303.6
30.7	336.6
30.7	308.4
30.7	246.8
30.7	266.8
30.8	216.2
30.7	184.0
30.8	171.5
30.8	123.1
30.9	132.9
31.0	64.8
30.9	116.8
30.9	97.0
30.9	192.2
30.8	158.7
30.8	214.7
30.8	251.3
30.7	292.0
30.7	317.0
30.7	337.7
30.6	386.2
30.5	396.1
30.5	392.6
30.5	338.9
30.4	432.9
30.4	374.2
30.3	377.0
30.4	327.7
30.4	278.9
30.4	251.6
30.4	251.6
30.4	209.4
30.4	183.3
30.5	118.5
30.6	5.8
30.6	41.7
30.6	130.9
30.6	158.1
30.6	206.6
30.6	224.1
30.5	264.4
30.5	342.8
30.4	356.7
30.4	389.6
30.4	449.4
30.4	474.8
30.3	452.6
30.3	429.4
30.2	470.8
30.2	445.8
30.2	507.2
30.2	425.3
30.2	346.0
30.2	348.8
30.2	286.0
30.2	234.4
30.2	222.3
30.2	158.1
30.3	126.2
30.4	88.9
30.4	131.7
30.4	156.9
30.4	222.3
30.4	218.8
30.3	274.4
30.3	332.5
30.3	383.1
30.2	369.7
30.2	414.1
30.2	432.8
30.2	559.0
30.1	492.6
30.1	467.4
30.0	484.0
30.1	446.3
30.1	403.4
30.1	410.9
30.1	337.6
30.1	329.1
30.1	290.6
30.1	239.0
30.1	182.4
30.1	121.1
30.2	86.1
30.2	77.9
30.2	124.6
30.2	170.8
30.2	214.0
30.2	305.9
30.2	347.5
30.1	431.2
30.1	456.8
30.1	485.3
30.1	616.8
30.0	597.8
30.0	476.7
30.0	558.9
30.0	341.5
30.0	399.7
30.0	425.7
30.0	391.0
30.0	294.1
30.0	199.0
30.0	152.8
30.1	118.4
30.1	84.8
30.1	87.7
30.1	64.9
30.1	142.3
30.1	170.4
30.1	188.6
30.1	227.9
30.1	335.1
30.1	429.7
30.0	433.9
30.0	496.8
30.0	498.3
30.0	593.8
30.0	515.8
30.0	512.3
30.0	585.9
29.9	551.6
29.9	519.8
29.9	508.6
29.9	380.8
29.9	372.3
29.9	349.5
29.9	306.1
30.0	262.4
30.0	205.4
30.0	174.6
30.0	93.2
30.0	112.7
30.0	209.0
30.0	229.4
30.0	205.2
30.0	157.0
30.0	289.8
30.0	362.5
29.9	436.1
30.0	377.9
29.9	521.1
29.9	456.4
29.9	470.7
29.9	469.2
29.9	410.2
29.9	442.4
29.9	334.1
29.9	331.0
29.9	237.2
29.9	148.5
29.9	80.7
30.1	39.3
30.2	97.2
30.1	144.3
30.1	188.9
30.1	274.4
30.1	313.7
30.1	443.5
30.1	434.3
30.1	461.8
30.1	472.8
30.1	553.4
30.0	586.7
30.0	618.3
30.0	543.2
30.0	636.6
30.0	598.3
30.0	549.7
30.0	405.2
30.0	253.5
30.0	249.0
30.0	133.5
34.2	265.7
34.2	210.5
34.2	139.7
34.0	306.1
33.8	388.7
33.7	468.6
33.6	326.3
33.4	361.3
33.0	546.4
32.7	580.4
32.5	401.9
32.2	482.3
31.9	447.7
31.7	299.4
31.5	320.4
31.3	299.3
31.2	198.9
31.1	189.6
31.1	117.5
30.9	59.3
30.9	122.9
30.9	194.7
30.8	145.8
30.8	221.4
30.8	285.2
30.7	335.9
30.7	252.2
30.6	335.4
30.6	419.7
30.6	457.4
30.4	438.6
30.4	380.0
30.4	497.8
30.3	412.9
30.3	409.2
30.3	488.6
30.3	388.9
30.2	264.5
30.2	293.4
30.2	277.4
30.3	289.2
30.3	155.5
30.3	142.9
30.3	14.5
30.3	62.3
30.3	156.9
30.3	212.9
30.3	260.5
30.3	326.9
30.2	416.2
30.2	414.8
30.2	463.9
30.1	413.4
30.1	526.8
30.1	587.5
30.1	449.1
30.0	567.1
30.0	436.3
30.0	408.6
30.0	585.1
30.0	465.2
30.0	386.2
30.0	319.2
30.0	385.5
30.0	311.7
30.0	268.0
30.0	104.3
30.1	40.3
30.0	117.9
30.0	174.3
30.1	314.3
30.1	361.7
30.0	287.6
30.0	318.0
30.0	364.3
30.0	524.4
30.0	434.2
30.0	366.9
30.0	403.6
30.0	239.6
30.0	336.5
30.0	370.0
30.0	464.2
30.0	320.6
29.9	398.1
29.9	380.7
30.0	269.7
36.4	42.0
36.3	79.0
36.5	79.1
36.0	178.2
35.9	204.8
35.9	298.8
36.1	311.3
35.4	382.4
36.1	484.2
35.3	450.3
35.4	369.0
35.5	387.6
35.7	388.8
35.5	362.7
35.0	430.9
35.0	500.7
34.8	420.0
34.3	235.3
34.7	199.5
34.3	218.2
34.9	185.7
34.7	124.0
35.8	50.7
36.8	106.5
35.3	157.6
35.9	175.5
36.5	210.1
36.1	244.3
36.0	258.1
35.6	307.5
35.4	410.2
35.6	393.3
35.1	518.1
34.4	625.2
34.8	574.9
34.7	392.8
34.4	548.0
34.6	796.1
34.2	444.0
34.0	106.7
33.9	129.1
34.0	273.2
34.0	234.4
33.8	198.2
33.8	125.4
33.4	35.2
33.7	93.1
33.5	131.0
33.4	164.7
33.6	240.9
33.3	285.7
33.3	362.9
33.1	448.3
33.0	510.9
32.9	591.3
32.6	585.8
32.5	559.0
32.4	661.4
31.9	603.5
31.8	580.3
31.6	564.0
31.5	472.2
31.3	490.1
31.0	387.1
31.1	338.2
31.0	307.7
30.9	321.6
30.9	228.9
31.0	186.4
30.9	34.7
30.8	94.0
30.8	58.6
30.9	115.0
30.8	210.2
30.7	234.4
30.7	283.3
30.7	429.5
30.7	595.9
30.6	391.1
30.5	538.8
30.5	479.2
30.5	483.7
30.5	434.2
30.5	433.8
30.4	471.4
30.4	417.6
30.3	499.3
30.3	371.6
30.3	369.7
30.4	296.4
30.4	241.4
30.4	182.0
30.4	45.1
30.4	117.1
30.4	228.3
30.4	258.8
30.4	208.0
30.4	386.4
30.3	453.7
30.3	482.4
30.3	583.6
30.2	518.0
30.2	675.1
30.2	731.1
30.1	699.8
30.1	662.6
30.1	651.2
30.0	764.0
30.0	553.6
30.0	553.3
30.0	498.8
30.0	406.8
30.0	429.8
30.0	217.0
30.1	266.2
30.1	147.4
30.1	98.9
30.1	172.4
30.1	188.1
30.1	201.3
30.1	278.6
30.1	322.2
30.1	354.2
30.0	421.8
30.1	351.5
30.0	440.6
30.0	433.9
30.0	314.9
29.9	460.8
29.9	290.7
29.9	272.2
29.9	507.2
29.9	570.6
29.9	420.3
29.9	322.5
29.9	284.7
29.9	270.2
29.9	178.7
29.9	132.0
29.9	89.1
30.0	39.0
30.0	72.4
30.0	156.8
29.9	224.1
29.9	285.9
29.9	293.3
29.9	412.1
29.9	398.0
29.9	516.2
29.9	597.6
29.9	598.7
29.9	577.4
29.8	600.3
29.8	447.8
29.8	671.9
29.8	428.2
29.9	440.2
29.8	318.8
29.8	278.4
29.9	239.2
29.9	149.9
29.9	144.4
29.9	43.5
29.9	85.7
29.9	102.4
29.9	140.8
29.9	199.4
29.9	186.1
29.9	323.9
29.8	346.7
29.9	322.9
29.9	355.7
29.9	296.9
29.9	386.6
29.9	251.4
29.8	292.7
29.8	257.7
29.9	249.6
29.9	131.8
29.8	128.5
29.8	134.9
29.9	99.2
29.9	155.0
29.9	170.8
29.9	180.2
29.8	138.6
29.8	365.6
29.8	376.1
29.8	452.7
29.8	499.8
29.8	408.0
29.8	365.3
29.8	324.0
29.8	307.9
29.8	299.3
29.8	213.7
29.8	30.3
29.8	84.9
29.9	185.7
29.8	244.3
29.8	261.0
29.8	324.1
29.8	358.4
29.8	319.5
29.8	381.1
29.8	382.1
29.8	369.2
29.8	479.8
29.8	543.7
29.8	425.6
29.8	448.8
29.8	550.1
29.8	403.4
29.8	443.1
29.7	386.2
29.7	286.8
29.7	335.4
29.7	221.7
29.8	173.8
29.8	156.7
29.8	59.8
29.8	94.9
29.8	11.6
29.8	210.7
29.8	294.3
29.8	161.9
29.8	278.0
29.8	284.1
29.8	316.5
29.8	322.0
29.8	364.5
29.8	283.6
29.8	214.8
29.8	224.5
29.8	159.6
29.8	210.5
29.8	176.2
29.8	254.3
29.8	239.3
29.8	428.1
29.8	490.6
29.8	577.9
29.8	653.2
29.8	573.0
29.8	578.2
29.8	622.4
29.8	571.0
29.7	624.3
29.7	569.7
29.7	435.6
29.7	349.3
29.7	329.1
36.6	211.7
36.9	155.6
35.8	155.3
37.2	198.7
36.9	321.1
36.2	426.9
37.6	518.1
36.5	589.5
37.1	512.3
37.3	562.1
36.0	519.0
36.8	361.7
36.0	88.3
36.5	83.1
35.7	34.8
36.0	59.8
35.7	106.6
36.2	122.4
35.9	138.4
35.7	188.8
36.0	212.0
35.6	219.6
36.0	250.2
35.3	293.4
35.7	360.9
35.6	437.9
35.2	499.5
35.2	418.8
35.3	435.5
35.2	428.9
34.7	410.0
34.9	467.7
34.5	387.9
34.6	349.7
34.6	401.3
34.7	252.9
34.9	214.5
34.4	55.0
34.7	34.9
34.5	70.8
34.5	137.8
34.5	250.2
34.5	170.8
34.5	243.8
34.2	332.8
34.3	351.1
34.3	529.4
34.0	374.1
33.9	324.3
34.0	510.8
34.1	565.5
33.9	448.0
33.7	487.3
33.4	613.5
33.4	513.9
33.5	328.7
33.2	289.5
33.4	321.5
33.3	160.5
33.3	183.5
33.4	59.9
33.2	47.5
33.2	75.8
33.2	159.5
33.1	155.9
33.2	279.9
33.1	293.6
33.0	296.3
32.8	353.8
32.8	408.6
32.8	522.8
32.6	385.6
32.3	465.9
32.4	569.4
32.3	458.0
32.1	500.8
32.1	498.7
32.0	420.5
31.9	420.0
31.8	270.0
31.7	270.8
31.7	173.4
31.7	219.8
31.8	179.5
31.6	139.1
31.6	43.9
31.6	111.4
31.6	85.9
31.5	167.9
31.6	253.2
31.5	258.4
31.5	317.2
31.4	344.7
31.3	451.5
31.3	358.9
31.3	271.1
31.2	184.8
31.2	413.8
31.1	420.9
31.1	318.2
31.1	87.3
31.1	147.0
31.1	289.1
31.0	199.8
31.1	146.1
31.1	170.2
31.1	122.5
31.1	101.4
31.1	70.8
31.1	119.6
31.0	124.4
31.0	241.3
31.0	180.1
31.0	370.6
30.9	309.5
30.9	378.9
30.9	273.1
30.8	401.1
30.8	411.2
30.8	481.9
30.7	429.0
30.7	326.2
30.7	207.5
30.7	410.9
30.7	367.8
30.7	279.8
30.7	199.3
30.7	166.5
30.8	101.7
30.7	144.4
30.8	140.7
30.7	235.7
30.7	423.2
30.7	426.2
30.7	289.1
30.7	330.3
30.7	455.7
30.7	262.2
30.6	374.0
30.7	254.1
30.6	137.0
36.4	181.6
37.6	133.7
36.6	176.3
37.2	118.5
36.6	98.3
37.0	112.8
36.5	105.7
36.4	155.0
37.3	156.2
37.1	194.3
36.8	96.5
36.9	153.3
37.0	188.6
37.1	170.2
36.5	81.1
36.5	178.9
36.2	141.4
35.8	63.8
35.7	49.2
36.4	115.2
35.6	166.1
35.7	157.1
36.7	211.9
36.2	270.0
35.8	256.6
36.5	373.8
35.9	386.7
36.1	363.9
35.2	483.5
35.6	469.2
35.6	522.6
35.3	346.0
35.0	496.6
35.3	472.0
35.0	388.9
34.9	509.2
34.8	296.2
34.6	218.7
34.9	184.0
35.1	90.4
34.5	14.7
34.6	79.0
34.7	129.1
34.5	167.9
34.5	253.6
34.6	304.4
34.5	296.6
34.5	291.7
34.3	417.3
34.3	523.3
34.3	474.8
34.1	399.9
34.1	372.0
34.2	446.1
34.0	420.3
34.0	375.9
34.1	264.4
34.0	192.0
34.0	144.9
36.8	75.0
36.2	239.9
36.8	267.0
37.2	290.8
36.3	245.5
37.5	265.6
37.4	195.5
36.8	320.6
36.9	345.5
37.1	241.8
36.6	165.1
37.2	128.8
37.7	139.3
37.7	124.6
36.9	168.9
36.9	208.5
37.4	161.0
36.7	225.8
37.2	175.1
37.5	191.6
36.7	126.0
37.0	77.0
36.2	106.2
35.9	194.2
37.2	242.1
36.8	288.1
37.3	340.1
36.9	451.2
36.0	470.0
36.3	499.9
36.8	488.6
35.7	700.5
36.6	552.9
36.0	713.4
35.5	581.9
35.4	648.7
35.2	496.2
35.5	353.9
35.3	364.3
35.4	409.8
35.2	347.7
35.3	282.4
34.9	241.1
34.9	138.4
35.3	21.8
34.8	86.2
34.9	139.5
35.0	181.4
34.8	238.7
34.9	217.3
34.6	314.9
34.9	373.4
35.0	425.0
34.8	410.6
34.6	397.9
34.7	500.0
34.5	467.3
34.4	454.3
34.5	409.5
34.3	354.9
34.3	297.8
34.3	282.6
34.3	203.8
34.3	328.6
34.4	255.5
34.1	190.0
34.3	132.1
34.0	60.5
34.1	106.9
33.8	112.2
33.8	209.9
33.8	154.1
33.6	223.6
33.7	372.2
33.5	345.1
33.6	333.3
33.7	431.4
33.3	431.4
33.4	419.0
33.2	465.8
33.2	500.4
33.1	555.8
33.1	379.3
32.9	406.9
33.0	366.1
32.7	303.9
33.0	272.2
32.9	196.9
32.7	171.2
32.5	139.2
32.5	480.1
32.5	397.4
32.4	469.5
32.3	417.9
32.2	363.9
32.2	286.9
32.1	290.0
32.0	261.4
32.1	168.0
32.1	169.3
32.4	65.2
32.5	134.1
32.4	247.8
32.4	288.7
32.4	237.5
32.3	314.3
32.2	397.6
32.2	482.5
32.0	509.1
31.9	504.2
31.8	386.1
31.7	360.5
31.6	293.0
31.6	304.4
31.6	285.7
31.5	219.6
31.5	181.5
31.5	140.7
31.5	104.2
31.5	115.2
31.4	144.5
31.6	157.8
31.4	215.4
31.4	218.3
31.3	248.9
31.3	306.1
31.2	357.0
31.1	332.2
31.0	323.8
31.1	292.2
31.0	276.1
31.0	287.4
31.0	181.6
30.9	177.9
31.1	84.7
31.0	107.7
31.0	111.7
31.0	198.3
31.0	292.2
31.0	339.0
30.9	285.9
30.9	377.7
30.9	463.9
30.9	395.3
30.8	454.1
30.7	405.1
30.7	444.1
30.7	525.7
30.7	417.0
30.6	446.9
30.6	458.9
30.6	392.8
30.6	333.6
30.6	260.9
30.5	254.0
30.6	207.5
30.6	122.7
30.7	12.9
30.7	54.4
30.6	101.8
30.6	118.6
30.6	270.7
30.6	297.7
30.6	323.8
30.6	325.5
30.6	429.5
30.5	528.7
30.5	500.5
30.5	597.5
30.4	428.3
30.3	405.1
30.4	444.4
30.4	536.0
30.4	459.4
30.3	580.3
30.3	279.5
30.4	274.1
30.3	247.1
30.4	196.1
30.3	128.8
30.5	4.8
30.4	62.7
30.4	112.2
30.4	199.6
30.4	193.2
30.4	221.2
30.3	259.9
30.3	270.2
30.4	467.6
30.3	450.3
30.3	508.7
30.3	625.5
30.3	401.4
30.3	325.7
30.3	438.4
30.3	402.3
30.2	461.1
30.2	391.1
30.2	317.1
30.2	273.8
30.3	187.5
36.6	80.4
36.6	107.8
37.7	274.7
36.5	257.9
36.9	338.3
36.1	318.7
37.1	399.5
37.2	399.9
37.0	439.3
36.1	275.5
36.8	326.7
36.8	261.0
36.7	415.6
36.6	343.9
36.0	375.7
36.2	390.7
36.5	150.5
36.2	205.7
36.6	55.8
36.9	117.9
36.3	92.0
35.2	158.1
35.8	155.1
36.0	221.2
35.4	332.2
34.9	266.6
35.3	478.3
35.3	443.4
34.9	494.1
35.4	448.7
35.1	415.5
35.1	471.6
34.7	511.8
35.2	540.0
34.7	511.7
34.3	431.8
34.5	416.4
34.8	333.2
34.4	360.1
34.6	304.3
34.4	254.5
34.3	190.8
34.2	53.6
34.3	127.6
34.2	198.4
34.1	294.5
34.1	240.5
34.2	352.6
34.0	381.9
33.9	401.5
34.0	474.1
33.9	536.9
33.8	509.2
33.8	574.2
33.8	513.5
33.8	453.0
33.5	524.8
33.6	493.5
33.4	443.6
33.5	426.8
33.4	352.6
33.1	307.9
33.2	280.6
33.3	217.4
33.2	185.3
33.1	63.9
33.0	91.7
32.8	161.5
32.8	169.7
32.9	221.8
32.9	159.9
32.8	125.7
32.7	146.9
32.6	187.3
32.7	233.9
32.8	264.0
32.6	256.6
32.5	202.5
32.5	183.2
32.6	167.9
32.5	112.4
32.6	99.3
33.4	21.4
33.3	105.4
33.4	154.0
33.4	137.1
33.4	111.4
33.3	197.2
33.5	253.7
33.5	321.8
33.4	341.5
33.5	389.4
33.5	262.8
33.6	274.6
33.4	236.3
33.4	243.2
33.4	379.4
33.4	293.0
33.3	215.7
33.2	237.1
33.2	184.9
33.2	175.9
33.1	98.8
33.1	115.7
33.3	69.5
33.2	101.4
33.3	190.6
33.5	211.9
33.0	248.9
33.3	237.9
33.3	222.0
33.1	253.9
33.2	357.8
32.8	399.1
32.8	478.1
32.7	524.5
32.8	460.4
32.5	470.9
32.5	379.8
32.6	314.2
32.4	330.8
32.4	272.8
32.4	179.4
32.3	216.1
32.2	142.9
32.3	69.1
32.1	108.2
32.0	88.2
32.1	189.3
32.1	229.7
32.1	212.9
32.0	329.8
32.0	297.2
31.8	370.1
31.9	322.7
31.7	407.1
31.7	404.3
31.6	453.4
31.5	526.2
31.4	421.7
31.4	269.6
31.4	167.7
31.3	244.1
31.3	315.5
36.9	83.0
36.5	111.1
36.8	146.6
36.4	187.3
36.8	178.5
36.9	222.6
35.9	208.9
37.4	345.2
36.9	174.3
36.5	249.9
36.8	394.1
36.5	413.2
37.0	333.7
36.9	309.6
36.1	280.7
37.1	276.7
35.0	188.2
36.6	156.8
35.8	150.2
36.1	122.4
36.1	97.8
35.9	58.5
36.4	77.0
35.6	87.6
36.4	147.7
35.4	170.6
35.9	200.3
35.5	194.6
35.5	246.9
35.5	274.7
35.3	217.2
35.4	287.1
35.4	391.4
35.6	292.2
35.2	348.0
35.7	259.3
35.3	229.7
34.8	235.1
34.5	247.8
35.3	178.6
35.0	189.5
35.3	180.7
34.5	28.5
34.4	64.4
34.3	91.4
34.5	162.6
34.2	134.9
34.3	174.0
34.3	198.6
34.2	236.9
34.3	315.2
34.5	319.5
34.0	334.3
34.2	312.6
34.0	256.6
33.9	229.4
33.8	298.1
33.7	281.3
33.9	247.2
33.8	233.2
33.7	182.6
33.7	184.1
33.9	113.5
33.6	18.5
33.5	79.6
33.5	96.8
33.5	164.0
33.3	200.3
33.3	192.9
33.3	263.4
33.3	257.7
33.2	301.9
33.1	355.5
33.0	289.7
32.9	381.6
33.0	310.2
32.7	352.0
32.8	175.5
32.7	181.5
32.7	183.5
32.5	232.4
32.7	162.7
32.5	155.3
32.5	100.6
32.3	89.1
32.4	122.3
32.3	133.8
32.2	182.2
32.1	180.7
32.2	171.9
32.1	227.8
32.0	244.8
31.9	245.6
32.0	260.0
31.8	376.3
31.7	446.2
31.6	356.5
31.5	352.8
31.6	189.3
31.5	235.9
31.5	203.4
31.4	218.7
31.3	219.4
31.5	185.2
31.3	136.9
31.3	160.1
31.2	84.1
31.2	175.7
31.3	206.3
31.2	237.1
31.2	225.6
31.1	241.7
31.1	138.9
31.1	264.9
31.1	310.5
31.0	343.6
30.9	221.0
30.9	293.6
30.9	338.2
30.8	262.0
30.8	315.9
30.8	223.0
30.8	141.6
30.9	147.3
30.9	124.9
30.9	63.3
30.9	110.3
30.9	170.8
30.8	167.9
30.8	257.6
30.8	270.6
30.8	306.4
30.7	319.9
30.7	356.8
30.7	374.3
30.7	372.8
30.6	353.9
30.6	435.2
30.6	371.2
30.5	338.5
30.6	309.9
30.5	297.4
30.5	264.9
30.5	216.7
30.5	200.3
30.6	145.3
30.7	30.6
30.6	92.3
30.6	139.9
30.7	182.8
30.6	221.6
30.6	288.9
30.6	296.0
30.5	317.6
30.5	354.6
30.5	437.8
30.5	406.8
30.4	439.8
30.4	464.4
30.4	442.4
30.4	392.9
30.4	366.0
30.4	346.7
30.4	293.2
30.4	254.8
30.4	190.6
30.4	89.2
30.4	63.1
30.5	100.1
30.4	159.0
30.4	177.3
30.4	187.8
30.4	244.1
30.4	285.7
30.4	354.7
30.3	354.5
30.3	310.9
30.3	323.8
30.3	317.5
30.3	352.5
30.3	300.4
30.3	315.8
30.3	302.3
30.2	310.0
30.3	283.5
30.3	171.0
30.3	161.6
30.4	30.8
30.3	85.8
30.3	133.4
30.3	146.7
30.3	165.7
30.3	190.4
30.3	251.2
30.3	233.8
30.3	266.0
30.3	238.5
30.2	206.4
30.3	254.4
30.3	313.0
30.2	233.9
30.2	242.2
30.3	226.7
30.2	260.5
30.2	132.2
30.2	115.8
31.1	68.8
31.1	87.0
31.2	131.9
31.1	141.0
31.0	209.5
31.1	222.3
31.0	274.1
31.0	342.6
30.9	297.4
30.9	316.7
30.8	391.6
30.8	456.4
30.8	399.7
30.7	395.8
30.7	362.3
30.6	350.2
30.6	279.0
30.7	318.6
30.6	246.4
30.6	180.2
30.6	164.7
37.3	153.1
36.8	199.4
36.2	173.5
36.7	246.0
36.1	202.6
36.1	235.1
35.4	260.4
35.9	272.1
36.1	277.5
35.8	246.6
36.0	225.8
35.5	212.8
35.7	172.6
35.8	177.6
35.2	107.5
35.6	94.0
37.5	251.4
37.0	269.5
36.7	436.5
36.5	325.0
37.0	226.4
36.4	343.4
36.0	226.2
36.7	192.6
36.4	181.0
36.2	169.7
37.1	217.2
36.2	266.6
36.5	244.5
36.2	263.5
37.1	314.6
36.8	264.0
37.2	286.2
36.9	271.9
36.4	350.0
35.9	265.5
35.9	276.5
36.9	249.6
36.6	294.6
35.9	234.6
36.2	177.4
36.2	144.0
36.4	166.0
36.7	65.3
35.7	100.9
35.8	110.6
36.0	143.1
35.5	139.0
35.4	161.7
35.8	170.7
36.0	184.3
35.9	216.7
35.6	213.5
35.5	241.4
35.4	258.3
34.9	237.0
35.4	216.5
35.3	215.0
35.4	223.9
35.3	171.4
35.3	170.5
35.4	165.5
35.0	119.5
35.2	110.8
34.9	213.8
34.9	69.5
35.2	108.4
35.1	143.1
34.9	234.7
34.9	169.3
34.8	173.9
34.7	213.0
34.8	184.7
34.7	203.9
34.7	217.5
34.7	279.4
34.7	264.5
34.8	236.9
34.6	239.5
34.5	241.6
34.5	190.3
34.6	170.3
34.4	179.8
34.3	168.5
34.3	235.2
34.2	219.9
34.4	193.8
34.3	229.2
34.2	158.6
34.0	144.7
34.2	148.0
33.9	99.1
34.2	114.6
34.0	168.5
34.0	171.6
34.1	178.0
34.0	159.7
33.9	165.9
34.1	172.7
34.0	138.3
33.8	76.8
33.7	90.7
33.7	129.7
33.6	162.1
33.6	179.4
33.5	169.7
33.5	223.9
33.6	229.0
33.2	253.9
33.3	310.3
33.4	312.7
33.2	279.3
33.2	260.4
33.2	228.5
33.0	190.9
33.0	198.4
33.1	159.0
33.0	151.9
33.1	141.6
32.9	142.3
33.1	118.8
32.7	77.1
32.7	100.7
32.8	197.8
32.6	126.8
32.7	119.3
32.6	102.7
32.5	110.4
32.4	128.3
32.4	136.6
32.3	152.3
32.4	188.9
32.3	175.0
32.3	158.7
32.2	149.0
32.2	137.4
32.1	136.8
32.1	119.6
32.1	101.5
32.0	72.5
32.1	54.9
32.0	35.3
31.9	12.8
31.9	45.8
31.8	96.3
31.8	95.9
31.8	103.8
31.8	88.1
31.7	107.0
31.7	92.6
31.6	130.6
31.6	93.1
31.6	72.3
31.6	87.0
31.6	87.0
31.6	75.1
31.5	84.7
31.5	88.3
31.5	74.0
31.6	81.0
31.6	99.0
31.5	79.7
32.0	32.8
32.1	70.2
32.0	76.5
32.0	113.3
32.1	72.2
32.0	111.1
31.8	112.1
31.8	117.3
31.8	144.2
31.8	162.3
31.8	153.4
31.7	166.7
31.7	172.9
31.6	170.0
31.5	173.1
31.4	134.9
31.4	140.1
31.4	102.5
31.3	76.2
31.3	80.1
31.4	59.3
31.3	80.9
31.4	90.4
31.3	94.8
31.3	79.8
31.3	120.5
31.2	113.6
31.2	87.0
31.2	117.5
31.1	150.8
31.1	149.5
31.1	173.5
31.1	139.0
31.1	135.9
31.1	152.5
31.0	116.8
31.0	79.2
31.0	113.0
31.1	32.7
31.1	85.1
31.1	72.4
31.1	98.3
31.1	106.4
31.1	87.9
31.0	79.9
31.0	76.1
31.0	72.5
31.0	73.2
30.9	86.5
30.9	102.0
30.9	114.1
30.8	96.7
30.9	102.2
30.8	90.4
30.8	96.5
30.8	84.5
30.8	94.9
30.8	57.6
30.9	44.0
30.8	103.9
30.8	40.1
30.8	67.9
30.8	68.1
30.8	60.3
30.8	71.9
30.8	78.0
30.8	100.8
30.7	98.9
30.6	96.2
30.7	98.4
30.8	90.7
30.7	61.3
30.8	76.0
30.8	106.8
30.8	97.1
30.8	122.1
30.8	97.0
30.7	115.1
30.7	78.9
30.7	116.4
30.7	115.9
30.7	140.6
30.6	117.3
30.6	114.2
30.6	107.9
30.6	112.3
30.5	123.7
30.5	108.7
30.6	84.5
30.6	72.0
30.6	52.7
36.5	105.2
36.7	91.3
36.1	65.2
35.8	74.7
34.1	80.5
34.3	75.2
34.2	99.9
34.1	94.1
34.0	100.9
34.1	104.6
34.2	112.6
33.9	70.4
33.8	121.7
33.9	124.4
33.8	93.3
33.8	75.9
33.8	87.5
33.7	68.6
33.6	60.7
33.7	59.4
33.6	54.0
33.0	48.2
33.0	21.8
33.2	34.9
32.8	34.8
32.9	66.9
32.8	64.7
32.8	32.7
32.8	27.7
32.8	26.5
32.8	40.4
32.7	66.5
32.7	69.6
32.8	54.3
32.6	36.7
32.6	23.3
32.3	45.7
32.3	93.1
32.4	62.6
32.2	73.0
32.4	117.3
32.2	95.6
32.2	109.0
32.2	100.7
32.2	98.6
32.1	126.0
32.1	115.5
32.0	113.3
32.0	103.9
31.9	75.1
31.9	79.7
31.8	103.3
31.7	61.6
35.7	88.9
35.9	100.0
36.4	190.3
36.0	120.0
35.5	117.5
35.1	107.2
36.0	123.0
36.2	92.2
35.5	85.7
35.3	104.0
35.0	74.9
35.3	43.5
35.4	28.2
34.8	30.8
34.9	58.8
34.8	59.2
34.9	82.3
34.6	82.1
34.6	81.7
34.5	95.8
34.4	105.9
34.5	129.4
34.5	112.2
34.4	117.9
34.3	89.9
34.3	117.7
34.5	121.9
34.5	180.7
34.6	184.1
34.3	189.2
34.5	136.4
34.4	123.3
36.1	115.5
36.4	143.5
36.1	177.8
35.3	199.7
36.1	197.5
35.9	261.1
35.5	254.8
35.2	274.2
35.9	246.8
35.5	203.6
35.8	174.0
35.5	190.0
35.6	143.3
35.7	120.9
35.4	131.1
35.3	73.0
35.1	78.5
35.0	133.9
35.3	108.0
35.2	134.1
35.0	116.8
35.3	145.0
35.1	84.6
35.1	56.6
34.9	61.0
35.3	92.7
35.0	39.4
35.3	39.6
34.7	45.9
34.6	59.1
34.7	41.3
34.7	61.1
34.7	71.7
34.6	62.3
34.6	104.0
34.5	90.0
34.6	81.1
34.6	88.0
34.4	64.7
34.5	69.8
34.6	71.0
34.7	61.1
34.6	42.4
34.4	37.2
34.5	54.8
34.5	75.0
34.4	78.5
34.5	88.3
34.4	72.4
34.4	64.5
34.2	80.9
34.3	47.9
34.3	43.4
34.4	98.4
34.3	74.9
34.2	55.9
34.4	67.3
34.1	69.4
34.0	42.9
34.0	65.2
33.8	53.0
33.8	109.1
33.7	78.1
33.6	83.2
33.7	119.5
33.7	100.3
33.8	109.4
33.8	89.5
33.7	83.3
33.7	80.3
33.7	66.8
33.7	60.8
33.7	63.1
33.8	48.6
33.9	37.2
33.8	58.6
33.6	76.3
33.6	63.0
33.6	57.2
33.5	82.7
33.6	93.0
33.4	85.6
33.5	90.0
33.5	76.6
33.4	74.6
33.3	80.1
33.3	66.1
33.3	70.6
33.5	64.9
33.5	49.9
33.3	51.4
33.4	36.8
33.0	49.9
33.0	58.3
32.9	67.2
32.8	67.1
32.9	78.8
32.7	89.7
32.7	72.3
32.7	82.7
32.6	80.5
32.7	84.2
32.7	65.1
32.6	72.4
32.6	62.7
32.7	82.8
32.7	55.6
32.7	58.6
32.8	36.8
32.4	115.0
32.5	105.4
32.3	88.3
32.4	90.9
32.4	52.1
32.3	67.5
32.3	77.3
32.3	62.7
32.3	58.7
32.3	54.6
32.4	56.6
32.3	33.2
32.4	44.3
32.4	44.0
32.4	47.7
32.5	35.2
32.8	108.2
32.8	144.1
32.8	136.2
32.9	168.2
32.9	143.0
32.8	133.3
33.0	102.1
33.1	92.1
33.2	98.9
33.1	68.1
33.2	88.9
33.4	81.7
33.4	109.8
34.1	54.4
34.2	90.8
34.2	104.4
34.1	123.1
34.0	114.9
34.1	96.8
34.2	97.1
34.0	107.0
34.2	76.7
34.2	47.1
34.2	66.1
34.2	53.6
34.2	43.3
34.2	65.9
34.2	45.4
34.0	72.4
33.8	67.3
33.8	80.5
33.7	29.0
33.6	32.6
33.7	72.6
33.7	116.7
33.5	62.0
33.5	36.6
33.5	44.0
33.6	60.6
33.6	52.5
33.5	55.7
33.3	48.7
33.5	49.6
33.6	47.6
33.6	30.9
33.8	127.2
33.9	65.3
33.8	112.6
33.6	78.8
33.7	67.2
33.5	75.6
33.5	71.1
33.4	67.9
33.4	69.6
33.4	58.0
33.4	64.3
33.4	48.4
33.4	54.3
33.6	55.2
33.5	39.9
33.4	35.8
33.5	36.5
33.3	48.5
33.3	80.7
33.2	62.4
33.1	64.8
33.0	57.6
32.9	48.4
32.9	53.3
32.8	57.9
32.8	57.3
32.9	60.8
33.0	59.0
32.9	57.2
33.0	45.2
32.9	39.1
33.0	38.0
33.0	31.0
33.1	36.8
32.3	64.3
32.2	82.7
32.2	67.6
32.2	63.8
32.1	63.9
32.0	55.2
32.0	52.3
32.0	72.5
32.1	56.5
31.9	64.0
32.0	53.1
32.0	56.9
32.0	55.4
32.0	51.8
32.1	50.4
32.2	31.5
32.1	39.8
31.8	42.3
31.7	36.3
31.6	55.3
31.6	57.6
31.5	44.8
31.6	49.2
31.6	39.2
31.7	61.0
31.7	43.2
31.8	53.4
31.8	60.5
31.7	67.0
31.7	61.3
31.7	36.0
31.9	46.8
31.7	37.5
31.5	26.3
31.4	25.8
31.4	24.3
31.4	39.7
31.3	39.5
31.3	39.6
31.3	35.0
31.3	36.3
31.3	47.7
31.3	35.1
31.3	29.5
31.4	42.1
31.5	26.0
31.4	26.3
31.4	43.5
31.5	21.9
31.3	40.0
31.2	46.0
31.2	45.6
31.2	42.5
31.1	14.8
31.1	50.2
31.1	70.9
31.1	59.8
31.1	48.1
31.1	33.8
31.1	37.9
31.2	52.7
31.2	31.1
31.2	35.3
31.2	29.8
31.3	17.9
31.1	39.8
31.1	25.9
31.1	36.4
31.0	15.0
31.0	26.9
31.0	32.9
31.0	37.6
30.9	22.7
30.9	24.5
31.0	55.6
31.0	32.6
31.0	24.8
31.0	25.0
31.1	25.0
31.1	19.3
31.0	19.8
31.0	22.7
31.0	53.2
31.0	43.4
31.0	47.1
30.9	43.3
30.9	41.4
30.9	38.0
30.9	30.6
30.9	65.7
30.9	24.9
30.8	34.9
30.9	31.4
30.9	25.0
30.9	16.6
30.9	37.3
30.9	28.6
30.9	123.9
30.9	90.5
31.0	100.9
30.9	87.6
31.0	75.6
31.0	72.0
30.9	105.8
30.9	74.0
30.9	71.6
30.9	57.1
31.0	45.9
31.1	44.2
31.0	80.2
30.9	67.5
30.9	56.0
30.9	43.4
30.9	44.2
30.9	51.2
30.9	66.7
30.9	62.1
30.9	48.3
30.9	56.0
30.8	69.2
30.9	55.8
30.9	48.2
30.9	40.9
30.9	42.8
30.9	27.3
30.9	26.3
30.9	28.9
30.8	36.3
30.8	27.1
30.8	35.3
30.8	35.3
30.7	39.6
30.7	32.7
30.8	17.9
30.7	46.2
30.7	23.6
30.8	20.3
30.7	48.7
30.8	16.9
30.8	17.2
31.0	74.4
30.9	59.1
30.8	45.6
30.8	40.7
30.8	47.2
30.8	55.6
30.7	40.0
30.7	50.8
30.7	44.3
30.7	55.8
30.7	40.2
30.7	42.6
30.8	44.6
30.7	28.6
30.8	37.4
30.9	41.7
30.8	40.1
30.8	44.3
30.7	48.6
30.7	51.7
30.7	40.2
30.7	48.1
30.6	36.1
30.6	43.0
30.6	45.6
30.6	38.4
30.6	31.9
30.6	24.5
30.6	25.2
30.7	17.8
30.7	20.2
30.8	20.3
30.7	44.5
30.6	28.0
30.7	29.3
30.7	42.8
30.6	24.7
30.6	25.6
30.6	32.4
30.6	11.3
30.7	17.8
30.7	12.2
30.7	20.4
30.8	4.3
30.9	73.9
30.8	95.2
30.8	52.8
30.7	51.0
30.7	52.6
30.6	44.0
30.6	52.6
30.6	35.7
30.6	35.7
30.6	33.3
30.6	28.9
30.6	24.0
30.6	26.8
30.6	22.3
30.7	19.2
30.8	40.9
30.8	32.5
30.7	34.6
30.7	30.0
30.6	34.9
30.6	50.0
30.6	35.5
30.6	46.9
30.6	45.3
30.6	55.4
30.5	45.0
30.6	53.3
30.6	49.7
30.6	37.2
30.6	27.5
30.8	70.5
30.7	51.8
30.7	44.4
30.7	43.8
30.6	45.4
30.6	35.4
30.6	40.2
30.5	45.6
30.5	35.3
30.5	37.8
30.5	35.2
30.6	34.4
30.5	26.1
30.6	18.5
30.6	17.1
30.8	40.0
30.8	47.7
30.8	35.3
30.7	38.4
30.6	36.2
30.6	39.5
30.5	44.0
30.5	33.3
30.5	24.5
30.4	29.8
30.6	34.8
30.5	23.1
30.6	25.4
30.5	31.1
30.6	96.8
30.6	101.2
30.6	163.5
30.6	125.8
30.6	126.7
30.6	131.2
31.3	179.7
31.2	170.5
31.3	110.5
31.2	109.0
31.4	72.8
31.3	68.8
31.3	71.4
33.9	107.1
34.0	115.6
33.8	149.7
33.9	152.1
33.9	155.0
33.8	143.7
33.9	128.4
34.1	121.6
34.7	137.3
34.2	101.8
34.2	106.4
34.2	63.2
36.7	189.4
36.6	167.2
35.8	151.3
36.9	190.0
36.2	154.1
36.8	82.4
35.7	118.2
36.1	99.5
36.3	106.9
36.4	97.5
35.8	106.1
35.6	119.7
36.0	140.2
35.8	103.7
35.7	116.3
35.7	123.3
35.8	94.5
35.3	105.9
35.7	35.9
35.0	44.1
35.1	42.6
34.9	38.3
34.9	32.6
34.8	44.1
34.8	42.3
34.8	46.4
34.8	39.4
34.8	50.6
34.7	38.3
34.7	42.4
34.6	32.8
34.6	38.8
34.6	29.2
34.6	27.6
34.6	27.8
34.6	24.2
34.4	34.9
34.6	51.4
34.6	43.8
34.4	45.1
34.4	51.0
34.5	44.7
34.4	52.2
34.4	52.5
34.4	51.9
34.3	40.1
34.2	46.0
34.2	39.2
34.2	29.5
34.3	28.6
34.1	57.7
34.0	67.3
34.0	55.5
34.1	61.0
34.0	44.1
34.0	52.2
33.8	64.7
34.0	51.5
33.9	44.5
33.9	44.0
33.8	34.5
33.7	38.8
33.8	30.8
33.9	29.7
33.5	29.7
33.4	38.9
33.4	48.2
33.4	44.6
33.3	39.6
33.4	35.5
33.3	37.4
33.2	36.1
33.2	37.6
33.3	21.1
33.2	35.5
33.3	35.2
33.2	17.6
33.2	44.0
33.1	33.9
33.0	51.3
33.0	47.8
32.9	34.3
32.8	39.7
32.9	46.3
32.8	36.6
32.9	36.6
32.8	32.4
32.8	28.3
32.8	33.6
32.8	26.3
32.7	24.0
32.8	15.6
32.5	122.2
32.6	77.3
32.6	106.7
32.6	74.5
32.5	47.2
32.5	42.6
32.4	39.6
32.4	35.7
32.4	42.6
32.3	43.8
32.3	38.1
32.2	44.0
32.3	42.3
32.3	27.2
32.3	41.1
32.3	35.2
32.3	33.3
32.3	11.3
32.3	19.1
32.2	53.0
32.3	58.3
32.3	75.5
32.2	53.3
32.2	51.8
32.1	54.8
32.2	35.8
32.1	42.1
32.1	34.9
32.1	39.6
32.1	50.4
32.1	54.1
32.0	44.0
32.0	41.1
32.2	21.8
32.2	43.7
32.2	46.0
32.1	115.2
32.1	86.9
32.0	117.2
32.0	134.8
32.0	152.9
31.9	129.3
31.9	123.9
31.9	124.9
31.9	143.7
31.9	98.0
31.9	87.4
32.0	30.3
31.9	45.2
31.9	55.7
31.9	75.9
31.8	92.4
31.8	98.7
31.8	102.9
31.7	116.0
31.7	97.4
31.6	100.8
31.6	90.6
31.6	74.9
31.6	72.3
31.6	67.6
31.8	21.8
31.8	43.1
31.7	56.8
31.6	61.4
31.6	90.9
31.5	85.6
31.5	81.7
31.4	83.3
31.4	78.8
31.4	76.5
31.4	82.4
31.4	76.0
31.4	59.6
31.5	60.3
31.6	26.8
31.5	36.1
31.5	48.0
31.4	53.3
31.4	53.9
31.3	69.3
31.3	53.7
31.3	50.3
31.2	56.0
31.3	51.3
31.3	45.1
31.2	47.0
31.3	38.4
31.4	27.4
31.3	65.4
31.3	58.6
31.3	45.4
31.2	48.4
31.2	58.6
31.2	40.0
31.2	48.7
31.3	41.4
31.2	56.5
31.2	47.1
31.2	37.2
31.3	19.9
31.3	39.0
31.3	41.8
31.2	50.5
31.2	34.4
31.2	40.5
31.2	39.8
31.1	34.7
31.1	32.4
31.1	34.1
31.1	20.6
31.2	24.7
32.7	61.1
32.8	103.1
32.9	107.1
32.7	135.2
32.9	105.9
33.0	123.4
33.0	141.3
33.0	136.2
33.1	136.0
33.2	139.0
33.2	108.7
33.2	95.4
35.5	73.2
35.3	111.4
35.6	132.6
35.4	162.6
35.2	157.6
35.3	152.1
35.4	147.9
35.1	146.4
35.7	125.5
36.0	53.5
36.0	101.9
35.8	134.2
36.2	161.2
36.0	137.5
35.9	99.8
35.8	67.0
36.4	111.2
36.0	142.1
36.0	132.0
35.9	109.1
36.1	22.8
35.4	38.6
35.5	34.1
35.7	53.0
35.8	61.1
35.7	114.8
36.2	114.9
36.3	99.7
36.1	94.6
35.5	93.5
35.7	85.5
36.0	52.0
35.5	70.4
35.2	30.8
35.5	45.7
35.4	33.6
35.6	30.1
35.7	40.6
35.4	59.5
35.4	82.7
35.3	87.5
35.4	92.8
35.3	93.6
35.4	82.2
35.6	73.9
35.4	31.0
35.2	48.0
35.3	47.5
35.3	48.2
35.1	46.3
35.2	57.3
35.3	76.4
35.2	72.7
35.1	84.0
35.3	71.8
35.3	68.3
35.1	60.3
35.2	15.2
35.1	17.1
35.0	35.3
35.1	26.8
37.0	63.0
36.5	47.5
36.8	58.9
37.2	72.9
36.4	97.0
36.7	73.3
37.2	77.1
37.1	73.5
37.5	79.9
37.0	91.7
36.4	98.4
36.8	79.9
36.1	82.2
35.8	41.5
36.9	42.1
36.9	55.5
36.4	60.3
36.1	63.1
36.6	88.1
36.1	73.1
36.5	74.8
36.5	63.6
35.9	69.4
35.7	69.4
36.0	49.3
36.0	16.3
35.9	32.4
36.5	40.7
36.3	41.0
36.3	53.4
35.6	64.3
36.1	75.7
36.4	83.1
35.9	73.5
35.8	61.4
36.8	64.9
36.1	49.5
36.6	41.1
37.1	45.0
37.4	54.0
37.8	52.3
36.8	57.8
36.6	44.0
36.3	52.8
35.9	75.9
36.7	75.4
36.1	95.0
36.5	68.8
36.2	80.9
36.4	77.9
36.2	74.8
36.0	35.8
35.8	37.5
35.9	55.2
35.4	51.9
35.7	46.0
35.4	38.6
35.4	36.5
35.3	34.3
35.4	33.3
35.3	32.1
35.5	15.1
35.3	89.4
35.5	94.4
35.2	109.8
35.2	77.3
31.0	45.2
30.9	46.2
30.9	60.1
30.9	71.7
30.9	75.2
30.9	82.5
31.2	71.5
31.2	79.0
31.3	71.1
31.3	65.0
30.7	38.6
30.7	53.4
30.7	50.6
30.6	45.5
30.6	42.8
30.7	44.6
30.7	47.4
30.7	73.0
30.8	55.8
30.8	54.4
30.8	63.9
30.7	67.7
30.7	76.1
30.7	61.1
30.7	66.2
30.7	83.2
30.6	67.5
30.7	56.7
30.7	52.6
30.6	27.4
30.5	39.5
30.5	31.2
30.5	33.6
30.4	39.4
30.5	39.0
30.5	35.2
30.4	40.0
30.5	34.5
30.5	33.0
30.5	39.9
30.6	60.5
30.6	58.9
30.6	58.8
30.6	63.7
30.6	75.0
30.6	67.7
30.5	25.9
30.4	36.7
30.4	47.8
30.4	42.4
30.4	36.9
30.4	40.6
30.4	40.7
30.4	51.1
30.4	44.9
30.4	48.0
30.4	59.6
30.4	56.4
30.4	58.3
30.4	49.4
30.4	49.4
30.4	20.7
30.4	21.6
30.3	27.7
30.3	33.4
30.3	34.0
30.3	53.1
30.3	50.1
30.3	36.6
30.4	32.7
30.4	38.9
30.4	33.2
30.3	48.4
30.3	61.7
30.3	51.7
30.4	55.5
30.4	53.7
30.4	56.6
30.4	62.7
30.4	51.6
36.7	52.7
37.2	79.8
36.9	121.8
37.3	156.5
36.4	200.4
36.4	207.8
36.3	221.1
36.9	238.5
36.5	245.4
36.2	247.7
36.5	236.0
37.1	209.7
37.4	200.9
37.2	181.4
37.2	64.1
36.8	65.9
37.1	79.2
37.0	75.7
36.3	100.0
36.5	107.0
36.2	103.8
36.1	110.7
36.9	136.0
36.5	130.1
36.5	110.9
36.8	107.2
36.8	97.2
36.8	115.9
37.2	105.2
36.7	27.0
35.3	36.9
35.7	42.3
35.9	36.1
35.5	42.6
35.5	48.0
35.4	35.6
35.6	34.9
35.7	44.2
36.9	44.4
37.1	39.7
37.6	50.5
38.0	73.5
36.9	61.2
36.8	52.7
36.7	84.3
37.7	78.3
36.9	63.2
36.8	36.1
36.3	41.5
36.9	64.1
36.5	68.5
36.6	60.9
36.8	82.6
37.1	90.2
37.4	151.2
36.2	106.0
36.6	117.5
36.2	88.4
36.3	97.9
35.7	30.6
35.5	26.2
37.3	59.2
37.0	34.7
35.2	39.9
35.3	46.4
35.2	57.6
35.8	126.5
35.5	133.0
35.5	133.8
36.0	87.9
36.2	88.4
36.0	75.1
35.3	80.8
35.6	94.0
35.5	83.3
35.6	97.7
35.6	113.2
35.4	109.2
35.4	139.7
35.7	127.3
36.0	162.0
35.7	197.5
36.1	180.1
35.3	188.3
35.6	143.9
35.6	161.0
35.7	134.1
35.5	108.5
35.3	36.4
35.3	42.2
35.2	56.0
35.2	72.3
35.2	107.6
35.2	90.7
35.2	88.4
35.3	112.7
35.2	102.7
35.2	106.9
35.2	116.5
35.2	106.8
35.2	83.7
35.2	77.5
35.3	74.8
36.3	22.9
36.6	64.4
36.4	64.8
35.8	101.4
36.4	82.6
36.7	83.0
36.1	91.3
35.6	63.7
36.6	51.8
36.5	51.6
36.5	67.7
35.6	65.8
36.1	69.6
35.4	34.7
35.5	36.0
35.3	34.5
35.4	37.1
35.7	84.3
35.7	137.2
35.6	115.5
35.6	121.3
35.6	154.6
35.5	124.4
35.4	102.4
35.2	22.7
35.2	30.5
35.3	21.2
35.2	24.1
35.2	25.7
35.4	26.3
35.2	36.1
35.5	32.0
35.4	40.6
35.6	29.5
35.5	15.7
35.2	24.5
35.2	35.9
35.3	50.3
35.2	75.7
35.4	92.5
35.8	130.6
35.5	155.0
35.5	156.8
35.5	147.8
35.5	142.0
35.2	143.0
35.4	141.8
35.5	114.2
36.1	57.0
35.7	48.5
36.0	71.7
36.4	40.2
35.7	72.3
35.9	77.6
35.4	94.2
35.2	39.8
35.2	50.4
35.3	58.6
35.4	72.0
35.5	116.5
35.4	142.9
35.2	181.9
35.2	157.7
35.4	214.2
35.0	221.3
35.3	212.9
35.1	248.9
35.1	219.1
35.0	133.3
35.3	140.8
35.5	162.0
35.1	112.4
35.3	109.7
35.3	93.1
35.1	72.4
35.4	101.1
35.2	93.3
35.3	89.9
35.1	91.8
35.1	118.9
35.4	111.6
35.2	108.5
35.1	105.9
35.5	98.4
35.1	35.2
35.2	48.1
35.3	49.3
35.1	55.8
35.1	76.0
35.1	71.0
35.1	100.8
35.0	117.0
35.1	107.1
35.0	119.8
35.0	85.4
34.9	80.9
35.1	79.6
35.1	74.5
35.1	30.2
35.2	48.6
35.2	57.3
35.1	78.6
35.1	88.5
35.1	96.0
35.0	121.8
35.0	173.9
35.0	137.3
35.0	130.0
35.0	127.1
35.0	141.8
35.0	133.7
34.9	101.1
34.9	103.0
35.1	106.5
35.1	69.1
35.1	25.9
35.1	38.7
35.1	27.2
35.0	52.4
35.3	75.3
35.1	61.7
35.1	16.3
35.2	28.4
35.2	46.6
35.1	87.8
35.0	120.6
35.0	129.6
34.9	124.7
34.9	242.0
34.8	193.5
34.9	220.5
34.9	272.3
34.9	197.9
34.9	187.6
34.8	217.5
34.8	172.5
34.7	172.8
35.0	108.3
34.9	71.3
35.0	35.4
35.0	56.6
34.9	79.5
35.0	99.0
34.9	102.9
34.9	134.9
34.8	104.4
34.9	78.7
34.9	79.2
34.8	83.3
34.8	80.9
34.9	67.6
34.9	58.8
35.0	62.8
34.9	72.7
34.8	57.6
34.9	92.7
34.8	78.2
34.9	92.0
34.8	111.5
34.8	105.9
34.8	94.6
34.9	95.5
34.7	69.3
34.8	88.6
34.8	117.5
34.8	82.0
34.7	62.5
34.8	95.9
34.8	78.5
35.0	3.4
35.0	26.5
35.0	39.5
35.0	51.4
34.9	59.4
34.8	56.6
34.7	84.0
34.8	79.0
34.6	103.3
34.6	121.5
34.6	104.7
34.7	97.4
34.6	95.3
34.5	107.8
34.7	91.8
34.6	83.3
34.8	58.4
34.7	56.5
35.9	28.0
35.7	71.0
36.2	52.4
36.3	91.4
36.4	116.5
36.3	137.7
36.7	126.7
35.6	92.7
36.1	40.0
36.2	64.9
35.9	95.4
36.4	117.8
36.2	151.7
36.7	187.7
36.5	215.2
36.5	217.4
36.7	122.9
36.5	150.6
36.9	160.7
35.8	157.8
36.5	114.3
35.9	127.7
36.3	94.4
36.5	61.9
37.3	65.1
36.8	83.6
35.6	94.5
36.6	127.2
36.1	36.4
35.9	41.2
36.3	36.3
36.4	51.0
36.5	63.5
36.5	76.5
36.1	63.9
35.7	45.7
35.6	47.8
36.1	52.0
36.2	52.4
36.4	68.9
36.1	90.4
36.9	91.4
36.0	104.7
36.1	126.6
36.1	113.9
36.6	94.7
36.3	111.3
35.9	134.3
36.4	167.8
36.1	96.5
36.4	126.7
35.7	100.7
35.7	35.5
35.9	42.3
35.8	43.3
35.9	38.1
35.6	75.7
35.8	77.6
35.9	114.8
36.1	181.7
35.4	184.7
35.2	209.6
36.3	198.1
35.5	180.2
36.1	137.2
35.7	166.3
35.8	155.8
35.9	143.1
35.2	108.3
36.0	122.9
35.7	58.1
35.2	57.4
35.3	54.7
35.3	56.7
35.3	62.0
35.3	77.2
35.2	83.3
35.6	122.1
35.3	160.5
35.3	146.8
35.2	165.4
35.6	128.3
35.2	119.5
35.3	147.3
35.3	125.8
35.2	116.5
35.7	111.8
35.7	85.6
35.4	32.1
35.2	64.6
35.2	58.1
35.2	76.0
35.1	84.5
35.1	77.0
35.2	67.6
35.2	107.6
35.2	110.5
35.2	92.4
35.2	115.3
35.1	122.4
35.1	130.1
35.1	128.9
35.1	110.9
35.0	137.9
35.1	98.5
35.1	83.4
35.1	66.5
35.1	45.5
35.2	37.3
35.1	42.5
35.1	51.5
35.2	69.8
35.1	69.6
35.1	62.5
35.1	88.0
35.1	81.4
35.1	67.7
35.1	122.9
35.0	82.0
35.0	88.9
34.9	95.0
35.0	115.8
34.9	111.9
35.0	86.6
34.9	63.2
35.0	66.9
35.0	58.6
35.2	35.3
35.1	38.3
35.2	38.4
35.1	51.0
35.1	38.9
35.1	43.9
35.1	39.8
35.1	49.7
35.1	91.0
35.0	99.7
35.0	69.3
34.9	69.5
34.9	70.7
35.0	80.5
35.0	69.3
35.0	67.0
34.9	68.7
35.0	59.8
35.1	26.2
35.1	41.4
35.1	53.6
35.0	66.9
35.0	74.6
34.9	72.6
35.0	83.0
35.0	93.1
34.9	111.9
34.9	112.0
35.0	70.7
34.8	59.6
34.8	67.1
34.8	69.8
34.9	58.1
34.9	47.6
34.8	48.2
35.1	0.3
35.1	19.0
35.1	48.4
35.1	44.3
35.1	34.1
35.0	44.0
35.0	42.4
34.9	81.7
34.9	80.3
34.9	70.5
34.8	50.4
34.9	57.4
34.8	82.0
34.8	53.9
34.9	49.6
34.9	62.5
34.7	43.5
34.9	43.9
34.9	40.9
35.1	36.3
35.1	41.0
35.1	25.3
35.0	36.9
35.3	38.2
35.2	84.2
35.1	113.2
35.2	158.5
35.0	190.0
35.1	230.3
35.2	256.5
35.1	195.7
35.1	233.7
35.1	137.0
35.0	108.5
35.6	140.8
35.1	154.2
35.1	131.9
35.4	157.3
35.0	135.8
35.0	97.8
35.1	83.6
35.3	72.8
35.2	70.2
35.1	44.2
35.1	73.1
35.2	72.5
35.1	117.2
35.0	88.3
35.1	128.3
35.2	120.6
35.2	22.5
37.1	62.1
36.6	109.3
36.7	99.5
36.2	99.3
36.0	96.4
36.5	115.4
37.0	121.7
36.7	137.6
37.2	49.3
36.5	72.0
36.1	101.6
35.9	158.2
36.1	190.6
35.9	199.7
35.9	203.9
36.3	221.9
37.0	204.2
36.4	230.2
36.3	271.0
36.7	237.5
36.1	174.9
36.7	207.5
35.9	162.2
36.1	124.7
35.7	139.7
36.1	99.4
35.8	28.2
35.5	12.8
36.0	92.5
35.6	66.3
35.5	58.2
35.4	43.8
35.9	41.8
35.8	44.8
35.6	46.5
35.9	60.8
36.0	58.1
36.5	74.1
35.7	56.5
36.1	53.3
35.5	53.8
36.0	41.7
35.2	33.4
35.3	51.9
35.5	55.4
35.5	59.6
35.2	62.2
35.7	91.6
35.6	99.9
35.4	110.4
35.6	67.2
35.6	51.0
35.7	40.7
35.3	27.8
35.5	29.8
35.6	42.4
35.7	30.9
35.1	32.8
36.6	66.2
37.5	190.3
37.1	126.6
36.5	68.4
37.3	83.1
36.8	57.4
37.6	69.0
38.2	22.3
36.5	27.3
36.7	40.2
37.4	64.0
36.3	84.5
36.8	125.3
36.2	203.6
36.6	156.2
36.0	188.8
36.2	249.2
36.1	290.9
36.4	259.2
36.6	216.1
37.1	217.2
37.0	243.1
36.5	198.4
36.7	195.0
36.1	179.9
36.6	92.8
36.6	86.6
36.1	49.2
36.0	67.8
36.3	118.4
36.5	164.9
35.7	195.1
36.5	196.4
36.2	205.1
35.9	238.0
36.4	240.8
35.8	250.2
36.0	252.8
36.5	196.9
35.7	225.3
35.2	215.2
36.9	192.0
35.9	125.6
35.9	82.1
36.1	54.7
36.1	62.9
35.0	87.7
35.1	96.8
35.6	85.5
36.0	84.6
35.9	69.7
36.4	77.2
35.7	112.0
35.9	103.0
35.3	88.8
35.6	94.3
36.0	64.1
35.9	87.7
36.3	41.6
36.0	42.7
35.4	48.2
35.4	57.8
35.4	74.7
35.1	67.8
35.2	106.9
35.3	86.7
35.6	90.6
35.5	119.3
35.2	87.1
35.6	93.5
35.2	111.8
35.2	141.3
35.4	94.6
35.1	81.3
35.8	84.2
35.2	72.0
35.1	80.3
35.3	56.5
35.1	71.5
35.1	56.7
35.5	21.5
35.1	57.4
34.9	63.4
35.3	83.0
35.1	68.4
34.7	66.8
35.0	67.6
35.2	71.2
34.8	60.2
34.9	85.8
34.9	80.4
34.7	100.9
34.6	59.2
34.8	62.6
34.8	86.0
35.1	62.3
35.0	35.9
34.7	42.7
34.7	36.5
34.8	23.4
34.7	27.1
34.9	31.5
34.8	39.0
34.6	57.6
34.7	61.0
34.6	52.5
34.5	67.2
34.5	65.8
34.5	79.1
34.7	61.6
34.5	70.5
34.6	63.5
34.8	70.1
34.5	49.7
34.6	53.9
34.6	31.5
34.4	29.1
34.6	25.5
34.5	32.5
34.6	28.8
34.6	41.2
34.5	41.2
34.5	34.3
34.6	32.6
34.5	32.2
34.4	35.0
34.4	26.4
36.8	110.5
37.0	78.7
37.3	88.4
37.7	96.8
36.6	67.8
37.2	98.4
36.2	115.2
37.3	133.3
36.8	214.5
36.7	253.3
36.7	251.5
36.6	298.2
37.1	258.0
37.0	280.6
36.8	333.5
36.4	276.1
36.0	294.7
36.9	270.6
36.2	244.3
36.0	233.4
36.6	171.8
37.2	138.0
36.3	13.9
36.8	120.8
37.1	88.6
36.7	89.5
36.5	112.8
36.6	100.7
37.0	136.2
36.4	140.4
36.2	168.2
36.8	196.5
36.3	212.5
36.7	259.1
36.1	193.2
36.7	134.7
36.8	100.2
37.0	79.6
37.0	59.2
36.8	64.0
36.5	82.4
36.2	104.8
36.9	86.7
36.4	108.9
36.4	83.0
36.6	129.3
36.5	117.2
36.0	106.2
35.9	97.2
36.0	86.0
35.7	8.0
36.9	24.7
36.7	61.6
36.1	134.9
35.6	137.3
36.0	186.4
36.3	193.1
35.6	231.5
35.8	265.7
36.5	181.8
36.1	235.8
35.9	262.5
36.0	276.9
36.0	257.1
36.6	216.9
36.4	238.8
36.0	199.0
36.2	142.8
37.1	22.2
36.6	33.2
36.1	51.9
36.3	95.6
35.9	177.5
36.7	248.1
37.1	322.3
37.1	343.0
36.7	369.8
36.6	313.9
36.4	336.6
37.3	360.5
37.0	227.8
36.9	227.9
36.3	208.5
35.9	181.2
36.6	183.0
36.8	133.0
36.3	114.2
36.4	40.3
36.0	50.9
36.5	82.9
35.9	128.5
36.3	150.0
35.6	177.2
36.4	182.1
36.0	179.5
35.5	168.4
36.4	129.2
36.5	121.0
36.1	112.4
36.3	116.1
36.5	116.5
36.7	99.6
36.5	115.6
35.5	90.7
36.4	93.7
35.8	69.4
36.4	84.6
35.2	156.5
35.7	198.7
35.2	267.3
36.0	222.6
35.2	204.0
35.7	138.6
36.1	129.5
35.6	99.3
36.9	43.9
36.5	89.0
36.5	82.5
38.0	130.4
36.5	65.7
37.2	233.5
37.1	216.8
36.4	267.7
36.8	190.6
36.0	223.9
36.3	155.5
37.1	117.6
37.2	104.0
36.4	50.4
36.8	158.5
36.2	208.5
36.3	76.9
36.1	155.0
35.6	208.3
35.8	180.2
36.4	80.3
35.6	112.4
35.7	90.1
35.5	101.7
36.3	137.8
36.2	158.8
35.4	154.1
36.6	135.6
36.6	125.2
35.9	101.2
36.3	90.6
35.5	14.9
35.5	42.5
36.6	57.4
35.8	109.4
36.1	160.9
36.7	169.9
35.9	186.8
35.2	231.4
36.5	271.0
35.8	364.6
36.2	294.2
36.3	309.9
36.0	265.4
35.9	315.1
35.8	267.9
35.8	251.5
36.0	249.1
35.9	217.7
35.9	184.7
35.9	184.0
36.0	164.3
36.2	136.8
35.4	57.2
35.2	99.4
35.3	149.9
34.8	163.6
34.9	207.4
34.9	189.6
35.0	140.9
35.0	178.2
35.0	214.8
35.1	253.8
35.3	197.3
34.9	207.4
34.8	127.1
34.7	99.0
34.4	116.6
34.6	180.3
34.5	153.5
34.3	146.0
34.5	205.2
34.5	222.4
34.3	233.0
34.4	249.2
34.2	243.3
34.2	228.1
34.2	225.0
34.2	187.0
34.4	134.0
34.1	106.7
34.1	106.5
34.2	124.4
34.2	112.2
34.3	110.5
34.1	70.4
34.0	48.7
33.7	69.6
33.9	77.4
33.8	80.7
33.9	83.0
33.8	112.6
33.8	155.3
33.7	130.1
33.6	158.6
33.6	137.2
33.6	142.5
33.5	185.4
33.6	147.4
33.4	143.4
33.6	138.5
33.6	79.5
33.4	85.3
33.6	81.4
33.4	70.0
33.5	43.9
33.6	40.3
33.6	43.6
33.5	45.7
33.2	59.6
33.2	48.7
33.2	60.3
33.2	55.4
33.2	47.9
33.3	51.8
33.2	19.4
33.3	35.3
33.5	52.5
33.4	113.1
33.2	145.0
33.1	114.3
33.2	126.7
33.2	164.6
33.1	136.3
33.1	131.5
33.0	130.2
32.9	114.6
33.0	146.4
33.0	109.9
33.0	89.6
33.1	111.0
33.1	82.4
32.9	91.3
33.1	54.5
33.1	68.5
32.9	56.1
33.0	34.1
33.0	19.5
32.9	56.0
32.8	57.0
32.9	46.3
32.7	59.7
32.7	65.9
32.7	72.0
32.5	73.0
32.4	63.9
32.6	82.5
32.4	75.5
32.5	97.8
32.4	114.9
32.2	86.8
32.3	61.7
32.3	56.4
32.4	46.4
32.3	57.6
32.3	76.8
32.3	66.1
32.8	34.4
32.6	86.7
32.6	117.7
32.6	159.0
32.5	202.0
32.5	268.6
32.4	227.0
32.4	222.2
32.2	189.2
32.4	158.7
32.3	170.9
32.2	114.5
32.4	99.3
32.5	91.9
32.4	60.5
32.5	106.1
32.4	116.7
32.4	80.2
32.3	73.5
32.3	62.4
32.4	14.7
32.3	46.3
32.3	60.0
32.3	67.6
32.3	51.9
32.3	51.6
32.3	50.8
32.4	62.2
32.2	74.1
32.3	61.0
32.2	31.3
32.6	27.4
32.6	57.3
32.2	57.9
32.3	65.6
32.2	76.1
32.1	91.8
32.2	98.4
32.0	97.0
32.0	100.9
32.0	83.3
32.0	76.7
32.0	92.8
31.9	97.0
32.0	67.4
31.9	90.9
31.9	101.8
31.9	81.9
32.0	58.1
32.0	85.6
32.0	49.6
32.0	35.1
31.9	38.4
31.7	40.8
31.7	43.8
31.6	45.2
31.5	64.8
31.5	57.6
31.5	38.6
31.5	20.0
31.4	51.6
31.4	29.9
31.4	46.6
31.3	51.9
31.3	45.2
31.3	42.7
31.3	22.6
31.3	42.2
31.2	51.5
31.2	45.8
31.2	28.3
31.1	30.4
31.1	13.2
31.1	17.4
31.0	13.9
30.9	36.7
30.9	54.3
30.8	63.5
30.8	57.5
30.8	71.2
30.7	71.8
30.7	82.7
30.7	93.4
30.7	69.5
30.7	80.0
30.7	62.1
30.7	86.2
30.7	104.9
30.7	76.3
30.7	70.2
30.7	67.5
30.7	63.3
30.7	60.0
30.7	30.3
30.8	26.1
30.8	35.7
30.7	52.5
30.6	51.0
30.7	53.8
30.7	71.5
30.6	57.8
30.6	81.5
30.5	61.8
30.6	83.1
30.6	96.0
30.5	106.8
30.5	105.5
30.5	86.6
30.5	56.3
30.6	90.1
30.5	106.3
36.3	17.9
36.7	97.4
36.5	43.1
36.1	159.4
36.5	189.5
36.3	166.9
36.6	190.0
36.2	324.8
36.7	271.4
36.4	243.9
35.7	216.8
37.0	372.2
36.8	438.5
35.9	307.8
36.2	362.5
35.6	260.7
36.6	247.2
35.3	213.2
35.2	291.6
36.1	230.2
36.8	193.7
34.8	25.4
35.0	52.2
34.7	78.2
34.5	86.3
34.4	105.7
34.6	159.4
34.7	111.2
34.4	130.3
34.8	138.2
34.3	170.6
34.2	136.9
34.4	105.7
34.3	80.8
34.4	55.1
34.7	58.3
34.4	175.2
34.3	278.4
34.3	315.6
34.2	70.2
34.2	69.3
34.4	60.5
34.3	59.4
34.6	77.1
37.0	5.6
37.0	53.7
36.6	176.8
35.5	184.3
35.6	44.3
35.7	73.4
36.0	105.7
36.0	112.9
35.2	188.4
35.7	172.7
35.8	248.1
35.8	263.2
36.2	312.4
35.4	204.3
35.5	234.8
35.4	213.3
35.6	164.2
35.4	189.4
35.5	164.9
35.4	163.2
35.6	138.5
35.8	128.5
35.7	110.5
36.1	101.0
35.8	92.3
35.2	99.6
35.5	79.8
34.9	22.9
34.9	45.1
35.0	55.0
34.9	48.8
34.9	88.8
34.8	113.4
34.7	92.5
34.5	99.9
34.4	116.6
34.6	106.3
34.4	104.3
34.2	107.1
34.4	103.6
34.3	104.3
34.4	95.5
34.3	113.0
34.4	85.2
34.5	81.2
34.2	75.5
34.8	77.7
34.3	75.0
34.1	37.0
34.4	45.7
33.9	72.8
34.0	49.4
34.1	125.4
33.9	103.5
34.0	53.5
32.7	100.2
32.6	62.8
32.6	60.5
32.7	60.7
32.5	82.8
32.6	67.9
32.4	72.0
32.6	87.9
32.5	63.5
32.4	56.9
32.4	59.7
32.5	46.4
32.6	55.6
32.4	28.1
32.6	25.8
32.4	65.3
32.3	32.6
32.5	51.6
32.5	64.3
32.3	57.7
32.2	132.7
32.2	104.2
32.0	74.6
32.0	39.5
32.1	22.4
31.9	26.2
32.2	43.1
32.1	52.0
32.3	46.0
32.0	70.3
32.1	118.2
31.8	82.5
31.8	158.0
31.6	113.3
31.5	113.3
31.5	134.1
31.5	117.2
31.3	120.9
31.1	101.9
31.1	160.7
31.1	117.1
31.1	92.5
30.9	59.1
31.1	75.3
31.1	58.9
33.2	76.5
33.1	67.5
33.2	55.8
33.1	99.0
33.0	196.7
32.9	264.1
32.6	383.8
32.6	382.8
32.7	369.3
32.5	339.1
32.5	299.0
32.5	249.2
32.3	262.4
32.5	240.6
32.6	332.4
32.2	304.4
32.5	255.1
32.5	212.8
32.3	164.6
32.4	134.1
32.5	116.8
33.1	63.3
32.9	75.3
32.9	100.9
32.8	126.4
32.8	104.6
32.5	113.8
32.5	91.3
32.5	107.9
32.4	138.0
32.2	157.4
32.1	129.1
32.0	98.7
31.9	129.0
31.8	97.8
31.9	104.9
31.9	105.7
31.8	108.1
31.9	101.2
31.9	143.1
31.9	250.4
32.0	210.0
32.0	155.0
32.2	100.2
36.2	133.0
36.8	210.9
37.4	163.2
37.1	182.5
37.1	178.0
37.2	195.8
37.3	231.2
36.3	291.8
36.7	329.3
37.1	229.6
36.1	262.9
36.3	231.5
36.2	226.9
36.3	176.7
36.3	211.1
36.8	227.3
37.1	226.7
36.0	199.2
37.4	165.4
37.4	71.7
35.9	103.7
35.9	182.7
36.4	195.7
36.6	222.2
36.9	235.9
36.0	234.0
36.0	287.9
35.8	347.0
36.4	342.1
35.7	393.1
36.8	359.5
36.5	399.6
36.1	419.5
36.3	263.6
36.1	298.4
37.0	267.0
36.1	230.1
36.2	197.2
35.7	153.9
35.6	91.6
36.0	68.9
35.3	32.2
35.1	49.1
35.5	69.3
35.4	84.9
35.5	60.0
35.3	53.7
35.1	50.1
36.8	11.5
37.1	58.9
36.9	53.8
37.2	31.5
37.3	57.4
37.6	78.7
37.0	93.3
37.1	101.9
36.8	72.0
36.6	36.3
37.2	72.9
38.0	112.5
37.7	174.4
37.3	203.8
36.2	219.6
37.0	289.9
36.8	343.2
37.1	335.3
37.6	328.9
36.9	351.0
36.1	417.8
37.0	404.5
37.0	412.2
36.7	410.6
36.2	457.0
36.5	395.1
36.0	363.8
36.4	399.2
37.3	317.0
35.9	303.1
36.0	236.5
35.9	245.2
36.3	84.6
35.8	110.2
35.3	156.8
35.3	174.9
35.9	124.4
35.3	255.2
34.8	325.7
35.4	235.3
34.7	216.9
35.4	250.5
35.0	245.1
35.4	185.9
35.9	139.7
35.6	256.1
34.9	203.8
36.9	176.8
36.7	164.1
37.3	160.6
36.8	162.7
35.9	83.8
35.9	131.6
36.0	211.6
36.4	227.8
36.7	269.6
36.3	300.9
35.7	340.0
36.1	402.5
35.7	441.6
36.6	346.8
36.2	456.7
35.6	460.3
35.5	389.9
35.9	415.8
35.3	373.5
35.6	435.1
35.0	403.5
35.9	389.6
35.6	380.9
35.0	333.1
35.4	282.0
35.6	231.4
35.4	205.0
34.7	86.5
34.5	100.6
34.5	127.5
34.5	124.1
34.5	128.2
34.3	131.7
34.2	156.5
34.3	181.9
34.3	194.5
34.1	191.1
34.2	196.3
34.1	220.9
34.1	181.5
34.0	204.0
33.9	161.1
33.8	174.6
33.8	213.5
34.0	161.4
33.8	137.7
33.8	139.0
33.9	94.7
33.8	117.8
33.8	73.0
33.4	67.2
33.3	103.9
33.4	141.6
33.2	154.2
33.1	169.8
33.2	184.0
32.9	197.6
33.0	288.4
33.0	232.0
32.9	224.4
32.8	268.0
32.9	259.5
32.9	264.2
32.8	280.0
32.7	212.4
32.7	162.2
32.6	131.0
32.8	173.7
32.6	163.2
32.6	145.8
32.5	117.3
32.5	104.8
32.5	86.3
31.8	41.1
31.8	74.3
31.7	111.7
31.7	124.5
31.5	184.9
31.7	167.0
31.6	197.4
31.5	257.6
31.5	232.3
31.3	202.1
31.3	180.0
31.4	144.3
31.4	160.3
31.3	154.4
31.2	135.8
31.2	164.3
36.3	307.2
36.7	215.4
36.4	170.1
36.3	145.8
36.4	44.2
36.6	51.0
37.5	123.3
35.5	126.2
36.3	141.4
36.5	125.1
36.0	177.1
36.3	279.6
36.1	252.7
36.9	397.9
36.6	378.0
36.1	572.8
36.7	537.7
35.9	402.7
35.2	392.6
36.6	297.3
35.9	241.4
36.2	256.2
35.8	259.6
35.3	232.6
36.1	144.0
35.1	80.9
34.8	34.4
34.3	46.7
34.6	44.1
34.5	46.5
34.3	71.0
34.2	111.2
34.2	155.9
34.2	219.0
34.1	318.8
34.1	259.8
33.8	261.7
33.7	200.6
34.0	287.4
33.6	237.9
33.4	211.5
33.4	234.5
33.0	230.6
33.1	190.3
33.2	158.7
32.7	156.1
33.0	109.5
32.8	116.0
32.8	83.2
32.6	49.0
32.6	60.7
32.5	91.2
32.5	105.4
32.4	154.7
32.2	109.5
32.1	177.5
32.0	177.3
31.8	154.4
31.8	191.4
31.5	277.9
31.5	376.6
31.3	473.3
31.1	393.5
31.2	385.0
31.0	312.1
30.9	230.9
30.8	182.4
30.9	176.8
30.8	190.4
30.7	135.3
30.8	97.9
30.8	64.3
30.9	52.3
30.9	63.9
30.8	81.0
30.8	92.0
30.7	128.4
30.7	130.3
30.6	101.5
30.6	100.5
30.5	86.0
30.5	139.9
30.5	142.2
30.5	148.0
30.4	145.4
30.4	89.4
30.5	60.3
30.4	176.2
30.4	99.5
30.4	78.6
30.5	86.9
30.5	102.5
30.5	62.7
30.5	51.9
30.5	18.6
36.6	183.6
37.3	308.0
36.9	286.5
38.0	284.2
37.1	265.1
36.6	170.4
38.1	192.0
37.2	270.9
37.1	275.8
38.1	233.8
38.0	199.3
37.0	219.8
37.8	226.1
37.9	170.2
36.6	150.3
37.0	50.8
37.0	44.6
36.0	59.0
37.1	84.8
37.3	158.7
36.4	180.1
37.2	128.9
37.1	105.4
36.6	114.6
37.1	142.0
37.7	140.3
37.0	207.4
37.4	176.3
37.2	162.0
36.7	204.2
37.6	165.1
37.7	235.0
37.0	200.0
36.5	157.3
37.4	142.2
37.1	50.2
36.6	87.5
36.7	106.9
36.5	82.7
36.6	68.1
37.1	73.1
36.6	106.8
36.1	82.7
37.0	55.2
37.0	53.2
36.5	90.7
36.2	95.6
36.2	160.0
36.5	204.4
36.1	328.8
36.2	316.3
36.8	316.5
36.5	379.1
35.8	463.3
35.8	427.3
35.8	471.4
36.2	490.8
36.0	389.4
36.4	392.1
35.6	345.6
35.7	340.1
35.7	260.1
35.4	266.5
35.3	236.8
35.6	206.9
34.9	86.5
34.9	124.1
34.7	149.7
34.7	181.8
35.0	275.7
34.5	212.4
34.7	295.0
34.4	296.5
34.3	293.3
34.2	372.5
34.5	362.5
34.0	372.5
34.0	362.6
33.9	318.5
33.9	355.0
33.9	309.1
33.9	284.4
33.8	235.6
33.7	170.0
33.7	198.7
33.7	187.8
33.8	134.9
33.5	104.6
33.5	44.0
33.7	76.2
33.3	85.1
33.5	108.6
33.4	116.6
33.2	182.4
33.0	198.1
32.9	182.3
32.9	263.6
32.8	181.6
32.6	160.4
32.4	219.7
32.3	230.3
32.4	186.0
32.3	213.7
32.2	176.2
32.4	154.4
32.1	130.7
32.1	144.3
32.0	119.0
32.1	87.0
32.1	77.5
37.4	64.4
36.7	105.9
37.0	120.2
37.2	165.8
36.5	155.1
36.5	196.1
36.8	212.1
37.4	180.6
36.8	144.2
37.4	119.4
37.7	182.0
37.3	27.5
36.9	69.6
36.8	99.2
37.3	202.7
37.2	286.3
37.1	456.5
37.0	490.3
36.5	443.2
36.5	392.5
36.9	360.7
36.8	508.8
37.4	533.7
37.7	426.6
37.8	447.6
36.2	354.6
36.5	361.8
36.4	292.7
36.3	295.5
36.2	256.9
37.0	161.8
36.3	11.4
35.6	44.3
35.6	51.5
35.4	111.9
36.4	136.7
36.3	217.3
35.9	226.4
35.8	305.0
34.9	287.5
35.5	273.6
35.5	308.9
36.2	327.6
35.9	301.8
35.1	308.4
34.8	204.3
35.1	229.5
35.0	300.9
34.5	205.9
34.9	195.7
34.9	171.0
34.4	169.1
34.5	155.6
34.2	109.9
34.5	48.7
34.6	85.3
34.2	75.5
34.2	86.4
34.2	99.8
33.9	115.4
34.0	155.0
33.9	173.0
33.6	173.6
33.6	148.6
33.7	122.5
33.4	172.0
33.5	190.3
33.2	158.7
33.1	139.8
33.2	132.2
33.1	135.0
33.3	128.2
32.9	163.4
33.0	90.4
33.1	112.6
33.1	34.0
33.0	64.0
32.9	95.4
32.9	75.7
32.8	109.7
32.8	152.0
32.7	152.7
32.6	185.3
32.5	163.1
32.4	99.8
32.5	153.0
32.3	139.5
32.3	124.9
32.0	133.2
32.0	76.0
32.2	93.6
31.9	98.3
31.9	72.0
31.9	105.3
32.0	69.2
31.8	68.0
36.5	61.9
37.0	62.4
36.8	125.2
37.6	113.0
37.1	212.4
37.3	315.6
37.1	257.0
36.7	237.3
36.6	189.3
36.8	288.2
36.9	226.6
37.1	207.3
36.3	248.0
37.9	151.0
36.8	45.7
37.3	79.9
36.9	108.4
36.3	183.5
36.4	233.0
36.6	232.3
35.8	268.1
36.8	232.8
36.1	254.9
35.7	271.9
35.9	218.8
37.2	399.1
36.4	373.4
35.7	188.4
36.0	124.3
35.4	160.8
35.8	214.7
35.7	198.0
35.2	149.3
35.2	168.5
35.2	135.9
35.0	90.0
36.6	60.6
36.9	96.6
37.6	147.8
36.6	218.1
37.5	252.1
37.1	205.3
37.3	113.0
36.7	92.7
37.0	249.2
38.2	247.0
36.8	277.2
36.7	203.9
37.0	236.0
37.7	50.1
36.9	264.5
37.5	312.0
36.9	278.7
36.2	358.3
37.0	289.9
36.3	186.7
37.4	150.2
36.1	142.2
36.2	199.6
37.1	221.6
37.0	151.3
36.8	183.4
36.7	230.0
36.6	169.2
35.8	116.2
35.8	99.2
35.6	136.0
36.0	156.4
36.1	152.5
36.2	156.7
35.5	148.2
36.4	150.3
36.1	153.3
35.3	160.1
35.5	213.6
35.7	205.1
36.4	121.4
35.7	153.1
36.3	110.8
36.0	146.3
35.7	116.5
35.6	90.7
35.4	130.7
36.0	146.5
35.7	144.0
35.6	35.1
35.7	42.6
35.4	112.9
35.4	141.6
34.9	189.4
35.1	199.3
35.0	207.1
35.1	227.2
35.4	216.3
34.7	221.7
34.6	221.3
34.6	221.9
34.6	175.6
34.4	190.9
34.2	182.4
34.7	103.6
34.1	116.3
34.3	150.9
34.1	123.4
33.8	82.8
34.2	60.9
34.1	85.5
34.1	146.7
33.9	110.8
34.0	146.9
33.9	156.1
33.8	133.7
33.8	197.7
33.6	217.5
33.4	209.6
33.4	195.1
33.4	172.6
33.4	195.6
33.3	177.7
33.2	218.8
32.9	178.0
33.0	176.8
32.9	174.0
32.8	134.5
32.7	131.1
32.9	110.6
32.7	112.7
32.7	55.8
32.6	70.5
32.5	194.8
32.4	197.2
32.3	150.1
32.3	178.2
32.3	124.7
32.3	149.7
32.1	156.7
32.0	114.8
32.1	185.6
32.0	151.2
31.8	90.4
32.1	109.9
31.8	125.7
31.8	75.5
31.7	74.4
31.6	73.1
31.6	73.0
31.6	101.4
31.4	72.0
31.5	57.1
31.4	75.6
31.4	88.9
31.4	101.7
31.3	108.2
31.3	115.1
31.2	134.9
31.2	125.7
31.0	121.8
31.2	171.6
31.0	174.8
31.0	157.7
31.0	181.5
31.0	162.8
31.0	187.7
31.0	165.9
30.9	152.6
31.0	128.5
31.0	131.4
30.9	138.2
31.0	92.8
31.0	122.2
31.1	88.5
31.0	67.6
31.1	35.0
31.0	54.5
30.9	61.3
30.9	56.1
31.0	97.7
30.9	83.1
30.9	115.6
30.8	124.7
30.8	121.2
30.8	129.4
30.7	103.8
30.9	133.9
30.8	125.0
30.8	168.9
30.8	106.6
30.9	174.9
30.9	148.8
30.9	142.5
30.8	123.8
30.8	127.7
30.9	82.2
30.9	74.7
30.9	34.9
30.9	51.7
30.9	78.9
30.8	69.9
30.8	81.6
30.8	132.5
30.7	125.0
30.7	117.7
30.7	117.8
30.7	150.9
30.7	125.6
30.7	146.9
30.6	112.6
30.7	141.8
30.7	128.0
30.6	143.2
30.7	146.0
30.7	140.5
30.6	88.6
30.7	57.7
30.7	66.5
30.7	84.6
30.7	64.5
30.7	42.8
30.7	50.4
30.7	84.2
30.7	63.6
30.7	66.8
30.7	42.9
30.7	83.5
30.7	76.7
30.7	86.2
30.6	98.7
30.6	89.5
30.6	100.8
30.6	105.9
30.6	93.0
30.6	77.6
30.6	80.6
30.6	91.7
30.6	58.1
30.6	70.8
30.7	29.6
30.7	57.1
30.7	80.7
30.6	77.4
30.6	78.2
30.6	93.2
30.6	93.1
30.6	89.9
30.5	91.9
30.5	102.9
30.6	112.9
30.6	134.9
30.5	124.1
30.5	146.7
30.6	154.8
30.5	126.0
30.5	153.0
30.5	197.8
30.5	119.6
30.5	144.8
30.5	90.6
30.6	112.6
30.5	89.7
30.6	62.1
30.7	37.1
30.6	80.4
30.6	106.0
30.6	83.7
30.6	77.4
30.5	139.8
30.5	96.5
30.5	136.1
30.5	128.9
30.4	165.1
30.5	142.0
30.5	169.8
30.5	121.4
30.4	143.3
30.5	122.5
30.5	126.2
30.4	136.4
30.5	118.0
30.4	121.6
30.4	117.6
30.5	67.9
30.5	56.0
30.6	74.9
30.5	71.5
30.5	99.4
30.5	99.3
30.4	104.2
30.4	103.0
30.4	94.2
30.4	122.4
30.4	115.0
30.4	162.5
30.4	150.4
30.4	165.8
30.3	157.0
30.3	169.3
30.3	167.4
30.3	148.5
30.3	175.5
30.3	162.8
30.3	131.3
30.3	137.8
30.3	112.2
30.4	85.6
30.4	79.7
30.4	73.7
30.4	52.5
30.4	77.2
30.4	91.4
30.4	120.7
30.3	132.1
30.3	139.4
30.3	128.7
30.3	152.9
30.3	147.9
30.3	126.6
30.2	134.9
30.2	112.4
30.2	160.1
30.2	177.1
30.2	166.5
30.2	160.8
30.2	170.0
30.2	120.6
30.2	136.8
30.2	124.4
30.2	137.8
30.2	132.9
30.3	88.3
30.3	50.2
30.3	73.6
30.3	79.7
30.3	106.3
30.3	104.5
30.2	133.7
30.2	137.8
30.2	134.7
30.2	184.6
30.2	124.1
30.2	156.2
30.2	143.1
30.2	190.9
30.1	170.8
30.2	127.2
30.2	115.2
30.2	129.6
30.2	135.7
30.2	143.3
30.2	145.1
30.2	82.2
30.2	109.3
30.2	118.6
30.2	65.4
30.4	68.4
30.3	112.6
30.3	169.7
30.3	120.3
30.3	136.7
30.3	152.5
30.3	194.3
30.3	78.4
30.3	80.0
30.4	125.9
30.3	187.9
30.3	176.2
30.3	276.5
30.3	220.9
30.3	244.6
30.3	208.6
30.3	257.3
30.3	237.2
30.3	241.8
30.3	257.8
30.3	168.1
30.4	145.1
30.3	124.9
30.3	110.5
30.4	65.3
30.4	84.0
30.3	100.9
30.3	155.3
30.3	143.1
30.3	135.1
30.3	253.9
30.3	206.9
30.2	252.5
30.2	204.5
30.2	249.7
30.2	285.7
30.2	230.1
30.2	224.3
30.2	210.7
30.2	210.3
30.2	198.5
30.2	229.2
30.2	236.9
30.2	169.0
30.2	156.5
30.2	143.0
30.2	105.4
30.3	78.2
30.3	103.2
30.2	82.2
30.2	138.1
30.2	125.0
30.2	158.1
30.2	113.2
30.1	165.4
30.1	168.1
30.1	174.6
30.1	187.6
30.1	163.6
30.1	187.5
30.1	165.0
30.1	156.0
30.1	231.8
30.1	169.8
30.1	149.9
30.1	142.3
30.1	130.7
30.1	106.8
30.1	102.5
30.1	127.1
30.2	93.6
30.2	45.9
30.2	71.5
30.1	101.6
30.1	98.1
30.1	117.3
30.1	122.0
30.1	141.8
30.1	145.5
30.1	161.9
30.1	151.3
30.0	199.2
30.1	201.6
30.1	169.2
30.1	161.6
30.1	187.8
30.1	199.9
30.0	138.9
30.1	154.0
30.0	137.7
30.1	114.0
30.2	49.2
31.9	74.6
31.9	85.5
31.9	78.1
32.0	93.5
31.8	246.2
31.9	355.8
31.9	411.4
31.8	544.5
31.8	395.7
31.8	381.1
31.8	382.9
31.8	327.9
31.8	294.2
31.8	319.4
31.9	199.9
31.8	188.5
31.8	53.3
31.8	83.7
31.7	114.0
31.7	195.5
31.6	173.4
31.7	254.1
31.5	377.0
31.6	264.5
31.4	319.6
31.3	286.8
31.3	342.8
31.2	343.3
31.2	329.5
31.1	275.5
31.0	313.5
31.0	286.3
30.9	250.4
31.0	195.4
30.9	203.3
30.9	212.0
30.8	154.5
30.8	159.2
30.8	62.3
30.7	107.1
30.7	140.8
30.7	178.2
30.7	145.9
30.6	172.2
30.6	217.4
30.6	236.4
30.6	249.2
30.5	280.6
30.5	212.8
30.4	298.0
30.4	268.3
30.4	225.0
30.4	211.7
30.4	223.2
30.4	207.5
30.4	173.6
30.4	134.8
30.4	181.6
30.4	171.0
30.4	134.9
30.4	78.5
30.4	77.2
30.5	107.9
30.4	136.8
30.4	181.6
30.3	196.1
30.4	124.4
30.3	209.2
30.3	177.1
30.2	233.5
30.2	214.1
30.2	218.5
30.2	219.9
30.2	245.4
30.2	196.5
30.2	189.3
30.2	217.2
30.2	205.0
30.2	145.6
30.2	141.8
30.2	170.7
30.2	126.0
30.3	65.1
30.3	111.6
30.2	123.6
30.3	122.3
30.2	171.5
30.2	156.7
30.2	209.6
30.2	237.1
30.1	265.4
30.1	224.8
30.1	228.8
30.1	233.6
30.1	206.7
30.1	182.3
30.1	195.7
30.1	192.5
30.1	197.4
30.1	170.9
30.1	124.4
30.1	177.2
30.1	197.3
30.1	82.3
30.2	52.1
30.1	140.5
30.1	128.5
30.1	160.5
30.1	244.1
30.1	350.7
30.0	263.2
30.0	325.4
30.0	226.2
30.0	188.0
30.0	237.2
30.0	216.0
30.0	293.3
30.0	188.1
30.0	186.9
30.0	135.2
30.0	123.4
30.0	140.7
30.1	56.2
30.1	71.3
30.1	109.0
30.1	128.9
30.1	178.4
30.0	144.5
30.0	170.2
30.0	193.1
30.0	255.5
30.0	270.3
30.0	217.3
29.9	213.4
29.9	227.4
29.9	185.1
29.9	313.0
30.0	278.0
29.9	189.0
29.9	261.8
29.9	177.2
30.0	206.4
29.9	147.4
29.9	143.3
30.0	108.8
30.0	89.1
30.0	55.5
30.0	73.1
30.0	100.4
30.0	128.9
30.0	176.3
30.0	399.0
29.9	219.5
30.0	242.5
30.0	258.8
29.9	289.0
29.9	246.8
30.0	173.3
30.0	179.0
30.0	196.1
30.0	168.1
29.9	129.3
30.0	85.5
30.0	69.2
30.0	72.0
30.0	124.4
30.0	230.1
30.0	189.0
29.9	226.6
29.9	258.1
29.9	250.9
29.9	262.6
29.9	235.1
29.9	272.0
29.9	352.2
29.9	331.2
29.9	269.6
29.9	244.1
29.9	285.3
29.9	287.6
29.9	291.4
29.9	254.5
29.9	282.8
29.9	184.8
29.9	175.4
29.9	101.2
29.9	67.9
29.9	79.0
29.9	116.7
29.9	118.6
29.9	186.0
29.9	186.5
29.9	201.4
29.9	220.0
29.9	293.1
29.8	321.9
29.8	346.4
29.8	324.0
29.8	349.1
29.8	361.2
29.8	314.6
29.9	319.0
29.8	287.9
29.8	254.9
29.8	291.4
29.8	239.0
29.9	222.2
29.9	202.7
29.9	134.9
29.9	116.7
29.9	66.1
29.9	136.2
29.9	141.2
29.9	156.1
29.9	174.0
29.8	275.0
29.8	264.2
29.8	301.5
29.8	300.7
29.8	311.3
29.8	327.4
29.8	359.6
29.8	331.4
29.8	291.4
29.8	352.3
29.8	304.9
29.8	319.7
29.8	338.6
29.8	372.1
29.8	277.7
29.8	284.2
29.8	199.2
29.8	118.6
29.8	113.6
33.0	154.4
33.4	203.4
33.2	290.2
33.4	339.1
33.4	263.8
33.4	353.2
33.2	352.5
33.3	382.1
33.3	359.6
33.2	315.1
33.1	249.2
33.4	235.5
33.3	115.5
33.4	96.7
37.5	42.2
37.1	30.8
37.4	92.0
36.9	79.6
37.3	126.1
36.5	121.1
37.3	117.9
37.6	57.9
35.9	109.9
37.1	131.7
36.5	134.7
36.5	178.4
37.8	180.2
36.9	143.4
36.3	149.4
36.6	271.3
36.4	83.7
35.9	77.8
36.6	168.1
37.2	138.1
36.7	246.6
37.8	297.7
36.9	259.8
37.1	285.3
37.9	356.4
37.3	316.4
37.4	179.9
37.1	186.2
37.2	258.7
36.7	219.7
36.4	226.0
36.5	222.6
37.5	226.3
36.5	76.4
36.0	80.7
36.0	136.6
37.1	169.2
35.6	251.0
34.9	227.4
35.7	307.0
36.9	328.5
36.8	432.2
35.6	466.1
35.6	386.6
35.7	523.3
36.6	508.7
35.3	471.8
35.5	488.2
35.0	379.4
35.2	355.8
34.6	298.0
35.3	369.9
35.0	426.4
34.9	309.8
34.7	266.7
34.6	144.3
34.5	106.8
34.3	47.5
34.4	109.2
34.4	136.3
34.3	136.1
34.5	249.2
34.0	298.0
34.0	303.4
34.1	395.5
34.2	308.8
34.3	347.4
34.0	356.9
33.7	350.3
34.1	359.5
33.7	353.1
33.5	372.3
33.7	453.9
33.6	416.7
33.4	423.3
33.4	357.3
33.2	320.1
33.4	222.3
33.2	209.4
33.4	168.4
32.9	105.8
32.9	91.3
32.8	168.3
32.7	250.7
32.6	298.4
32.6	219.0
32.7	176.1
32.6	241.5
32.5	290.8
32.3	365.7
32.3	344.3
32.3	302.7
32.3	310.8
32.3	287.3
32.1	264.1
32.2	182.2
32.2	149.5
37.4	64.1
36.7	174.6
37.4	139.0
37.4	174.7
37.1	331.3
37.9	257.1
37.1	291.7
37.0	156.3
37.4	112.7
36.4	48.3
37.3	88.1
37.9	76.0
36.7	101.3
37.2	118.9
37.2	135.7
36.6	133.9
36.8	182.5
37.3	326.3
36.8	214.3
36.4	348.1
36.2	446.4
36.7	379.8
37.1	451.5
36.0	455.8
36.6	457.5
38.2	409.1
36.6	351.4
37.0	300.9
36.3	235.9
36.7	141.2
37.1	46.6
36.4	75.1
36.0	102.6
35.6	142.5
36.5	182.7
35.7	297.5
35.5	338.8
36.1	371.0
35.7	299.4
36.1	360.6
35.8	382.5
35.7	522.0
35.2	395.4
35.5	471.6
35.1	408.6
35.4	453.3
35.1	401.6
34.4	372.0
34.5	405.5
34.8	249.5
34.5	187.3
34.7	97.6
34.8	90.4
34.6	44.3
34.4	105.0
34.2	107.0
34.5	150.2
34.6	260.6
34.7	232.5
34.1	313.9
34.1	388.3
34.3	402.2
34.0	385.8
34.2	419.4
33.9	448.2
34.0	526.6
33.9	435.0
33.8	488.3
34.1	410.1
33.7	379.8
33.5	415.2
33.3	335.7
33.7	250.6
33.3	262.7
33.2	142.8
33.4	101.8
32.9	26.1
33.2	82.8
33.1	106.7
33.0	163.8
33.2	221.1
33.1	258.3
33.1	272.0
33.0	220.9
32.8	245.5
32.8	290.2
32.7	233.9
32.8	376.4
32.6	427.3
32.5	374.2
32.6	535.7
32.4	373.4
32.4	380.0
32.3	235.1
32.3	136.5
32.2	94.4
32.3	101.3
32.0	72.1
32.1	101.9
32.0	175.4
32.0	166.2
31.9	176.8
31.9	195.0
31.9	227.2
31.9	223.2
31.8	299.4
31.9	281.4
31.7	368.5
31.7	311.5
31.6	313.5
31.6	360.4
31.5	388.3
31.6	339.3
31.4	362.8
31.4	321.8
31.3	313.3
31.3	248.7
31.2	224.2
37.5	62.3
36.1	133.4
37.5	128.0
37.3	129.1
36.4	150.8
36.9	266.7
36.0	255.5
36.9	409.1
36.6	351.3
36.8	315.7
35.9	460.0
36.9	429.4
36.1	411.3
36.6	496.7
36.0	502.5
35.7	501.9
36.9	229.2
36.6	228.3
36.2	194.6
35.6	237.6
36.3	197.3
36.4	106.1
35.2	33.7
35.1	75.5
35.1	136.1
34.7	199.0
35.0	241.0
35.3	323.0
34.8	347.5
34.6	405.2
35.4	448.4
35.4	408.9
34.6	369.6
34.7	358.1
34.9	234.6
34.4	288.1
34.6	388.3
34.5	488.8
34.5	275.7
34.6	257.9
34.1	292.0
34.0	162.0
34.0	144.1
33.9	156.3
33.9	47.6
33.8	45.0
33.7	85.9
33.8	155.8
33.8	263.7
33.7	188.3
33.8	146.3
33.5	307.8
33.7	367.6
33.7	343.6
33.6	387.6
33.4	179.9
33.1	182.9
33.3	344.3
33.2	364.3
33.0	403.0
33.2	247.9
33.3	289.3
32.9	269.1
33.1	196.4
33.0	131.9
33.2	77.2
32.7	66.5
33.0	143.4
32.7	190.0
32.7	217.7
32.6	318.4
32.8	268.0
32.6	358.2
32.5	306.2
32.4	442.0
32.6	295.2
32.4	303.1
32.4	105.4
32.2	64.5
32.3	97.0
32.2	59.3
32.3	44.9
32.3	153.6
36.7	186.2
36.7	267.5
35.6	322.2
37.2	380.8
36.2	362.4
37.1	408.6
37.7	419.3
37.2	421.6
37.4	453.7
36.9	439.6
37.5	434.2
36.2	361.5
37.0	311.9
36.8	243.1
36.8	23.9
37.5	48.1
37.0	130.2
36.7	91.8
36.8	190.1
36.7	258.9
36.7	221.8
37.2	206.1
36.0	257.9
36.7	276.7
37.1	302.5
36.7	276.7
36.6	386.2
36.6	377.7
36.3	194.2
36.7	40.6
36.7	75.6
37.3	115.6
36.7	162.9
37.2	176.0
36.7	236.7
36.3	268.7
36.7	338.1
36.2	398.6
35.5	550.2
36.5	525.5
37.0	563.6
36.6	535.6
36.4	514.3
35.5	504.9
36.1	473.4
37.1	501.8
36.1	412.7
35.4	379.0
37.1	319.6
36.0	228.4
36.2	190.8
36.0	167.4
35.7	108.7
35.7	140.7
35.7	199.8
35.9	213.7
35.8	308.1
35.5	305.0
35.1	446.7
35.3	375.6
35.4	376.2
35.7	406.9
35.8	467.2
35.9	507.7
35.1	351.1
34.7	354.6
35.2	332.5
35.5	371.9
34.8	398.8
35.2	343.8
35.3	226.0
35.3	191.6
35.0	140.0
34.5	119.0
34.6	99.7
34.3	144.5
34.7	220.2
34.2	292.7
34.2	294.4
34.4	301.2
34.0	267.1
33.8	467.6
34.0	490.5
34.0	408.6
33.8	466.4
33.9	510.2
33.9	364.5
33.8	504.0
33.8	388.5
33.2	366.6
33.4	267.6
33.6	218.5
33.4	187.0
33.3	147.7
33.5	94.9
33.4	84.5
33.1	67.5
33.0	110.8
33.0	170.4
33.1	192.5
33.1	252.4
33.0	251.4
32.9	220.2
33.0	272.6
32.9	287.3
32.6	310.1
32.7	238.8
32.8	375.5
32.7	353.8
32.4	388.2
32.6	331.6
32.5	314.9
32.3	254.4
32.1	261.6
32.3	159.8
32.3	163.5
32.3	141.2
32.0	51.9
32.1	69.1
32.1	91.1
32.0	198.9
32.0	198.4
31.9	245.7
31.6	267.1
31.9	287.4
31.9	322.9
31.9	302.8
31.8	391.4
31.5	86.2
36.6	69.6
37.0	107.6
36.5	151.2
36.8	210.1
37.2	204.9
35.7	193.1
37.3	173.1
36.9	235.0
36.9	235.3
37.3	307.6
35.9	182.8
37.2	285.5
36.6	215.0
36.1	296.4
37.0	268.0
36.9	207.4
36.3	268.9
36.6	268.3
37.2	242.1
36.9	212.0
36.5	162.3
35.9	113.2
35.8	103.3
36.9	172.3
36.1	189.0
36.4	212.4
36.5	286.5
36.5	330.1
35.7	320.5
35.6	324.3
35.9	306.1
35.6	390.1
36.3	351.3
36.0	365.9
35.5	467.3
35.4	276.3
35.9	376.3
35.4	228.0
34.6	413.2
35.5	333.2
34.7	232.1
35.7	147.6
34.8	45.6
35.1	36.6
34.7	89.2
34.9	128.7
35.1	275.4
34.8	207.7
34.8	346.7
35.1	373.6
34.6	342.8
34.7	494.6
34.7	354.4
34.1	433.4
34.8	395.7
34.2	529.4
34.4	462.7
33.8	349.6
34.1	508.5
34.2	333.7
34.0	288.3
34.1	259.4
33.7	178.2
33.8	167.5
33.9	105.6
33.8	57.3
33.7	119.1
33.5	186.1
33.4	183.7
33.6	218.0
33.4	245.2
33.4	298.8
33.4	259.3
33.3	340.4
33.3	193.7
33.1	360.3
33.2	318.4
33.0	361.1
32.8	389.9
33.0	356.3
32.9	347.6
32.9	222.7
32.7	157.9
32.6	182.2
32.8	121.3
32.6	118.6
32.7	89.7
32.4	55.8
32.4	125.9
32.4	199.6
32.3	225.4
32.5	229.1
32.3	315.5
32.1	266.3
32.2	314.4
32.2	399.2
32.1	383.0
32.0	494.4
32.0	381.9
31.7	331.9
31.8	249.6
31.6	160.9
31.6	289.4
31.8	310.4
31.6	389.3
31.5	205.5
31.5	181.9
31.5	104.7
31.4	97.3
31.3	81.6
31.4	35.1
31.2	159.0
31.2	182.9
31.3	264.1
31.2	207.4
31.2	302.1
31.1	297.6
31.1	394.2
31.0	359.7
31.1	529.4
30.9	438.7
31.0	673.5
30.9	355.7
30.8	491.4
30.8	262.2
30.8	342.9
30.8	253.1
30.8	198.2
30.8	152.7
30.8	109.9
30.8	57.8
36.1	306.9
36.9	339.5
37.0	374.3
37.1	275.5
37.4	166.4
36.3	252.5
36.5	165.9
37.5	185.9
36.0	83.4
36.5	86.9
37.0	122.9
36.5	147.9
37.0	299.8
36.4	354.9
36.6	368.5
36.7	514.4
37.0	463.5
37.3	467.2
36.9	504.2
36.2	563.6
36.7	520.0
36.5	507.6
36.6	441.4
37.2	492.6
36.9	445.1
36.6	377.0
36.6	303.3
35.8	307.1
36.6	206.9
35.3	63.1
35.8	108.9
35.3	203.0
36.3	247.0
35.4	274.5
35.4	306.6
35.5	367.2
35.8	358.3
35.6	455.6
36.5	473.5
35.6	421.7
35.7	234.9
35.6	331.4
35.8	379.3
34.6	416.9
34.8	342.7
34.7	299.1
35.5	315.9
35.1	272.0
35.1	211.1
35.0	190.0
35.2	92.6
37.2	59.4
36.3	84.9
37.2	220.6
36.3	196.4
36.3	181.5
36.8	120.5
37.4	33.0
36.6	67.4
36.5	122.0
36.5	130.6
35.4	171.6
36.8	244.9
35.7	270.6
35.9	304.5
36.3	339.9
36.3	458.5
36.0	388.8
35.5	367.4
36.4	398.0
37.2	435.8
36.5	402.2
36.7	409.9
36.8	397.1
35.5	340.3
37.4	320.4
36.1	241.5
34.9	93.6
36.2	153.4
35.7	203.0
35.8	227.7
35.3	259.8
35.3	319.8
35.8	355.8
35.7	385.0
35.7	460.1
35.2	476.5
35.2	459.6
35.7	423.2
34.6	486.0
35.5	485.2
35.8	388.9
35.4	392.1
35.2	337.1
35.4	388.7
34.8	278.6
35.1	245.0
34.9	181.6
34.7	76.5
34.2	138.6
34.5	237.0
34.3	248.4
34.3	303.7
34.3	331.1
34.2	354.5
34.2	465.0
34.4	420.7
33.9	423.0
34.1	480.2
33.7	474.2
34.1	402.3
34.1	314.9
33.7	317.1
33.8	132.5
33.6	179.5
33.7	295.4
33.8	165.9
33.9	111.2
33.4	53.1
33.6	85.5
33.6	147.5
33.5	200.3
33.5	226.1
33.3	331.0
33.4	231.4
33.4	312.7
33.0	339.1
33.3	320.2
33.2	331.1
33.0	336.2
33.2	411.9
32.9	380.5
32.8	392.5
33.1	425.5
33.0	422.6
32.9	445.6
33.0	292.6
33.2	205.9
33.0	144.9
32.5	75.8
32.5	118.3
32.5	158.7
32.6	200.9
32.3	273.9
32.4	268.0
32.5	383.1
32.3	423.8
32.3	405.2
32.4	431.8
32.1	407.5
32.2	462.2
32.1	429.3
32.1	452.6
32.0	309.6
32.0	400.4
31.9	245.9
32.0	246.9
32.0	188.2
32.0	190.5
32.0	167.3
31.7	52.4
31.6	86.7
31.6	140.4
31.5	253.7
31.6	272.1
31.5	368.9
31.5	432.7
31.4	365.4
31.4	426.9
31.4	515.7
31.3	322.5
31.3	619.9
31.2	323.8
31.3	430.1
31.3	442.3
31.1	359.4
31.1	430.4
31.1	346.9
31.1	210.7
31.0	155.3
31.1	108.6
31.2	28.6
31.1	79.9
31.1	105.7
31.1	227.0
31.1	169.5
31.0	278.6
31.0	248.2
31.0	185.4
31.0	312.9
31.0	307.3
31.0	152.2
31.0	122.7
31.0	140.1
30.9	119.4
31.0	148.1
30.9	154.3
31.2	110.9
31.2	158.2
31.2	173.0
31.2	221.6
31.3	256.9
31.1	340.4
31.2	346.1
31.2	288.4
31.1	244.0
31.1	325.5
31.1	336.5
31.1	361.5
31.1	372.2
31.0	367.3
31.0	348.8
30.9	339.0
31.0	267.6
31.0	238.6
31.0	142.1
31.0	110.5
35.7	93.7
35.7	120.1
35.7	156.2
35.7	196.6
35.7	207.8
35.6	274.0
35.6	299.0
35.6	311.3
35.5	342.0
35.5	330.1
35.4	338.5
35.4	303.9
35.3	294.5
35.3	300.4
35.3	258.2
35.2	255.7
35.2	195.6
35.2	206.3
35.2	141.3
35.1	105.0
35.2	87.6
35.2	121.9
35.2	143.8
35.1	114.8
35.1	127.1
35.1	206.3
35.1	279.6
35.1	300.9
35.0	312.4
35.0	309.0
34.9	361.0
34.9	299.1
34.9	362.5
34.9	338.1
34.9	255.4
34.8	276.7
34.8	200.9
34.8	198.2
34.8	138.5
34.8	95.0
34.9	102.5
34.9	135.9
34.9	178.5
34.9	184.9
34.9	263.7
34.8	243.1
34.8	328.9
34.8	278.0
34.8	299.4
34.7	251.1
34.7	296.0
34.7	326.1
34.7	270.6
34.8	137.5
34.8	234.2
34.8	234.9
34.8	292.9
34.8	273.0
34.7	272.0
34.7	277.2
34.7	307.9
34.7	210.3
34.6	165.3
34.6	172.4
34.6	214.5
34.6	234.5
34.6	142.1
34.6	172.7
34.6	151.3
34.6	138.8
34.6	80.8
34.6	114.7
34.6	126.6
34.6	161.0
34.6	185.7
34.6	224.2
34.6	233.5
34.6	222.0
34.5	257.7
34.5	265.1
34.5	231.1
34.5	255.0
34.5	250.2
34.5	223.5
34.5	162.8
34.5	218.3
34.4	217.0
34.4	145.1
34.4	137.0
34.4	108.7
34.5	97.5
34.5	122.7
34.5	146.8
34.5	176.5
34.5	193.6
34.5	213.2
34.5	265.9
34.5	265.8
34.4	252.7
34.4	275.7
34.4	275.5
34.4	297.8
34.4	258.9
34.4	266.2
34.3	233.2
34.3	220.4
34.3	192.5
34.3	159.1
34.3	133.0
34.3	108.8
34.4	69.2
34.4	112.6
34.4	145.5
34.4	168.6
34.4	188.8
34.4	218.4
34.3	284.1
34.3	242.1
34.3	308.0
34.3	329.8
34.2	288.5
34.2	279.1
34.2	318.9
34.2	287.9
34.2	325.2
34.1	266.6
34.1	196.2
34.1	165.1
34.1	126.4
34.2	71.2
34.2	103.2
34.2	100.6
34.2	119.3
34.2	115.8
34.2	184.9
34.2	209.1
34.2	269.1
34.2	301.1
34.1	316.8
34.1	310.9
34.1	254.2
34.1	230.7
34.0	258.7
34.0	251.1
34.0	87.8
34.1	54.0
34.1	85.1
34.1	84.7
34.1	77.2
34.1	82.7
34.1	95.4
34.1	120.9
34.1	231.6
34.1	178.5
34.1	134.5
34.1	148.5
34.1	147.7
34.1	72.4
34.1	100.9
34.1	55.8
34.1	115.8
34.1	76.5
34.1	62.9
34.1	192.4
34.1	234.4
34.1	178.8
34.1	200.6
34.1	309.3
34.0	255.3
34.0	248.0
34.0	310.0
34.0	257.5
34.0	179.8
34.0	134.2
34.0	128.3
34.0	135.6
34.0	133.6
33.9	113.2
34.0	53.6
34.0	93.2
34.0	127.5
34.0	171.9
34.0	195.8
34.0	267.4
34.0	222.7
34.0	284.7
33.9	286.6
33.9	330.3
33.9	288.7
33.9	363.5
33.9	372.4
33.8	281.1
33.8	214.5
33.8	239.3
33.8	155.7
33.8	166.5
33.8	116.8
33.9	81.0
33.9	94.8
33.9	136.1
33.9	113.9
33.9	171.0
33.9	157.1
33.8	144.4
33.8	247.1
33.8	246.0
33.7	265.5
33.7	237.1
33.7	284.8
33.7	243.2
33.7	261.0
33.7	262.8
33.6	263.7
33.6	193.4
33.6	154.9
33.6	132.9
33.7	65.8
33.7	99.1
33.7	121.4
33.7	161.7
33.7	178.3
33.7	239.6
33.6	216.8
33.6	246.7
33.6	252.5
33.6	265.8
33.6	240.9
33.5	241.8
33.5	268.5
33.5	235.0
33.5	217.0
33.5	186.6
33.5	154.2
33.5	136.9
33.5	105.6
33.7	170.8
33.7	129.3
33.6	115.2
33.6	133.3
33.6	131.7
33.8	58.2
33.8	84.8
33.8	107.3
33.8	117.7
33.8	146.5
33.8	168.0
33.8	207.9
33.7	212.5
33.7	218.3
33.7	244.5
33.7	214.1
33.6	243.8
33.6	202.3
33.6	201.5
33.6	204.4
33.6	105.9
33.6	95.6
33.6	77.9
33.6	85.0
33.8	73.8
33.8	74.9
33.8	107.5
33.8	100.0
33.8	93.5
33.8	106.3
33.7	114.4
33.7	81.1
33.7	77.0
33.7	74.9
33.7	90.4
33.8	61.7
33.8	87.2
33.8	97.8
33.8	139.1
33.8	151.5
33.8	194.9
33.7	195.4
33.7	207.7
33.7	187.9
33.6	217.4
33.6	232.6
33.6	184.3
33.6	201.3
33.5	202.9
33.5	178.0
33.5	152.3
33.5	149.7
33.5	148.9
33.5	105.2
47.4	49.9
46.0	106.5
45.6	77.8
45.4	123.2
45.2	66.0
45.2	115.7
45.2	91.8
45.4	100.3
45.5	69.5
45.5	147.9
45.6	104.2
45.7	117.5
45.7	74.6
46.2	2.3
46.2	140.2
46.2	131.0
46.2	140.9
46.2	145.9
46.2	169.1
46.2	180.1
46.2	231.4
46.2	225.3
46.2	226.1
46.2	247.8
46.1	228.7
46.1	233.9
46.0	176.7
45.9	192.0
45.9	177.1
45.8	126.0
45.7	122.6
45.4	84.5
45.3	109.8
45.3	120.2
45.2	154.2
45.1	179.4
45.0	186.1
44.8	184.8
44.7	206.1
44.6	197.5
44.4	216.1
44.3	204.3
44.2	188.6
44.1	172.0
43.9	193.7
43.8	169.6
43.7	132.3
43.5	147.6
42.5	68.3
42.5	89.4
42.4	103.4
42.3	132.9
42.2	134.8
42.1	113.9
42.0	115.1
41.9	130.5
41.9	92.9
41.8	110.8
41.7	103.8
41.7	111.8
41.6	132.9
41.5	128.1
41.4	153.9
41.3	119.3
41.2	108.5
41.1	69.0
40.3	51.3
40.3	89.4
40.3	116.6
40.2	119.7
40.1	149.6
40.0	189.1
39.9	181.8
39.8	158.3
39.7	125.6
39.7	191.7
39.6	182.7
39.5	222.5
39.4	177.9
39.3	137.3
39.3	102.8
39.2	95.0
38.5	57.4
38.4	106.8
38.4	162.1
38.3	133.5
38.3	72.1
38.2	98.7
38.2	141.5
38.1	136.9
38.1	184.5
38.0	191.4
38.0	224.9
37.9	197.6
37.8	93.8
37.8	135.3
37.4	52.5
37.4	48.9
37.4	72.2
37.3	120.3
37.3	168.1
37.2	148.8
37.2	146.5
37.1	203.8
37.1	125.5
37.1	86.2
48.8	142.2
48.3	71.8
48.4	99.1
48.1	114.0
47.9	60.5
47.9	135.3
47.5	149.1
47.5	138.7
46.3	95.6
46.4	122.3
46.2	125.3
46.1	188.5
45.9	181.0
45.6	176.7
45.4	159.6
45.4	218.3
45.3	76.3
45.3	154.3
45.5	110.8
45.5	93.0
45.5	81.3
45.6	87.4
45.5	157.2
45.5	158.0
45.4	170.6
45.3	134.6
45.5	71.6
45.5	91.6
45.6	98.7
45.6	101.9
45.6	140.7
45.7	148.1
45.8	146.3
45.8	171.3
45.9	184.7
45.9	194.5
46.0	111.7
46.0	184.8
46.0	146.9
46.0	162.8
46.1	88.0
36.4	51.4
36.5	72.5
37.0	93.7
36.5	96.1
36.4	71.4
36.8	81.4
36.6	98.9
37.0	102.6
36.7	102.9
36.0	111.4
35.8	111.0
36.4	73.7
36.0	118.8
36.6	94.6
36.6	83.7
36.7	70.0
35.6	59.6
35.8	75.3
36.3	93.8
35.5	116.1
35.6	108.7
35.1	105.1
35.7	84.8
36.2	81.1
36.1	84.5
36.2	135.3
36.0	95.5
36.1	98.3
35.8	88.0
35.5	87.3
36.2	67.0
35.7	75.6
35.6	62.6
35.5	38.5
35.0	51.1
35.6	74.9
35.4	80.2
35.6	66.5
34.9	81.2
36.1	87.3
35.7	60.3
35.3	92.1
36.0	102.5
35.1	89.4
35.1	99.2
35.8	85.8
35.5	89.3
35.4	82.5
36.0	59.1
35.3	61.3
35.1	61.5
35.0	111.8
34.8	66.7
35.0	58.5
34.7	45.1
35.2	42.8
35.1	84.2
35.0	51.0
34.9	78.9
35.1	77.7
34.8	83.6
35.1	84.5
35.0	81.4
34.9	63.4
34.5	62.5
34.8	58.5
34.6	39.7
34.7	57.8
34.6	122.5
34.9	68.1
34.8	74.6
34.8	62.2
34.8	110.3
34.8	70.0
34.7	79.5
34.4	90.0
34.4	95.4
34.2	122.6
34.3	92.2
34.5	107.4
34.4	93.0
34.2	88.8
34.5	60.1
34.2	57.2
34.5	59.0
34.2	48.3
34.4	65.7
34.5	65.1
34.4	79.3
34.5	67.0
34.1	64.0
34.2	68.0
34.3	74.4
34.2	91.8
34.0	71.2
34.1	97.8
34.3	83.2
34.0	68.3
34.0	66.8
34.0	55.3
34.1	62.6
34.0	47.0
34.1	50.7
34.0	60.8
34.0	59.8
33.9	67.9
33.8	68.0
34.0	66.5
33.7	60.8
33.6	85.7
33.7	87.3
33.6	94.1
33.8	91.3
33.6	83.5
33.6	91.4
33.7	85.5
33.5	66.2
33.6	56.5
34.0	30.8
33.6	44.2
33.4	48.7
33.4	50.3
33.3	59.9
33.4	49.5
33.5	71.1
33.2	79.9
33.3	83.2
33.5	108.9
33.1	68.8
33.1	81.3
33.2	76.7
33.2	59.1
33.2	68.1
33.2	52.3
33.2	30.6
33.1	35.1
33.3	45.2
33.2	77.7
33.1	72.6
32.8	69.7
33.2	62.7
33.0	73.3
32.9	104.6
32.9	94.2
32.9	70.9
32.9	57.4
33.1	78.9
32.8	70.8
32.9	69.6
32.7	66.5
32.8	39.9
32.8	38.2
32.7	38.2
32.9	48.5
32.7	79.9
32.5	74.7
32.7	58.5
32.6	67.8
32.6	56.7
32.6	77.6
32.5	103.2
32.4	91.3
32.5	65.9
32.6	74.0
32.4	68.9
32.5	55.8
32.6	54.3
32.6	41.0
32.5	38.9
32.4	50.1
32.4	54.6
32.6	60.0
32.2	60.3
32.4	50.4
32.4	63.4
32.4	67.5
32.1	60.7
32.1	67.5
32.2	62.9
32.0	49.2
32.1	32.6
32.1	34.3
32.2	37.9
32.2	35.4
32.2	30.4
32.2	40.2
32.1	49.3
32.1	51.2
32.0	55.8
32.1	57.6
31.9	53.5
32.0	76.1
32.0	51.2
32.0	57.6
31.9	92.0
31.9	51.2
31.9	65.7
31.8	96.3
31.9	74.2
31.8	61.8
31.8	62.3
37.3	70.6
36.7	90.5
37.3	120.3
36.6	186.9
35.9	228.4
37.0	228.8
36.4	253.9
36.9	213.9
37.0	207.4
37.3	178.8
36.5	160.8
37.2	173.6
37.4	164.2
36.7	146.2
37.4	112.3
37.1	112.1
36.6	66.7
36.5	71.6
36.9	88.8
36.7	105.8
36.8	124.7
37.9	126.2
35.6	132.1
36.2	149.9
37.2	154.3
36.7	137.2
36.2	168.0
36.7	131.9
36.5	150.1
37.4	123.2
36.8	139.6
36.5	111.7
37.0	66.2
37.9	115.8
35.9	134.4
36.5	161.6
36.8	153.0
36.6	169.2
36.5	119.4
36.8	147.7
37.4	158.3
36.9	135.6
36.9	55.1
36.8	80.8
36.7	86.8
37.1	89.9
37.2	107.7
36.5	110.2
36.3	103.3
37.0	106.3
37.3	114.1
37.1	122.4
36.1	94.2
37.1	108.3
37.2	103.8
36.5	114.8
36.5	67.2
37.0	51.4
37.8	70.7
36.4	75.1
37.7	57.6
35.9	57.9
37.4	35.8
37.4	53.4
36.5	43.2
36.2	43.7
36.3	42.8
37.4	24.9
37.2	117.9
36.8	66.4
37.0	81.8
37.5	56.3
37.2	110.1
37.2	108.8
37.3	46.9
38.6	74.4
38.0	94.6
37.3	85.8
37.3	103.1
37.4	113.8
36.7	127.2
36.8	129.4
37.4	96.7
36.8	112.9
37.4	99.5
37.5	96.9
37.6	94.7
37.4	70.6
37.6	80.4
36.2	63.0
36.3	27.9
36.1	63.3
36.4	93.0
36.6	87.3
36.6	105.9
37.3	86.0
36.2	90.9
36.2	75.7
37.3	96.3
37.3	83.0
36.9	76.1
36.9	81.9
36.6	66.0
36.6	67.1
36.5	63.4
36.9	138.7
36.9	88.4
37.4	87.5
37.1	98.1
36.4	71.5
36.6	60.7
37.1	64.4
37.2	73.9
36.3	67.1
36.9	73.2
36.7	92.2
36.9	84.5
37.1	83.8
36.5	82.7
36.8	58.1
37.6	28.8
37.7	67.6
36.5	108.3
37.8	110.7
37.4	188.7
36.5	185.6
37.4	212.0
38.4	176.9
36.3	196.5
37.1	191.8
37.8	168.5
36.9	139.1
36.9	131.9
37.0	110.1
37.7	117.5
36.5	69.8
37.4	45.1
37.0	54.4
37.1	50.6
37.7	24.2
37.3	43.8
36.7	31.1
37.5	162.9
36.4	146.0
36.2	127.5
37.4	116.0
36.8	93.8
37.4	95.5
36.8	112.8
36.4	110.0
37.4	86.0
37.1	105.0
37.0	97.3
37.5	87.2
37.0	73.6
38.0	58.3
37.2	76.8
36.6	70.0
36.9	46.0
36.4	46.4
36.8	44.1
37.2	58.5
36.7	67.5
37.1	69.0
35.6	94.2
37.1	100.1
37.2	93.8
37.7	96.8
37.0	93.4
37.2	97.2
36.7	77.6
36.4	102.9
36.9	67.9
37.3	78.2
37.9	67.0
36.8	47.2
36.9	56.8
37.4	71.6
36.6	87.7
36.6	68.4
37.1	104.2
37.0	112.5
37.5	124.1
36.3	91.3
37.3	86.1
35.8	83.2
36.3	73.9
36.9	76.4
36.7	70.8
36.3	68.3
37.1	71.4
37.0	59.5
36.3	80.2
36.3	76.1
37.0	71.8
36.5	79.4
36.5	68.6
36.7	67.3
36.3	79.1
37.7	101.6
37.7	110.9
36.8	104.8
36.9	133.3
36.3	146.2
36.7	152.7
37.2	158.4
36.5	163.1
37.3	97.6
37.0	92.4
36.7	78.8
45.2	52.1
45.2	59.7
45.2	59.0
45.2	59.0
45.3	54.4
45.3	55.6
45.3	57.0
45.3	64.0
45.3	66.1
45.4	60.8
45.4	50.0
45.4	48.5
45.4	37.8
45.4	26.1
45.7	38.1
45.7	45.1
45.7	35.6
45.7	39.4
45.8	26.1
45.8	36.6
45.8	37.1
45.8	37.2
45.8	30.4
45.9	34.8
45.9	50.7
45.9	27.4
45.5	51.0
45.5	87.0
45.5	95.7
45.5	103.1
45.5	85.5
45.5	68.1
45.5	89.6
45.5	63.7
45.6	73.1
45.6	66.7
45.6	60.9
45.6	57.3
45.6	41.9
45.6	28.3
45.6	30.4
45.6	35.4
45.6	41.9
45.7	51.5
45.7	42.7
45.7	40.6
45.7	41.4
45.7	47.9
45.8	53.2
45.8	40.4
45.8	38.9
45.8	37.3
45.8	29.0
45.9	19.8
46.0	29.1
46.0	31.2
46.0	23.7
46.0	25.1
46.0	22.6
46.9	81.8
46.8	141.0
46.7	88.5
46.7	60.1
46.7	93.5
46.8	105.4
45.2	36.6
45.2	38.1
45.2	45.7
45.2	48.0
45.2	41.2
45.2	43.7
45.2	31.5
45.2	44.6
45.3	39.5
45.3	43.7
45.3	37.1
45.3	45.9
45.3	45.3
45.3	46.7
45.3	39.6
45.4	40.9
45.4	42.3
45.4	43.9
45.4	32.8
45.6	37.9
45.6	40.0
45.6	30.7
45.6	41.9
45.6	40.1
45.6	40.1
45.6	55.5
45.6	36.1
45.7	39.0
45.7	32.0
45.7	45.5
45.7	42.1
45.8	30.6
46.0	26.7
46.0	23.7
46.0	42.1
46.0	48.7
46.0	22.0
46.2	52.2
46.2	70.0
46.2	46.0
46.2	43.9
46.2	40.1
46.2	27.7
46.2	39.5
46.2	29.4
46.2	46.6
46.2	35.2
46.2	39.0
46.2	22.8
46.2	26.9
46.2	33.4
46.2	32.1
46.2	30.2
46.2	31.3
46.2	29.4
46.2	34.4
46.2	33.2
46.2	29.4
46.2	39.7
46.2	23.1
46.2	16.0
46.2	16.2
46.2	22.6
46.2	29.0
46.2	22.6
46.1	24.8
46.1	25.4
46.1	24.7
46.1	27.9
46.1	21.6
46.1	20.3
46.1	21.4
45.9	16.1
45.9	19.0
45.9	25.9
45.9	25.4
45.9	25.0
45.9	32.4
45.9	25.6
45.9	31.0
45.9	30.0
45.8	30.9
45.8	30.7
45.8	27.0
45.7	24.9
45.6	16.0
45.5	14.5
45.5	20.0
45.5	28.4
45.5	19.0
45.5	20.4
45.5	20.8
45.4	13.6
45.4	15.9
45.4	11.1
45.5	25.6
45.5	38.7
45.5	31.9
45.5	66.4
45.5	74.8
45.6	68.7
45.6	73.0
45.6	62.2
45.6	46.7
45.6	44.6
45.6	30.1
45.6	32.5
45.8	22.8
45.8	31.0
45.9	28.6
45.9	35.3
45.9	31.5
45.9	29.2
45.9	32.4
45.9	24.9
45.9	22.6
45.9	21.3
45.9	21.6
45.3	28.5
45.3	33.2
45.3	38.5
45.3	28.6
45.3	26.9
45.3	39.2
45.3	33.1
45.2	26.3
45.2	31.1
45.3	28.9
45.3	32.0
45.3	28.3
45.5	24.4
45.5	23.7
45.5	26.0
45.5	27.2
45.5	27.2
45.5	26.5
45.5	17.8
45.5	16.7
45.5	18.1
45.5	16.8
45.5	14.3
37.2	46.4
36.6	46.4
36.5	71.6
37.0	86.8
37.9	118.8
37.4	121.7
36.6	84.3
37.1	64.1
37.2	51.0
36.7	54.8
36.9	72.2
36.6	70.9
36.5	70.6
36.8	93.1
36.4	76.3
36.5	83.3
36.6	74.4
36.9	62.4
36.8	65.3
36.8	61.8
36.9	59.6
36.5	58.6
37.2	64.1
36.4	66.1
35.9	74.1
37.0	65.7
36.7	73.8
37.3	63.9
37.5	89.4
37.8	118.4
36.1	134.8
36.8	126.3
36.9	105.5
37.0	127.6
37.3	160.9
37.1	159.9
37.9	160.2
36.9	157.3
37.6	113.5
37.5	35.8
36.5	40.5
37.2	52.2
36.2	46.8
37.5	54.8
36.7	44.6
37.1	57.1
37.1	63.0
37.0	56.1
37.0	83.8
36.9	77.7
36.0	70.8
36.5	81.4
34.7	58.2
34.8	62.2
34.9	64.3
34.9	66.7
35.0	76.4
35.0	85.5
35.0	95.0
35.0	84.5
35.0	83.3
34.9	75.6
34.5	29.9
34.7	44.6
34.7	41.4
34.8	52.7
34.8	52.5
34.8	66.6
34.8	65.2
34.8	71.2
34.8	58.2
34.9	51.9
35.0	51.5
34.8	28.0
35.0	35.1
35.0	36.4
35.1	47.0
35.1	48.7
35.1	63.7
35.1	43.7
35.1	52.8
35.1	62.0
35.1	59.3
35.0	15.4
37.1	63.6
36.5	60.2
37.0	44.9
37.2	56.1
36.8	58.6
36.8	80.0
36.9	97.7
36.8	85.3
36.5	97.2
36.7	103.1
36.9	90.7
37.2	16.1
36.5	23.7
36.6	33.6
37.4	42.3
36.5	42.3
36.7	58.6
36.5	49.7
37.1	31.9
37.0	55.2
37.2	114.6
36.9	114.4
36.9	112.7
36.2	134.6
36.3	123.7
36.0	159.2
36.5	138.1
36.8	25.5
37.7	26.2
36.9	55.2
37.2	56.8
36.6	107.1
36.6	85.5
36.7	107.0
37.2	94.2
37.3	91.8
37.2	69.9
36.1	11.5
37.3	20.7
36.8	23.5
37.1	43.6
37.4	56.5
36.8	63.2
37.3	85.4
36.8	90.2
37.1	93.4
37.2	85.9
37.0	96.7
36.9	68.7
36.5	53.3
37.0	44.3
36.7	73.4
36.4	87.8
36.5	90.2
37.1	121.0
36.7	126.1
36.6	147.2
37.3	138.8
36.3	124.9
36.9	125.3
36.6	119.2
36.7	67.6
36.3	26.1
36.7	34.7
36.8	52.5
36.4	71.3
36.6	87.0
37.0	88.6
36.5	91.5
36.8	114.5
36.7	110.8
36.7	90.3
36.3	98.7
36.4	59.9
37.7	81.0
37.5	45.2
37.2	44.5
37.1	47.7
36.8	57.1
37.1	59.1
37.1	57.3
37.0	49.8
37.0	43.4
35.4	19.7
35.3	37.2
35.4	47.3
35.2	67.2
35.5	86.4
35.4	95.7
36.0	105.7
35.5	128.7
36.2	129.0
35.9	125.1
36.2	103.6
35.5	95.9
36.7	101.2
36.0	158.0
35.6	168.9
36.2	182.2
36.6	108.2
37.3	90.6
37.1	91.0
34.8	81.3
34.9	80.1
34.9	80.3
33.9	41.0
33.7	50.0
33.6	55.5
33.5	71.7
33.6	81.9
33.7	77.8
33.8	87.5
33.8	79.6
33.9	67.2
34.0	76.2
34.1	85.5
31.9	30.2
31.9	55.6
31.9	62.9
32.0	64.3
32.0	66.1
32.1	74.9
32.1	85.2
32.1	88.7
32.2	71.9
32.3	30.2
32.2	33.2
32.2	51.1
32.3	54.9
32.2	38.0
32.3	69.0
32.3	81.2
32.3	61.8
32.4	85.0
32.4	51.7
32.4	50.4
32.5	39.7
35.1	13.0
35.1	28.7
35.1	48.0
35.1	67.8
35.1	76.6
35.1	86.3
35.1	73.1
35.2	57.2
35.2	57.0
35.3	51.4
35.3	37.6
35.2	56.6
36.6	40.4
36.0	48.1
36.5	54.4
37.3	69.1
36.5	70.7
36.5	85.9
36.4	100.4
36.6	97.6
36.6	104.0
37.3	92.7
36.7	76.7
37.0	50.0
35.4	11.2
35.4	30.0
35.6	8.3
35.6	33.1
35.6	51.5
36.3	54.4
36.1	44.3
35.4	60.1
35.5	53.8
35.8	47.3
35.7	31.2
35.1	43.2
35.1	50.6
35.1	49.0
35.1	87.2
35.1	111.1
35.1	119.0
35.0	108.4
35.0	89.6
35.0	88.7
34.9	23.8
35.0	38.8
35.0	47.8
35.0	55.7
35.0	71.3
35.0	86.6
35.0	71.7
35.1	93.8
35.2	79.5
35.4	66.0
35.1	65.2
35.2	51.7
35.3	11.9
35.6	25.0
35.5	37.2
35.7	39.8
35.7	63.7
35.3	72.7
35.1	98.1
35.1	108.2
35.5	78.1
35.4	84.8
35.5	82.1
35.6	52.1
35.0	38.4
35.1	53.2
35.2	64.2
35.1	74.4
35.4	89.2
35.4	116.9
35.7	120.6
35.6	132.3
35.8	109.3
35.5	94.7
35.5	83.5
36.1	18.3
35.9	17.3
36.0	25.8
35.5	22.0
35.2	27.4
35.2	21.6
35.1	21.2
35.1	12.6
35.3	19.7
35.7	20.6
36.1	25.2
36.9	16.0
36.8	36.5
36.4	48.1
36.5	58.5
36.3	81.8
36.4	79.9
36.6	106.4
36.5	163.9
37.7	133.7
37.1	133.3
36.5	121.5
37.3	108.2
37.4	77.6
37.1	67.4
37.4	29.0
36.4	29.2
37.2	42.3
36.7	39.5
36.3	59.6
37.3	81.9
37.5	99.2
37.5	87.5
37.4	70.3
36.4	45.0
37.3	65.2
36.5	84.5
36.7	114.9
36.3	111.7
36.0	95.3
37.1	100.9
37.3	77.7
36.9	78.1
37.3	61.5
36.7	35.5
37.4	26.3
36.1	43.3
36.6	61.7
36.3	81.9
36.3	76.3
36.3	117.9
36.9	115.9
36.9	172.5
36.6	133.1
36.6	97.1
36.4	89.8
36.6	85.7
37.1	15.1
37.7	28.1
35.9	22.9
36.7	48.5
36.9	44.1
36.6	33.4
36.4	23.5
36.3	37.0
36.1	33.1
36.6	56.8
35.9	54.8
37.0	52.7
36.3	51.0
36.5	48.4
36.4	52.7
36.7	55.8
36.2	77.3
37.1	90.0
37.0	76.8
37.2	69.1
35.9	68.8
36.4	72.4
36.3	75.3
36.2	66.5
35.8	12.2
36.2	21.2
36.2	30.2
36.7	65.5
37.1	76.9
35.8	121.3
37.2	128.1
36.5	172.1
35.7	159.2
36.1	137.9
36.9	142.2
36.7	109.4
36.7	95.4
36.2	19.2
36.5	25.7
36.1	99.1
36.3	38.0
36.3	59.9
36.6	65.2
36.5	90.7
36.0	125.3
36.2	124.1
36.5	126.8
35.8	134.7
36.3	112.8
36.1	138.5
35.7	152.1
35.8	96.7
36.2	112.7
36.2	101.3
35.7	17.1
36.3	28.3
35.8	47.7
35.5	48.9
35.7	85.7
35.6	114.9
35.6	123.5
35.3	127.6
35.4	142.0
35.8	164.0
35.4	117.8
35.8	141.9
35.7	123.0
35.7	136.5
35.6	89.5
36.2	75.6
35.2	60.0
35.1	79.1
35.2	86.7
35.1	96.6
35.2	106.3
35.2	105.0
35.1	116.9
35.3	117.4
35.2	99.5
35.4	107.3
31.9	68.8
31.9	68.7
31.8	91.2
31.8	104.8
31.8	113.0
31.8	139.3
31.8	138.2
31.9	163.1
31.9	145.6
31.9	113.2
31.9	115.2
31.9	113.0
31.9	94.7
32.0	83.4
31.5	35.5
31.6	39.0
31.5	40.1
31.5	51.2
31.5	39.3
31.5	44.9
31.6	38.1
31.7	26.6
31.7	33.2
31.7	26.5
32.3	8.4
32.3	29.9
32.3	44.7
32.3	37.5
32.3	29.3
32.4	39.8
32.5	30.0
32.4	33.0
36.6	9.4
36.4	47.2
36.8	138.3
36.7	126.3
36.8	156.3
37.5	220.0
36.6	221.0
37.3	159.5
36.9	108.8
38.0	224.9
36.7	233.5
37.2	201.2
37.1	168.4
37.3	150.1
37.6	169.4
35.7	11.2
36.6	18.2
35.8	36.3
36.1	64.2
36.6	73.0
35.7	96.2
36.8	103.6
35.4	100.4
36.7	125.4
36.0	171.4
37.3	164.5
36.6	154.4
37.1	114.8
37.7	123.1
36.3	135.2
37.0	26.7
37.1	53.1
36.4	77.1
36.5	112.8
37.3	137.0
36.5	168.6
36.9	179.2
36.6	197.7
36.7	171.1
37.0	239.5
36.8	172.5
36.0	209.5
36.2	173.8
36.6	103.8
37.0	88.7
35.9	11.6
35.6	33.2
36.5	73.1
36.0	75.5
36.2	130.5
36.0	160.6
35.6	147.2
36.0	149.9
35.7	186.6
35.7	160.8
36.3	185.0
36.0	152.4
36.4	159.1
35.9	99.0
36.6	118.1
36.6	86.1
36.3	25.0
35.6	45.2
35.8	63.4
35.6	79.4
35.6	104.1
35.6	105.9
35.8	126.5
35.4	132.3
35.4	172.6
35.4	130.8
35.6	141.8
35.4	162.5
35.2	122.6
35.4	112.2
35.5	72.8
36.4	1.4
37.2	14.9
37.4	61.9
36.7	71.8
36.8	3.8
36.6	24.4
37.4	55.6
37.0	54.7
36.2	79.1
36.2	43.1
36.3	66.7
35.7	50.4
35.6	84.1
35.7	98.7
37.2	113.3
38.1	116.2
37.5	126.5
37.7	116.0
37.6	114.0
37.2	98.7
36.0	75.2
36.6	78.3
36.5	91.5
36.5	118.1
36.7	134.5
37.4	146.5
36.9	172.9
36.6	168.8
36.5	174.6
37.1	202.1
37.3	185.9
37.1	151.6
35.9	163.3
37.4	142.8
36.9	141.9
36.2	30.3
36.7	52.1
36.1	62.8
37.1	52.3
36.8	55.0
36.2	100.7
35.6	119.7
36.1	63.0
36.2	70.0
36.0	77.6
37.2	91.8
36.9	75.6
36.3	82.1
36.7	108.0
35.5	92.2
35.2	117.5
35.3	106.3
35.2	108.5
35.5	75.4
35.2	56.6
35.6	74.1
35.5	80.6
34.9	49.3
35.1	65.6
35.1	70.9
35.3	86.5
35.2	106.1
35.5	116.4
35.6	149.5
35.8	152.9
35.4	149.5
35.3	200.0
35.0	18.3
35.0	37.2
35.1	57.6
35.2	68.2
35.4	74.4
35.1	72.3
35.1	95.9
35.1	176.4
35.4	171.2
35.4	119.3
35.3	146.8
35.4	166.8
35.4	157.2
35.6	197.4
35.5	162.4
35.3	153.4
35.6	119.4
35.1	36.9
35.1	56.6
35.2	79.5
35.5	107.2
35.1	132.0
35.1	182.0
35.4	207.3
35.1	252.2
34.8	94.4
34.7	108.0
34.7	102.9
34.7	130.3
34.6	77.5
34.5	129.9
36.0	78.3
36.2	95.8
36.9	144.4
35.9	199.7
35.6	248.6
35.4	258.7
36.8	233.0
35.3	227.8
36.2	282.7
36.1	293.7
36.2	250.2
36.1	264.4
36.1	303.6
36.6	245.2
35.9	230.8
35.4	64.1
35.5	83.3
35.8	101.5
35.3	122.0
35.4	142.2
35.4	158.6
35.7	157.9
35.8	193.2
35.4	193.7
35.6	214.5
35.9	197.0
35.7	230.5
35.4	186.4
35.3	174.1
35.1	143.7
35.3	115.4
35.7	97.6
35.6	82.5
35.0	36.5
35.1	40.2
35.3	66.1
35.1	57.0
35.4	97.3
36.5	92.6
35.6	103.7
36.2	112.3
36.1	128.9
35.0	104.7
35.0	133.0
34.9	138.1
35.0	132.4
35.1	137.9
34.9	138.8
35.0	109.0
35.0	91.5
34.8	77.2
35.0	21.0
35.1	40.0
35.1	63.4
35.1	74.7
34.9	85.1
34.9	71.3
34.9	78.2
34.9	97.5
34.6	87.2
34.8	71.2
34.8	68.0
34.7	99.1
34.7	85.5
34.6	84.9
35.7	83.8
35.0	72.5
35.4	41.5
35.9	56.6
37.0	81.9
37.1	111.4
36.8	111.8
37.8	103.3
36.9	74.4
37.6	75.3
37.7	80.6
37.0	108.8
37.0	98.4
37.1	99.4
36.5	103.4
36.8	22.1
37.0	73.9
37.0	118.4
37.0	150.6
36.3	254.3
37.0	232.4
36.8	297.9
36.9	245.2
37.6	333.9
36.6	337.7
36.6	351.7
36.1	255.9
37.7	312.2
36.8	299.5
37.7	157.0
37.1	230.1
36.8	159.1
36.5	105.5
37.0	12.9
36.4	50.4
36.9	100.8
36.9	129.6
36.6	169.6
36.9	168.3
37.1	215.8
37.3	219.1
36.1	228.0
37.4	217.5
36.5	233.5
36.7	189.6
36.0	189.0
35.9	124.8
36.3	114.8
37.3	110.2
37.2	104.0
35.8	70.0
36.5	21.6
36.5	32.2
36.8	46.5
37.2	76.4
36.0	116.9
36.2	117.9
36.1	115.4
35.5	155.6
37.4	128.8
36.3	119.5
36.6	132.5
36.9	93.9
36.6	100.1
36.8	107.2
35.9	99.7
37.1	86.6
36.3	65.9
37.1	67.3
36.8	14.3
37.1	44.9
36.2	51.8
37.2	83.0
36.4	73.0
36.2	88.3
36.7	88.7
35.8	74.1
36.6	101.4
36.5	80.2
36.5	95.2
35.9	74.4
36.1	86.9
35.9	71.6
37.4	76.6
36.4	84.5
36.2	55.4
36.5	65.7
37.1	17.6
36.1	32.6
36.7	41.7
35.7	67.9
35.3	67.5
35.8	78.5
35.9	81.2
36.8	92.4
36.6	93.6
36.5	83.1
36.3	101.5
36.3	106.2
35.8	93.4
36.1	114.5
35.8	87.1
36.1	76.6
36.3	71.8
36.4	59.4
36.2	51.2
35.7	2.0
36.1	20.5
35.8	42.4
36.0	50.6
35.4	44.8
35.6	67.2
35.9	86.6
35.9	46.7
36.3	63.5
36.1	66.4
35.4	107.7
35.5	95.0
35.6	85.4
35.6	61.2
35.4	74.6
36.4	62.6
35.2	56.8
36.1	37.9
35.4	24.4
36.6	242.0
38.0	273.8
37.2	229.4
37.4	191.6
37.2	183.0
37.0	170.3
37.1	55.8
38.0	85.3
37.1	144.2
37.4	159.8
37.5	153.6
37.3	176.9
37.1	165.9
36.5	227.5
35.8	190.2
36.9	161.0
36.9	156.0
36.4	148.0
36.7	112.0
36.4	94.7
36.9	91.7
37.0	82.0
37.4	60.3
36.8	36.6
36.1	51.8
37.8	65.6
35.9	72.0
36.6	78.2
37.2	93.2
36.1	80.3
36.4	89.6
35.8	95.1
37.4	76.8
36.9	77.6
37.0	68.7
37.6	53.5
37.0	60.9
36.2	61.0
36.5	54.1
36.8	36.3
36.7	43.8
36.6	19.0
36.0	43.4
35.3	30.0
36.4	51.6
35.6	54.0
35.2	75.0
35.4	59.3
36.0	85.6
35.5	75.7
36.1	84.6
36.5	81.0
34.9	67.8
36.0	71.7
35.6	12.6
36.2	46.5
36.5	55.4
35.6	37.5
37.8	21.3
36.5	38.2
36.7	61.4
36.6	86.9
38.0	95.6
37.0	105.3
37.3	108.1
37.6	110.0
37.4	171.3
37.0	97.0
37.6	56.3
37.1	69.1
37.0	53.5
36.9	42.4
36.6	71.3
36.9	86.3
37.8	102.5
36.9	109.2
36.9	56.4
37.5	66.9
36.6	107.2
36.7	116.7
36.3	148.5
36.9	110.4
37.4	116.9
37.5	160.6
36.7	123.5
37.5	36.7
36.4	47.3
36.4	101.6
36.7	165.2
36.3	236.2
36.3	236.2
36.6	271.1
36.6	263.1
37.2	374.7
35.8	311.5
36.8	263.8
36.2	278.0
35.8	273.6
37.4	263.4
36.3	317.2
36.9	265.9
37.1	184.3
36.4	176.8
37.6	137.2
36.3	88.6
36.2	85.8
36.3	140.9
36.0	162.8
35.8	164.5
36.2	193.8
36.3	231.6
36.4	229.7
36.6	173.7
36.5	145.6
36.5	145.0
36.7	131.4
36.3	113.9
37.0	109.8
36.6	73.8
36.5	64.7
35.9	73.2
36.3	80.4
35.1	96.3
35.9	89.3
35.5	87.6
35.7	103.6
35.2	97.4
35.3	100.0
35.0	97.7
35.4	107.7
36.5	88.7
35.9	95.0
35.4	127.7
35.6	113.5
35.7	113.2
35.8	83.5
35.6	91.5
35.2	63.0
34.8	72.7
34.9	73.1
34.9	97.0
34.9	105.4
34.9	111.6
34.8	108.0
35.0	100.8
34.7	104.2
35.6	86.5
34.8	88.7
34.7	110.5
34.5	100.9
34.6	87.1
34.8	96.9
34.6	86.3
35.0	61.5
34.8	60.8
34.9	45.1
35.0	32.9
34.5	37.7
34.4	39.6
34.6	52.3
34.4	46.9
34.3	56.0
34.2	57.0
34.2	61.5
34.3	67.9
34.2	82.2
34.2	59.9
34.4	63.4
34.4	44.8
34.3	51.0
34.2	56.2
34.1	40.6
34.1	27.6
34.4	28.9
34.3	37.9
34.3	23.4
37.3	172.6
37.5	167.9
37.4	201.7
36.3	322.3
36.5	223.5
36.5	113.7
36.4	131.0
37.3	150.2
36.9	64.6
36.2	63.7
36.8	125.2
36.3	184.6
37.2	243.2
37.4	282.6
37.1	243.7
37.0	267.5
36.6	269.4
37.3	159.7
36.6	133.0
36.6	167.1
36.3	125.4
37.4	123.4
37.2	99.0
36.9	129.3
36.7	206.0
37.4	203.7
36.0	197.8
37.0	184.7
36.1	178.8
37.7	143.1
37.4	195.2
36.3	218.0
36.5	182.8
36.7	89.8
36.5	141.0
37.4	162.4
36.9	186.6
36.9	235.9
36.4	262.4
37.6	285.9
36.2	312.0
36.1	341.1
37.2	304.1
36.1	258.5
36.0	239.7
37.1	204.8
37.9	186.1
36.6	191.5
36.7	150.8
36.2	120.2
36.7	47.9
36.2	55.4
35.8	69.8
37.0	102.7
36.5	118.6
36.7	111.9
36.5	116.2
36.3	128.6
37.2	162.3
36.9	140.0
36.1	116.8
37.2	112.0
36.6	115.4
36.5	117.8
36.8	123.6
35.8	87.2
34.9	69.8
35.5	86.3
35.2	81.0
35.5	87.0
35.0	97.6
35.1	104.9
35.7	88.5
35.4	100.5
35.3	90.5
35.2	76.2
35.5	80.1
34.0	56.8
34.0	53.0
33.8	63.3
33.8	70.0
33.7	68.4
33.7	74.3
33.8	60.6
33.8	71.8
33.8	54.1
33.8	61.5
33.7	50.3
33.5	52.3
33.2	57.0
33.3	78.2
33.1	64.8
33.1	68.9
33.0	73.5
32.9	76.4
33.0	70.6
32.8	68.8
32.9	71.6
32.9	67.2
32.7	68.1
32.8	58.6
32.8	57.8
32.8	54.4
32.8	47.0
32.9	50.1
32.7	34.7
32.7	53.7
32.5	52.0
32.6	60.5
32.3	57.1
32.2	63.9
32.2	63.7
32.3	67.1
32.1	54.0
32.3	63.3
32.2	60.8
32.1	50.6
32.0	55.0
32.3	40.6
32.1	52.0
32.1	37.1
32.4	44.4
32.3	60.1
32.3	80.9
32.3	71.1
32.2	80.8
32.2	63.0
32.1	91.1
32.1	85.1
32.0	83.9
31.9	76.8
31.9	69.6
31.8	73.4
31.9	68.6
31.9	64.2
31.8	64.7
31.8	70.5
31.9	55.2
31.7	65.2
31.7	82.3
31.8	92.8
31.1	50.6
31.4	32.8
31.4	37.2
31.3	45.5
31.1	44.4
31.1	44.0
31.0	49.0
31.0	54.2
30.9	60.1
30.9	52.8
31.0	24.4
31.0	43.2
31.0	33.4
31.1	31.7
31.0	31.1
31.1	52.1
31.1	27.5
31.3	45.1
31.3	43.7
31.1	34.4
31.1	47.7
31.0	46.4
30.9	64.1
30.9	56.0
30.9	49.5
30.8	51.4
30.9	63.6
30.8	53.2
30.8	48.0
30.8	50.8
30.8	39.8
30.9	34.5
30.7	30.1
30.9	22.6
30.9	17.5
31.1	35.8
31.1	41.0
31.0	48.1
31.0	44.7
30.8	55.6
30.8	48.7
30.8	45.6
30.9	49.2
30.8	30.3
30.8	41.1
30.8	41.4
30.8	30.9
30.9	21.9
30.9	19.5
30.8	15.7
30.9	15.7
30.8	9.8
30.8	26.6
30.8	8.0
30.8	9.7
37.4	327.5
36.8	243.6
37.7	73.1
39.1	109.4
38.1	141.6
38.1	143.9
37.4	172.8
37.7	263.3
37.8	288.5
37.9	244.0
37.3	317.0
37.3	328.1
37.0	373.2
37.1	243.4
37.0	249.9
38.4	200.9
37.5	167.5
36.9	182.5
37.6	188.7
37.4	107.1
37.7	69.8
38.4	98.3
37.4	102.0
36.9	132.5
37.6	120.4
37.7	188.0
37.8	178.3
37.4	192.2
37.5	202.8
37.8	179.8
37.5	174.9
36.6	161.3
38.1	149.2
37.9	99.5
36.6	24.4
36.9	58.6
37.1	139.1
37.3	161.4
37.7	121.9
37.8	219.5
36.5	169.7
36.4	149.7
37.2	162.3
37.1	171.4
36.8	137.4
37.6	119.0
37.1	104.6
36.6	80.2
36.7	99.9
36.9	51.7
36.5	83.8
37.5	81.9
36.9	69.3
36.4	120.1
37.2	84.5
37.0	96.0
37.3	69.0
36.9	114.8
36.9	126.6
36.9	81.1
37.0	85.5
37.3	86.5
37.1	53.5
36.1	59.2
37.4	71.9
36.1	58.2
36.8	48.8
36.9	70.8
35.8	71.7
36.3	57.4
36.7	77.0
36.2	81.8
36.4	76.4
36.5	88.4
36.2	65.0
36.1	86.9
35.5	91.9
35.1	118.8
35.5	108.9
35.3	98.9
36.0	146.1
35.5	115.1
35.9	120.9
35.0	119.9
35.3	82.3
35.1	92.3
35.3	68.7
35.8	80.4
35.6	76.6
35.2	69.9
35.0	96.4
34.7	73.5
34.8	80.5
34.6	90.9
34.8	61.8
34.5	61.6
34.7	55.7
34.6	55.8
34.4	38.7
34.6	61.9
34.7	41.3
34.6	31.8
34.4	40.9
34.4	40.6
34.4	37.0
34.3	19.9
34.4	37.2
34.5	19.5
34.4	16.9
34.2	90.9
34.0	122.2
34.1	73.4
34.1	55.3
34.1	98.9
33.8	64.3
34.0	11.4
34.0	93.0
33.9	80.3
33.5	31.8
33.8	63.3
33.7	28.7
33.9	17.4
33.4	19.5
33.5	75.6
33.3	69.0
33.2	73.7
33.1	73.4
33.1	63.0
33.2	58.0
33.0	67.9
33.1	75.7
32.9	64.9
32.9	70.3
32.7	67.0
32.8	40.7
32.9	31.5
32.9	37.4
35.8	125.9
35.9	108.7
35.9	102.1
36.5	138.6
36.9	206.2
36.3	164.3
37.0	116.3
37.1	116.6
37.3	122.4
36.9	119.7
36.1	134.0
36.5	79.4
36.9	70.2
37.6	160.3
38.9	160.3
38.2	180.0
37.7	244.8
38.1	281.3
37.8	215.8
37.9	211.4
38.6	220.3
37.6	223.3
36.6	294.4
37.8	326.7
38.3	206.6
38.2	92.5
37.5	57.0
37.3	60.6
36.7	134.8
37.5	235.8
37.5	265.5
38.4	265.3
37.4	314.5
37.6	244.2
37.8	352.8
37.0	275.1
36.9	284.2
38.2	255.4
37.0	329.8
36.8	340.6
37.7	295.0
36.8	271.0
36.7	254.1
37.0	193.5
37.3	109.9
37.3	390.7
36.6	394.9
37.3	416.9
36.6	449.2
36.9	455.5
37.3	435.1
37.2	480.3
37.8	425.2
37.7	436.1
37.5	323.4
37.1	281.3
37.4	265.3
36.5	175.6
36.8	18.6
37.0	134.6
37.4	104.9
36.9	110.6
38.2	115.7
37.1	206.2
36.7	225.5
36.1	200.1
37.4	211.5
37.8	216.4
37.2	141.3
37.3	171.7
38.0	113.0
37.6	108.9
37.0	111.7
36.6	77.7
37.2	118.7
36.6	103.3
36.9	147.4
36.9	128.3
37.4	137.9
36.8	136.0
35.8	319.9
36.4	348.6
37.0	351.1
37.0	482.1
36.6	501.5
36.8	571.1
36.8	469.9
36.7	424.5
37.2	503.4
36.2	375.0
36.8	510.6
36.0	508.8
36.7	393.1
37.0	254.3
36.4	243.9
36.4	72.6
36.2	90.5
37.1	128.0
36.4	181.9
36.8	172.6
36.4	110.0
36.3	181.7
36.3	157.9
35.5	266.1
35.9	269.0
36.3	291.2
36.2	297.9
35.1	203.3
36.5	52.6
36.2	219.8
36.2	134.1
35.8	135.5
35.7	136.3
36.1	128.7
36.3	139.0
35.4	60.8
35.7	86.8
35.5	128.7
35.6	223.6
35.0	152.1
35.2	235.5
35.4	225.6
35.0	227.9
35.1	226.1
34.6	221.5
34.9	203.7
35.0	213.0
34.8	196.4
34.7	183.6
34.4	178.1
34.5	177.8
34.5	114.0
34.6	111.6
34.7	132.4
34.3	138.3
34.3	47.4
34.2	75.9
34.3	86.4
34.0	109.9
33.9	126.4
34.1	132.3
33.8	117.4
33.9	131.6
33.5	125.1
33.6	112.3
33.7	129.8
33.3	134.3
33.6	116.8
33.3	138.4
33.2	119.7
33.4	135.5
33.3	116.2
33.3	109.4
33.3	112.1
33.5	60.4
32.7	174.2
32.6	168.0
32.8	101.4
32.7	150.4
32.3	182.9
32.3	133.2
31.9	193.8
32.1	188.3
31.9	136.0
31.9	151.6
31.7	111.7
31.6	105.1
31.6	121.5
31.7	100.2
31.6	76.2
31.5	75.5
31.5	40.6
31.5	65.2
31.5	69.8
31.4	51.6
31.5	43.1
31.4	61.5
31.4	126.1
31.3	80.2
31.2	84.8
31.2	79.2
31.1	86.9
31.0	85.3
31.0	108.2
30.9	98.6
30.9	106.5
30.9	81.8
30.9	66.0
30.9	71.2
30.9	79.8
30.8	57.5
30.9	88.9
30.8	34.9
30.8	39.9
30.8	35.1
30.9	26.3
31.0	26.9
31.0	50.0
30.9	57.7
30.9	81.8
30.8	44.5
30.7	78.8
30.7	83.4
30.7	83.0
30.6	83.3
30.6	81.5
30.6	104.5
30.6	101.4
30.5	69.0
30.6	90.6
30.6	76.1
30.5	56.5
30.5	42.1
30.5	39.8
30.5	45.7
30.5	34.0
30.6	84.1
30.7	127.5
30.6	108.0
30.6	73.7
30.5	109.6
30.5	109.8
30.5	91.2
30.4	55.7
30.4	27.6
30.4	57.2
30.4	63.2
30.4	92.2
30.4	65.9
30.4	67.6
30.3	47.7
30.3	52.4
30.4	42.7
30.4	43.6
30.4	31.9
30.4	31.2
30.6	32.2
30.5	33.5
30.5	56.4
30.4	48.3
30.4	43.2
30.4	53.5
30.3	60.1
30.3	47.3
30.3	52.9
30.3	64.2
30.3	65.3
30.2	62.4
30.2	51.7
30.2	36.0
30.2	28.6
30.2	34.1
30.3	26.7
30.3	37.0
30.2	24.7
30.3	22.7
30.3	17.6
30.3	18.6
30.4	24.2
30.4	61.7
30.4	62.0
30.4	39.8
30.4	41.1
30.3	52.5
30.3	36.4
30.2	58.8
30.2	47.0
30.2	51.2
30.2	37.1
30.1	55.5
30.1	72.5
30.1	52.7
30.2	57.5
30.1	44.5
30.2	32.0
30.1	40.2
30.2	32.7
30.2	18.8
30.2	30.0
30.2	14.4
30.2	18.9
30.3	12.0
30.3	19.9
30.3	26.1
30.3	38.7
30.2	32.9
30.2	38.5
30.2	45.8
30.1	52.5
30.2	39.6
30.1	43.6
30.1	51.4
30.1	26.6
30.1	51.1
30.1	25.0
30.1	30.1
30.1	43.3
30.0	38.5
30.1	53.9
30.1	33.6
30.1	28.4
30.1	17.5
30.2	6.3
30.2	10.2
30.2	15.2
30.2	16.2
30.2	45.3
30.2	49.3
30.1	65.7
30.1	69.3
30.1	22.9
30.1	41.9
30.1	47.1
30.1	96.0
30.1	56.0
30.1	13.8
30.1	51.3
30.0	61.5
30.0	36.3
30.0	68.1
30.0	126.5
30.0	63.9
30.1	2.8
30.2	12.5
30.2	27.4
30.1	24.3
30.2	16.2
30.2	20.4
30.2	22.5
30.2	28.5
30.1	33.7
30.2	50.2
30.1	52.4
30.1	93.1
30.0	76.6
30.1	47.4
30.0	50.0
30.0	40.0
30.0	34.7
30.0	36.9
30.0	31.6
30.1	19.1
30.1	13.7
30.0	11.7
30.2	31.2
30.2	28.0
30.2	37.3
30.1	43.5
30.1	48.0
30.1	86.3
30.0	56.8
30.0	70.3
30.0	63.9
30.0	64.8
30.0	80.4
30.0	56.1
30.0	60.2
30.0	60.4
30.0	36.9
30.0	71.6
30.0	57.4
30.0	28.0
30.0	17.0
30.0	28.4
30.0	23.3
30.0	6.4
30.0	6.7
30.2	21.2
30.1	26.2
30.2	35.8
30.1	43.5
30.1	51.2
30.1	58.1
30.0	47.3
30.0	78.1
30.0	51.5
29.9	31.8
29.9	54.3
30.0	71.7
30.0	43.6
29.9	69.2
29.9	50.4
29.9	42.8
29.9	27.6
29.9	34.5
29.9	32.4
30.0	19.1
29.9	30.5
30.0	15.0
30.0	15.6
30.1	21.0
30.1	31.1
30.0	33.7
30.0	46.3
30.0	52.5
30.0	56.3
29.9	60.9
29.9	59.9
29.9	52.5
29.9	42.3
29.9	54.2
29.9	53.7
29.9	27.0
29.9	34.5
29.9	50.1
29.9	38.4
29.9	27.0
29.9	31.5
29.9	17.2
29.9	31.1
29.9	30.6
30.0	15.1
30.0	37.5
30.0	44.0
29.9	65.3
29.9	53.7
29.9	78.2
29.9	84.2
29.9	47.5
29.9	86.8
29.9	81.8
29.9	66.9
29.8	62.9
29.9	63.5
29.8	66.8
29.9	44.8
29.9	32.2
29.9	65.4
29.9	65.9
29.9	46.6
29.9	47.9
29.9	46.6
29.9	45.9
30.0	22.0
29.9	39.6
29.9	54.6
29.9	58.6
29.9	57.5
29.9	64.2
29.9	84.5
29.9	58.6
29.9	65.8
29.9	44.7
29.8	68.3
29.9	64.8
29.8	56.5
29.8	41.4
29.9	35.0
29.8	49.0
29.8	22.1
29.8	24.9
29.8	16.5
29.9	3.7
29.9	14.1
29.9	27.1
29.9	31.6
29.9	50.1
29.9	31.5
29.8	64.9
29.9	48.0
29.8	68.3
29.8	64.3
29.8	69.2
29.8	63.9
29.8	48.0
29.8	53.0
29.8	41.3
29.8	78.9
29.8	39.1
29.8	47.0
29.8	65.0
29.8	34.9
29.8	33.5
29.8	21.5
29.8	22.2
29.9	31.1
29.8	34.5
29.8	29.2
29.8	42.9
29.8	64.1
29.8	88.5
29.8	49.3
29.8	102.7
29.8	90.9
29.8	73.3
29.7	62.2
29.7	67.9
29.7	45.1
29.8	84.1
29.8	35.8
29.7	43.3
29.8	71.4
29.7	33.3
29.8	29.6
29.8	14.3
29.8	20.3
29.8	24.7
29.8	44.8
29.8	26.9
29.8	34.7
29.8	79.7
29.8	38.7
29.8	65.8
29.8	32.4
29.8	86.2
29.8	46.0
29.7	84.8
29.7	47.1
29.7	83.8
29.7	67.2
29.7	39.8
29.7	55.4
29.7	45.1
29.7	41.1
29.7	51.3
29.7	37.9
29.7	36.3
29.8	25.7
29.8	22.2
29.8	40.0
29.8	49.7
29.8	27.1
29.8	46.9
29.8	59.6
29.7	54.1
29.7	37.9
29.7	41.8
29.7	52.8
29.7	65.1
29.7	59.7
29.7	35.4
29.7	94.5
29.7	56.4
29.7	34.7
29.7	32.7
29.7	54.4
29.7	5.9
29.7	14.4
29.7	8.8
29.7	5.4
36.8	72.8
36.5	122.9
36.6	132.3
36.5	164.6
36.8	152.6
35.6	101.0
36.4	151.2
36.5	207.3
35.7	240.6
36.5	253.9
36.0	356.1
37.1	365.7
36.6	270.1
37.3	260.0
35.9	300.5
36.3	412.3
35.6	484.3
36.4	451.2
36.4	380.1
35.2	232.0
35.7	188.9
36.0	201.0
36.0	200.7
35.4	173.5
34.8	77.8
34.7	120.8
34.6	175.2
34.3	215.5
34.4	253.3
34.5	332.4
35.0	356.1
34.6	510.9
34.3	496.1
34.8	445.1
34.5	485.8
33.8	525.3
34.6	310.4
34.3	344.5
34.0	303.7
34.1	352.6
33.9	330.6
33.8	261.9
33.8	188.1
33.9	145.1
33.8	201.7
33.7	129.2
33.6	123.7
33.7	84.6
33.7	0.7
33.6	45.1
33.6	84.8
33.5	131.4
33.4	158.3
33.3	219.1
33.1	219.7
33.2	229.7
32.9	261.5
32.9	228.7
32.7	192.0
32.7	226.8
32.7	140.8
32.6	175.4
32.6	183.7
32.4	149.1
32.5	153.0
32.4	144.2
32.2	119.8
32.2	94.5
32.1	67.3
31.9	12.9
31.9	62.9
31.8	83.7
31.7	99.5
31.6	125.8
31.5	136.8
31.5	124.7
31.5	129.5
31.3	139.1
31.1	133.3
31.1	127.9
31.1	133.1
31.0	141.9
30.9	149.4
30.9	140.5
30.8	108.4
30.8	89.0
30.8	102.2
30.7	101.6
30.7	69.7
30.7	73.7
30.8	53.9
30.8	47.6
30.9	36.0
30.8	48.8
30.7	56.9
30.8	78.9
30.7	87.2
30.6	86.0
30.6	84.2
30.5	102.0
30.5	118.1
30.4	126.0
30.4	114.4
30.4	122.3
30.4	111.6
30.3	113.2
30.3	95.0
30.3	109.5
30.3	98.9
30.3	79.7
30.3	103.4
30.3	59.5
30.3	32.1
30.4	41.9
30.4	26.8
30.4	31.6
30.5	38.7
30.5	61.8
30.5	33.6
30.5	113.3
30.4	116.9
30.3	94.2
30.2	107.3
30.3	88.4
30.3	91.1
30.2	126.4
30.2	120.3
30.2	82.8
30.1	96.6
30.1	116.8
30.2	129.2
30.1	138.2
30.1	80.0
30.1	101.9
30.1	86.0
30.1	97.2
30.1	59.5
30.1	61.6
30.2	50.2
30.2	29.9
30.3	37.0
30.3	60.7
30.2	65.7
30.2	98.2
30.1	72.2
30.1	97.8
30.1	131.5
30.1	127.8
30.0	89.4
30.0	143.4
30.0	112.3
30.0	107.4
30.0	132.2
30.0	115.9
30.0	97.7
30.0	46.8
30.0	103.9
30.0	87.2
29.9	57.0
30.0	92.2
29.9	70.2
30.0	64.1
30.0	58.7
30.0	30.6
30.1	38.9
30.1	52.6
30.1	76.0
30.0	90.6
30.0	81.5
30.0	85.1
29.9	100.5
29.9	88.9
29.9	97.4
29.9	141.1
29.9	112.3
29.9	101.0
29.9	115.3
29.8	97.8
29.8	117.8
29.8	106.7
29.8	106.2
29.8	105.9
29.8	70.3
29.9	80.3
29.9	83.4
29.9	55.9
29.9	70.5
29.9	38.7
30.0	43.3
29.9	63.3
30.0	77.3
29.9	75.8
29.9	89.4
29.9	121.6
29.8	101.7
29.8	117.5
29.8	118.5
29.8	121.7
29.8	72.0
29.8	125.9
29.8	124.0
29.8	137.4
29.7	160.1
29.8	124.7
29.8	114.6
29.8	88.9
29.8	84.1
29.8	93.5
29.8	92.0
29.8	82.0
29.8	60.0
29.8	34.7
29.9	31.4
29.8	57.0
29.8	53.0
29.8	92.9
29.8	105.7
29.8	111.6
29.7	107.7
29.7	103.8
29.7	132.0
29.7	133.6
29.7	98.9
29.7	143.4
29.7	106.0
29.7	85.3
29.7	121.1
29.7	145.6
29.7	102.7
29.7	120.1
29.7	105.0
29.7	94.8
29.7	62.4
29.7	89.2
29.7	45.3
29.7	31.9
29.7	32.7
29.7	51.7
29.7	75.9
29.7	75.0
29.7	69.7
29.7	62.9
29.7	48.7
29.7	93.1
29.7	73.0
29.7	72.2
29.7	100.8
29.7	88.7
29.7	107.3
29.7	115.9
29.7	101.4
29.6	139.8
29.7	104.4
29.7	90.2
29.7	39.9
29.7	79.6
29.7	54.1
29.7	95.1
29.7	45.5
29.7	73.1
29.7	86.5
29.7	88.9
29.7	82.4
29.7	103.1
29.7	105.7
29.6	100.2
29.6	118.9
29.6	145.2
29.6	121.2
29.6	141.8
29.6	137.7
29.6	146.6
29.6	136.7
29.6	153.0
29.6	137.7
29.6	130.5
29.6	117.8
29.6	105.8
29.6	95.0
29.6	88.6
29.6	79.7
29.7	57.0
29.7	42.8
29.7	59.4
29.7	88.9
29.7	86.6
29.7	94.6
29.7	102.0
29.6	129.0
29.6	91.9
29.6	134.7
29.6	136.3
29.6	147.7
29.6	164.8
29.6	120.4
29.6	71.6
29.6	89.5
29.6	130.2
29.6	112.1
29.6	87.0
29.6	96.3
29.6	82.9
29.6	51.0
29.6	55.1
29.6	52.6
29.7	49.9
29.7	70.9
29.7	70.2
29.7	94.2
29.6	92.9
29.6	131.7
29.6	159.0
29.6	120.4
29.6	157.6
29.6	135.5
29.6	161.9
29.6	143.1
29.6	155.9
29.6	182.9
29.6	131.0
29.6	173.0
29.6	144.3
29.6	156.1
29.6	141.4
29.6	110.6
29.6	104.1
29.6	70.8
29.6	55.0
29.6	43.6
29.6	68.1
29.6	72.1
29.6	100.6
29.6	89.8
29.6	92.5
29.6	115.4
29.6	140.0
29.6	191.5
29.6	174.6
29.5	176.5
29.6	215.4
29.5	203.2
29.5	225.2
29.5	198.9
29.5	173.8
29.5	239.6
29.5	183.8
29.5	197.7
29.5	165.7
29.5	147.5
29.5	149.0
29.5	103.2
29.5	121.9
29.6	101.9
29.6	25.9
29.6	75.6
29.6	63.5
29.6	66.3
29.5	149.4
29.5	129.2
29.5	114.6
29.5	75.6
29.5	144.0
29.5	190.6
29.5	100.4
29.5	131.7
29.5	97.4
29.5	174.4
29.5	174.9
29.5	105.9
29.5	186.3
29.5	168.0
29.5	150.9
29.5	144.4
29.5	110.1
29.5	66.0
30.0	64.1
30.1	100.6
30.1	150.0
30.1	210.1
30.1	229.6
30.1	391.4
30.1	375.5
30.1	293.8
30.1	418.6
30.1	531.3
30.0	473.8
30.0	430.7
30.1	435.2
30.1	385.9
30.1	276.9
30.1	371.8
30.1	339.3
30.1	342.4
30.1	283.5
30.1	273.0
30.1	230.0
30.2	159.5
30.2	78.2
30.2	43.3
30.1	66.0
30.2	77.9
30.2	106.0
30.2	193.7
30.1	246.5
30.1	212.4
30.1	275.1
30.0	292.1
30.0	258.9
30.0	327.7
30.0	244.2
30.0	309.6
29.9	293.7
30.0	321.6
30.0	246.9
30.0	122.0
30.0	91.2
30.0	67.7
30.0	83.0
30.0	93.6
30.0	123.6
30.0	148.4
29.9	152.1
29.9	200.5
29.9	195.9
29.8	252.7
29.9	226.9
29.8	273.8
29.8	255.0
29.9	254.9
29.8	285.2
29.9	277.4
29.8	279.6
29.8	197.2
29.8	233.3
29.8	210.7
29.8	236.7
29.9	153.4
29.9	189.6
29.9	131.6
29.9	97.5
29.9	74.0
29.9	86.3
29.9	104.1
29.8	143.0
29.8	155.0
29.8	203.9
29.8	175.8
29.8	212.8
29.8	247.8
29.8	224.1
29.7	226.0
29.8	289.2
29.7	266.0
29.7	242.0
29.7	299.0
29.7	279.5
29.7	297.9
29.7	266.6
29.7	217.2
29.7	172.5
29.7	176.2
29.7	160.9
29.7	145.5
29.8	116.0
29.8	47.6
29.8	49.4
29.8	56.4
29.8	70.4
29.7	124.2
29.7	81.8
29.7	135.6
29.7	177.3
29.7	159.6
29.7	116.9
29.7	194.8
29.7	195.0
29.7	275.4
29.7	252.6
29.7	193.8
29.7	181.8
29.7	184.1
29.7	132.5
29.7	126.3
29.7	50.2
29.7	96.9
29.7	108.8
29.7	159.2
29.7	155.9
29.7	233.7
29.7	213.0
29.7	230.2
29.7	246.2
29.7	260.2
29.7	270.8
29.6	250.6
29.6	304.9
29.6	345.5
29.6	223.6
29.7	256.9
29.6	264.0
29.6	238.4
29.7	227.1
29.6	243.8
29.7	247.0
29.7	229.5
29.7	139.8
29.7	133.4
29.7	36.6
29.7	52.5
29.7	60.3
29.7	105.3
29.7	145.0
29.6	134.5
29.6	228.1
29.6	176.6
29.6	216.9
29.6	285.8
29.6	219.3
29.6	288.2
29.6	286.1
29.6	291.7
29.6	212.8
29.6	172.6
29.6	133.3
29.6	144.6
29.6	189.0
29.6	166.2
29.6	85.4
29.6	9.2
29.6	35.6
29.6	94.4
29.6	87.8
29.6	121.5
29.6	201.6
29.6	239.2
29.6	257.4
29.6	283.6
29.6	367.4
29.6	335.7
29.6	262.6
29.6	279.6
29.6	354.2
29.5	304.2
29.6	284.9
29.6	257.8
29.6	268.3
29.6	219.0
29.6	173.9
29.6	56.0
29.6	96.9
29.6	52.7
29.6	61.4
29.6	116.8
29.6	113.2
29.6	142.9
29.6	139.6
29.6	224.4
29.5	179.1
29.5	210.1
29.5	256.2
29.5	237.4
29.5	278.2
29.5	232.5
29.5	258.4
29.5	223.5
29.5	242.4
29.5	215.4
29.5	239.6
29.5	184.4
29.5	214.7
29.5	158.0
29.5	142.7
29.6	124.3
29.6	92.4
29.6	39.3
29.6	70.7
29.6	109.4
29.6	164.2
29.5	153.4
29.5	224.8
29.5	185.7
29.5	271.9
29.5	268.7
29.5	248.6
29.5	273.2
29.5	218.5
29.5	264.5
29.5	222.4
29.5	253.3
29.5	246.4
29.5	278.7
29.5	235.0
29.5	244.0
29.5	228.1
29.5	181.1
29.5	207.5
29.5	136.5
29.5	94.1
29.5	51.8
29.5	94.9
29.5	136.6
29.5	139.1
29.5	157.6
29.5	187.4
29.5	220.7
29.5	271.1
29.5	253.7
29.5	266.9
29.5	314.1
29.5	273.2
29.5	273.2
29.5	269.5
29.4	257.7
29.5	259.4
29.4	301.3
29.5	270.7
29.5	214.2
29.5	243.7
29.5	208.4
29.5	194.4
29.5	138.6
29.5	115.5
29.5	38.3
29.5	69.3
29.5	112.8
29.5	168.3
29.4	210.3
29.4	227.5
29.4	238.7
29.4	255.2
29.4	279.9
29.4	218.5
29.4	250.3
29.4	333.5
29.4	316.5
29.4	316.4
29.4	296.7
29.4	351.8
29.4	303.0
29.4	277.3
29.4	217.5
29.4	243.4
29.4	205.3
29.4	145.4
29.4	122.3
29.4	114.1
29.4	67.3
29.4	124.6
29.4	156.4
29.4	176.4
29.4	202.8
29.4	257.5
29.4	359.5
29.4	244.1
29.4	224.2
29.4	301.8
29.4	257.5
29.4	331.4
29.4	260.3
29.4	272.7
29.4	169.2
29.4	164.4
29.6	38.5
29.5	90.4
29.5	142.8
29.6	191.3
29.5	174.6
29.6	184.8
29.6	196.1
29.6	197.2
29.6	131.7
29.6	213.4
29.6	279.1
29.6	498.2
29.5	410.9
29.6	386.5
29.6	355.5
29.6	319.8
29.6	372.4
29.6	325.1
29.6	313.8
29.6	283.0
29.6	210.4
29.6	187.3
29.6	141.2
29.6	123.4
29.7	76.9
29.7	56.8
29.7	127.8
29.7	136.6
29.6	219.4
29.6	221.0
29.6	260.6
29.6	254.7
29.6	341.6
29.6	334.2
30.8	49.8
31.2	255.7
32.3	163.0
32.4	34.1
32.5	66.0
32.5	127.8
32.6	120.7
32.3	143.3
32.3	165.7
32.3	203.7
32.0	303.1
32.0	302.3
32.3	356.4
32.0	427.0
31.9	525.8
32.1	415.9
31.9	428.1
31.8	449.6
31.7	518.6
31.8	446.1
31.6	449.7
31.5	320.1
31.7	320.6
31.6	273.6
31.5	188.4
30.9	65.4
30.8	118.9
30.8	144.9
30.8	209.3
30.7	249.4
30.7	185.2
30.7	190.1
30.6	222.4
30.6	186.0
30.6	361.2
30.5	416.5
30.5	391.2
30.4	419.4
30.5	326.0
30.5	339.0
30.4	451.0
30.4	403.9
30.4	308.9
30.4	379.4
30.4	359.2
30.5	272.9
30.4	203.1
30.4	66.5
30.4	136.3
30.4	173.2
30.3	216.6
30.3	314.2
30.3	323.8
30.3	405.9
30.2	352.8
30.2	492.1
30.2	518.4
30.2	465.3
30.2	433.5
30.1	508.8
30.1	465.8
30.1	457.9
30.1	436.1
30.1	463.6
30.1	387.5
30.1	363.4
30.1	278.7
30.1	224.7
30.2	59.1
30.2	111.1
30.1	121.3
30.1	188.8
30.1	263.0
30.1	273.0
30.1	323.5
30.1	500.3
30.1	362.5
30.0	393.8
30.0	416.6
30.0	451.5
30.0	433.7
30.0	469.3
30.0	361.0
30.0	496.6
30.0	415.7
29.9	398.7
30.0	330.0
30.0	346.4
30.0	307.9
30.0	140.4
30.0	216.2
29.9	247.9
30.0	290.5
29.9	304.2
29.9	367.7
29.9	388.8
29.9	409.1
29.9	457.9
29.9	501.3
29.9	520.1
29.9	517.8
29.8	514.4
29.8	497.2
29.9	310.4
29.8	393.3
29.8	370.6
29.8	327.0
29.8	294.4
29.8	209.0
29.8	236.6
29.8	193.6
29.8	273.9
29.8	288.6
29.8	381.9
29.8	421.1
29.8	460.6
29.7	464.7
29.7	465.2
29.7	487.8
29.7	319.7
29.7	397.4
29.8	309.5
29.7	406.5
29.7	424.4
29.7	351.5
29.7	238.6
29.8	230.9
29.8	143.1
29.8	127.3
29.8	89.5
29.7	185.0
29.7	188.5
29.7	270.7
29.7	230.4
29.7	322.8
29.7	324.9
29.7	447.6
29.7	372.0
29.7	418.9
29.7	413.6
29.7	358.9
29.7	373.1
29.7	350.3
29.7	341.2
29.7	312.7
29.7	290.4
29.7	253.2
29.7	198.5
29.7	186.3
29.7	177.0
29.7	222.6
29.7	213.1
29.7	275.6
29.7	301.8
29.6	315.3
29.6	394.2
29.6	364.1
29.6	440.1
29.6	311.9
29.6	605.0
29.6	439.8
29.6	365.8
29.6	248.5
29.6	166.7
29.6	192.3
29.6	59.2
29.6	144.5
29.6	182.7
29.6	147.1
29.6	209.5
29.6	292.2
29.6	332.2
29.6	340.0
29.6	297.9
29.6	150.0
29.6	220.8
29.6	254.2
29.6	258.1
29.6	270.7
29.6	270.2
29.6	180.2
29.6	144.9
29.6	214.0
29.6	88.1
29.6	115.6
29.6	158.4
29.6	240.9
29.6	261.8
29.6	276.5
29.6	229.1
29.6	321.0
29.6	386.5
29.5	304.4
29.5	298.8
29.6	414.4
29.6	300.6
29.6	185.3
29.6	401.5
29.5	283.4
29.6	185.6
29.6	171.0
29.6	155.3
29.5	100.1
29.6	40.7
29.6	80.4
29.6	120.4
29.6	146.0
29.6	161.2
29.6	177.0
29.5	172.7
29.5	293.5
29.5	188.5
29.5	432.0
29.5	260.5
29.5	304.6
29.5	287.4
29.5	356.4
29.5	352.6
29.5	238.3
29.5	292.6
29.5	253.0
29.5	114.9
29.5	180.3
29.5	137.0
29.6	19.5
29.6	58.1
29.5	97.2
29.5	117.5
29.5	192.1
29.5	228.5
29.5	291.3
29.5	281.6
29.5	341.3
29.5	293.7
29.5	293.3
29.5	385.7
29.5	186.0
29.5	213.1
29.5	227.1
29.5	283.4
29.5	212.6
36.3	114.0
34.4	60.2
34.5	85.8
33.9	110.7
34.1	173.3
34.1	261.5
34.5	275.2
34.3	252.1
34.3	302.3
33.9	334.3
34.0	337.5
34.5	394.2
33.9	368.5
34.2	248.1
34.0	413.8
34.1	367.4
34.4	222.3
33.5	376.8
33.7	331.8
33.2	407.5
33.6	263.9
33.4	224.9
33.4	152.3
33.5	133.2
33.5	93.6
32.8	34.1
32.8	91.9
32.6	139.2
32.6	173.0
32.6	196.0
32.6	298.7
32.5	291.9
32.5	333.6
32.2	340.3
32.6	377.6
32.2	444.7
32.5	351.8
32.5	392.4
32.5	316.0
32.2	522.9
32.5	430.7
32.5	274.5
32.7	332.4
32.7	394.9
32.3	347.5
32.5	283.2
32.4	168.2
32.6	139.2
31.9	14.5
31.7	65.7
31.7	148.1
31.6	185.9
31.7	219.5
31.7	282.0
31.6	325.6
31.5	385.0
31.4	406.7
31.6	451.8
31.4	499.2
31.6	460.0
31.6	428.8
31.7	498.4
31.6	488.8
31.5	469.7
31.6	411.1
31.8	444.9
31.6	367.2
31.7	361.4
31.8	320.8
31.9	238.4
31.8	198.2
31.9	189.6
31.3	77.5
31.3	111.3
31.3	153.7
31.3	187.9
31.1	299.7
31.1	312.3
31.1	376.7
31.2	494.6
31.1	403.0
31.2	476.6
31.3	397.6
31.2	463.4
31.2	458.1
31.3	521.1
31.2	566.6
31.4	401.7
31.5	502.5
31.4	348.5
31.4	365.0
31.7	300.7
31.3	281.6
31.6	257.9
31.6	225.3
31.6	150.6
31.0	38.8
31.0	55.3
31.0	100.9
31.0	106.6
31.0	151.2
30.9	135.0
31.0	129.3
30.9	137.5
31.0	282.2
31.0	323.6
31.0	184.9
31.0	241.0
31.0	129.2
31.1	255.8
31.0	325.7
31.1	332.3
31.1	447.2
31.2	442.3
31.3	347.7
31.4	270.9
31.4	200.4
31.3	163.9
31.4	193.5
37.0	97.3
37.0	131.6
37.1	214.4
36.5	281.7
37.4	276.1
37.3	186.3
36.8	200.5
37.0	214.6
36.2	143.4
36.5	99.0
37.0	87.9
36.7	139.8
37.0	174.0
36.6	212.8
37.2	179.0
37.4	222.7
37.2	156.1
36.4	166.2
37.0	112.9
36.0	93.3
36.2	46.3
35.7	76.7
35.5	98.0
36.4	117.1
36.4	199.0
36.9	179.0
36.0	209.3
36.6	288.4
36.5	237.1
37.2	322.8
36.8	356.7
36.1	302.2
35.6	358.6
36.5	425.8
37.0	358.5
35.1	359.4
36.0	352.7
36.8	378.1
35.8	256.5
35.6	239.1
35.8	226.2
37.4	153.6
35.9	70.8
35.2	81.3
34.6	117.8
34.7	155.9
35.6	178.3
35.1	225.1
35.4	278.0
35.7	293.5
35.4	356.4
35.4	310.0
35.9	362.8
34.9	392.1
34.9	396.0
35.8	386.2
34.9	250.9
35.2	273.6
35.6	241.7
35.3	222.2
35.3	207.8
35.1	108.6
35.2	108.5
35.0	159.8
34.5	30.0
34.3	107.1
34.6	112.6
34.3	126.6
34.9	148.2
34.6	148.1
34.7	100.2
35.0	79.8
34.3	106.9
34.2	98.2
34.3	96.9
34.8	192.5
34.1	144.0
35.0	113.9
35.4	159.9
34.7	208.6
34.3	340.4
34.3	264.9
34.7	262.5
34.7	181.4
34.5	135.7
34.8	84.9
34.3	93.9
34.2	140.0
34.3	161.4
33.7	193.9
34.1	258.6
34.0	291.6
34.3	329.5
34.0	298.4
33.9	325.7
33.7	407.8
34.1	369.9
34.6	184.8
34.1	281.8
33.9	340.8
34.9	406.5
34.6	367.8
34.1	341.9
34.5	271.9
34.2	197.6
34.1	266.0
34.2	181.5
34.4	163.4
36.6	1.6
36.4	165.9
36.7	141.4
37.1	78.7
36.9	105.7
37.8	145.3
37.7	181.5
37.4	203.5
37.5	235.3
36.2	216.1
37.5	219.9
36.8	211.0
37.4	218.3
36.7	212.5
36.7	261.9
37.5	266.5
37.1	212.6
38.0	130.6
37.2	32.0
37.0	48.5
37.2	76.0
37.3	127.1
36.7	171.7
36.7	205.3
36.9	286.7
36.9	356.1
37.6	362.4
37.1	390.2
36.4	435.1
36.1	482.2
37.6	577.4
36.3	506.7
37.2	544.2
36.2	491.1
36.6	556.8
36.9	396.2
36.8	432.3
36.3	394.8
36.3	387.6
37.5	285.6
36.3	217.1
37.1	85.7
38.4	116.9
37.6	137.6
36.8	59.1
37.5	259.9
38.8	206.9
37.5	153.4
36.5	146.9
37.4	236.6
37.6	246.7
38.0	408.8
37.4	370.2
37.7	331.0
37.5	288.8
37.5	61.3
37.8	132.6
36.5	57.3
37.2	125.9
37.9	119.1
36.5	169.7
36.5	237.8
36.6	356.2
35.8	336.1
37.4	379.3
37.3	386.6
36.8	395.1
37.0	418.6
36.6	296.2
37.1	272.0
37.7	204.5
36.9	199.1
37.2	290.9
37.1	167.2
36.4	120.9
36.2	97.6
36.5	46.9
36.5	63.9
36.7	92.5
36.9	115.5
36.5	187.2
36.2	167.8
37.3	203.2
37.0	230.1
36.0	338.4
35.5	271.9
37.0	277.3
37.2	372.6
36.8	384.7
37.0	334.9
36.3	378.7
36.5	314.4
37.3	386.2
36.8	280.5
36.0	314.1
36.1	210.5
36.9	218.1
35.7	3.2
36.0	53.3
36.0	86.7
35.6	147.3
35.4	209.8
35.5	225.2
35.9	267.3
35.9	349.3
35.3	333.8
36.2	344.1
35.4	341.8
35.6	313.4
35.2	364.8
35.6	362.6
35.5	250.0
35.4	204.0
35.8	117.5
35.4	137.3
34.9	76.1
36.1	161.3
34.9	127.7
35.4	43.0
35.2	108.6
34.9	121.7
36.2	127.9
34.4	198.8
35.0	196.1
34.6	279.0
34.9	295.0
35.3	362.3
35.5	290.1
35.0	421.5
35.9	384.0
34.8	338.4
34.9	502.5
35.3	371.4
35.1	408.7
34.9	421.7
36.5	362.6
34.9	253.1
34.3	143.6
35.2	243.6
35.4	159.8
35.2	163.6
34.7	132.5
36.5	30.1
37.0	69.2
37.1	144.4
37.9	152.0
36.8	151.2
37.2	193.3
37.7	172.5
36.7	232.5
37.6	368.1
37.1	257.9
36.4	276.6
36.6	348.9
37.0	307.4
37.6	386.5
37.5	255.4
37.0	325.3
37.4	337.6
36.9	334.4
36.5	214.1
37.6	230.4
37.1	190.7
37.1	199.1
35.4	165.7
36.6	115.5
36.2	44.0
37.0	78.1
37.3	147.4
35.9	155.8
35.9	178.1
37.1	194.0
36.4	222.6
35.9	229.9
35.9	327.2
36.6	317.9
36.3	352.3
35.6	397.1
36.3	419.2
36.3	281.9
37.4	304.1
35.5	315.3
36.0	304.6
36.9	326.7
36.2	242.4
36.0	272.0
36.6	217.7
36.7	134.4
35.8	61.9
35.8	63.3
35.7	119.2
35.4	142.7
34.7	208.2
35.2	188.4
35.0	225.7
35.3	284.8
35.1	273.8
35.5	338.5
35.8	368.5
35.2	350.6
36.4	341.4
35.5	351.2
35.4	478.6
35.5	370.3
34.8	368.6
35.4	231.9
35.5	206.6
35.3	312.3
36.1	271.2
35.7	224.0
35.1	129.7
35.0	14.0
34.5	25.3
34.3	113.5
34.2	127.4
34.8	163.4
34.1	132.9
33.8	248.8
33.9	328.3
34.9	324.3
34.4	315.7
34.3	385.4
34.6	354.4
35.1	377.5
35.5	419.5
35.2	457.5
34.5	449.1
35.1	400.8
34.8	496.3
34.5	356.0
35.4	277.7
34.7	297.3
34.2	302.4
34.7	212.0
33.6	8.0
33.8	46.5
33.8	86.2
33.8	120.7
33.8	161.6
34.0	166.7
34.0	227.5
34.3	247.1
33.9	321.2
34.0	307.3
34.3	310.8
34.3	326.9
34.3	397.0
34.9	415.8
33.8	321.8
34.4	167.4
37.3	58.6
37.9	130.5
37.0	176.7
37.9	213.0
36.9	262.7
37.8	331.4
37.3	329.9
36.9	415.5
37.7	412.3
38.0	454.8
37.0	336.8
37.5	400.7
36.8	378.3
37.7	385.0
36.8	369.6
35.8	327.7
37.2	330.2
37.3	284.8
37.4	253.3
37.3	210.7
37.6	136.3
36.7	5.4
37.1	45.3
36.4	103.4
36.7	138.4
35.6	218.3
35.7	244.1
37.3	235.1
36.2	260.1
36.6	377.5
35.7	310.8
36.4	433.9
36.5	339.3
36.7	429.4
36.4	411.4
36.7	402.0
36.4	363.1
36.4	361.4
37.6	311.9
36.9	270.9
36.0	270.9
36.4	242.0
37.1	147.7
36.5	101.0
35.7	29.4
35.3	68.2
35.8	103.7
35.1	142.2
35.1	208.4
35.3	263.3
35.7	304.4
36.0	350.0
36.0	376.9
35.7	385.4
35.5	404.1
36.4	482.4
35.7	436.9
35.6	363.1
35.4	377.5
35.6	408.5
36.1	345.7
35.4	379.1
35.7	359.1
36.4	282.5
35.0	238.6
36.3	205.0
35.7	157.9
35.6	6.3
34.7	46.7
35.2	98.6
34.6	137.1
35.1	146.7
35.2	225.4
35.1	216.1
34.5	190.8
34.4	185.9
34.2	272.9
34.6	271.8
35.1	246.8
34.9	173.1
34.5	155.6
34.6	157.5
35.1	87.7
34.2	95.5
34.7	105.7
34.4	101.8
34.3	104.0
34.5	136.1
34.8	79.5
34.9	68.6
34.4	49.2
34.9	118.1
35.4	137.0
35.3	114.3
34.9	93.4
34.8	67.2
37.3	84.6
37.0	176.4
36.9	133.8
37.6	121.0
37.2	87.7
37.3	163.5
37.4	210.9
37.7	197.8
37.6	243.4
38.0	185.1
37.5	249.8
37.0	240.5
36.9	278.3
36.5	217.1
36.8	223.7
36.5	210.5
37.1	163.6
36.5	152.0
37.5	159.9
36.7	145.1
36.9	90.2
36.9	75.0
37.6	84.2
37.0	141.7
37.3	149.5
37.2	144.3
37.2	168.2
36.8	188.7
36.1	260.3
35.9	227.7
36.7	245.1
36.8	305.5
36.8	233.3
37.1	266.8
36.8	274.8
36.8	267.1
37.0	262.4
36.2	288.3
36.7	271.6
36.9	229.1
37.7	179.5
37.0	139.4
37.4	150.4
36.9	144.0
36.1	47.4
36.1	76.4
35.5	115.2
35.8	161.0
36.3	135.6
35.8	125.2
36.1	136.0
36.2	188.0
35.5	146.4
35.3	151.4
36.5	133.1
35.8	152.2
35.6	153.7
35.5	170.8
35.7	126.2
35.8	175.3
36.3	141.0
36.5	104.0
37.4	91.9
37.5	140.4
36.6	145.4
36.9	197.6
36.5	224.8
37.4	296.9
37.8	293.1
37.3	357.2
37.3	315.2
36.2	321.4
37.5	355.8
37.2	337.2
37.8	233.5
38.3	141.3
37.9	198.8
37.4	298.3
37.1	283.7
37.8	209.4
36.1	177.7
36.9	151.7
38.3	71.4
37.5	47.2
37.7	81.3
37.1	164.3
36.4	246.7
36.8	311.3
36.2	334.4
37.1	383.6
37.2	411.1
36.7	326.7
36.3	349.9
37.1	329.9
36.9	271.6
36.4	248.0
38.3	222.9
36.7	229.6
37.3	158.9
37.6	131.9
37.4	112.3
36.1	55.5
38.0	103.4
37.1	136.4
37.8	152.2
36.9	93.8
37.4	64.5
36.9	8.0
37.6	61.6
37.5	73.5
38.6	110.4
37.0	95.3
37.3	58.1
37.6	105.1
36.7	125.6
38.0	123.6
36.8	129.7
37.7	143.6
37.1	179.7
37.7	229.0
37.5	243.2
36.7	305.6
37.6	237.3
36.1	275.9
36.7	293.9
36.7	308.5
36.2	313.4
36.9	248.0
37.1	243.9
36.3	221.8
37.0	208.9
37.5	188.9
36.4	162.0
36.8	142.5
37.4	90.9
35.7	0.9
36.6	86.8
36.5	139.3
36.5	155.7
36.0	193.9
35.6	214.9
36.2	273.2
37.1	221.8
36.8	223.6
35.8	255.6
37.0	248.1
37.5	251.6
37.7	298.1
36.5	294.8
37.0	261.4
36.9	201.3
36.1	277.3
37.2	180.9
37.6	171.0
36.4	225.7
35.8	94.6
36.8	70.5
36.8	92.2
36.2	75.7
37.1	152.2
35.9	125.0
36.5	165.1
36.4	292.3
35.8	274.8
36.2	249.0
36.6	267.2
37.0	514.2
36.4	263.6
36.4	184.0
36.3	210.8
35.8	263.7
35.8	210.0
35.8	207.9
36.8	168.9
36.0	207.7
36.1	159.7
36.2	92.6
37.0	81.8
35.2	56.7
35.0	64.1
35.9	80.8
35.5	105.2
34.9	57.0
35.0	173.4
34.9	175.8
35.4	186.3
35.5	180.1
35.1	264.4
35.5	83.6
35.5	124.2
37.7	291.1
37.5	200.2
37.4	264.0
36.3	231.0
37.3	166.5
37.3	198.7
37.7	171.9
36.4	87.6
36.5	11.4
37.7	159.4
38.2	141.5
37.2	176.4
37.2	169.3
36.9	213.7
38.5	239.6
37.0	85.3
36.9	447.1
37.2	363.8
37.9	219.4
38.6	335.1
36.7	279.6
37.3	340.5
36.3	312.1
36.8	151.8
36.8	331.2
37.5	241.1
37.3	240.0
37.2	164.6
37.6	124.1
36.2	106.3
36.6	44.9
37.4	110.9
37.3	173.6
37.2	194.1
37.0	193.6
36.4	231.8
37.0	271.0
36.1	359.7
37.0	315.2
36.6	401.8
37.1	403.1
37.4	436.3
36.1	374.2
36.6	403.3
36.7	320.8
37.1	291.0
36.2	323.2
36.7	243.7
36.9	171.8
37.7	98.1
35.8	40.7
35.6	73.1
36.0	89.1
36.3	227.9
36.1	271.9
35.4	332.7
36.1	465.2
36.3	427.3
36.7	297.1
36.5	455.4
36.3	420.9
35.8	424.0
36.1	414.0
36.7	386.3
35.9	321.6
35.8	265.6
35.7	288.1
36.7	201.6
36.1	168.6
36.0	122.2
35.4	57.1
35.1	72.4
35.6	107.8
34.7	159.8
34.9	210.9
35.2	241.5
34.7	278.7
35.5	306.9
35.3	376.9
34.8	368.6
34.8	393.1
34.9	409.4
34.6	429.4
34.5	414.7
34.8	396.3
34.4	316.0
35.8	302.9
35.4	226.8
35.2	224.7
34.7	209.5
34.4	91.1
34.1	27.3
34.2	65.8
34.2	94.6
33.9	152.2
34.0	214.6
33.8	252.8
33.4	336.4
33.9	279.8
33.6	390.9
33.4	418.1
33.7	408.0
34.0	339.4
33.7	308.8
33.9	385.2
34.3	363.9
34.1	339.1
33.9	304.7
33.7	194.3
33.8	237.0
34.1	171.2
34.1	147.4
32.9	54.3
32.9	92.1
32.7	96.3
36.8	39.6
37.3	69.6
37.1	141.2
36.7	203.7
37.3	201.8
36.8	219.9
37.0	242.8
37.2	396.4
38.0	440.1
37.7	365.8
37.8	324.0
37.0	349.2
37.6	313.7
36.2	253.9
37.0	323.1
35.6	222.8
37.2	204.5
37.1	167.4
36.2	95.9
36.7	98.3
36.1	154.9
36.3	129.9
37.4	176.2
35.9	200.9
36.0	264.1
35.9	285.6
37.1	331.6
36.8	295.0
36.5	284.1
36.5	338.3
35.3	366.7
36.8	328.6
35.7	295.4
36.5	325.9
35.8	134.9
35.8	217.7
35.5	196.6
36.2	158.7
35.5	114.2
35.2	14.7
35.3	53.5
34.8	89.2
34.7	116.6
34.7	153.6
34.6	183.6
34.7	248.5
34.5	284.1
34.7	342.8
34.6	313.7
34.6	358.6
35.2	304.8
35.1	364.9
34.8	381.6
34.9	354.4
34.7	244.6
35.4	264.1
34.6	203.9
35.9	417.1
35.5	153.8
34.9	80.1
34.0	80.2
34.0	82.5
34.3	143.0
34.0	187.5
34.1	195.0
34.0	219.2
33.7	260.7
33.9	299.4
34.0	326.0
34.0	320.6
34.3	410.7
33.7	379.0
34.4	381.6
34.0	350.9
33.6	341.5
34.1	342.3
33.9	306.4
33.3	301.0
33.7	232.3
33.8	198.2
33.4	151.7
32.6	27.1
32.7	48.7
32.5	95.6
32.7	133.7
32.5	191.2
32.7	189.8
32.6	240.2
32.5	278.2
32.3	322.4
32.6	346.8
32.7	285.6
32.5	321.1
32.6	387.8
32.8	290.0
32.4	260.5
32.4	219.7
32.7	150.9
32.3	148.4
32.4	175.4
32.5	104.1
31.8	67.4
33.2	62.3
33.0	113.8
33.0	146.9
33.1	112.8
33.2	145.5
33.2	200.5
33.2	178.1
33.3	192.3
33.4	161.4
33.4	190.9
33.4	126.5
33.3	174.9
33.3	199.8
33.4	169.5
33.7	140.3
33.6	135.5
33.4	78.3
32.9	34.9
33.0	63.3
32.8	73.3
32.9	118.1
32.6	122.1
32.6	167.5
32.6	186.0
32.6	181.7
32.3	257.5
32.7	281.1
32.4	288.3
32.7	288.2
32.6	312.1
32.5	250.9
32.6	353.0
32.5	199.6
32.6	278.5
32.6	227.1
32.7	198.8
32.6	137.6
32.7	83.8
31.6	8.7
31.6	49.6
31.7	60.9
31.7	97.8
31.5	130.6
31.6	137.7
31.5	165.8
31.7	171.5
31.6	219.4
31.6	329.5
31.5	328.8
31.5	253.2
31.7	293.5
31.4	296.3
31.3	310.4
31.6	293.1
31.6	241.6
31.6	227.0
31.6	179.1
31.6	83.3
31.7	40.8
32.3	91.8
32.9	79.1
32.8	184.6
33.1	246.1
32.9	208.7
32.7	248.4
33.1	261.9
33.1	221.7
33.5	237.3
33.0	258.4
33.5	220.4
33.5	250.9
33.8	263.1
33.3	222.1
33.6	88.1
33.8	102.1
33.6	123.8
34.1	58.4
34.3	118.5
33.9	144.5
34.0	189.8
33.5	188.0
33.5	261.2
34.1	272.2
34.0	336.7
33.8	326.7
34.1	310.0
33.8	305.7
33.8	313.2
34.1	310.0
33.8	383.4
34.0	259.2
33.8	336.8
34.0	273.7
33.7	214.9
33.4	180.7
33.8	71.8
33.6	81.0
33.3	143.4
33.3	112.9
34.0	130.5
33.8	228.6
34.6	175.5
35.0	111.2
36.3	141.0
35.0	234.0
35.7	167.9
36.0	118.1
35.9	115.6
35.9	153.2
35.8	52.1
35.1	90.8
35.6	101.1
35.9	110.7
35.1	147.3
35.9	173.6
35.4	188.0
36.3	210.2
35.0	240.7
35.2	267.5
35.8	213.3
35.3	297.8
35.0	256.1
35.0	245.3
34.8	259.0
35.4	225.0
34.8	155.9
34.4	175.3
34.9	147.3
35.4	133.7
35.8	44.5
35.6	63.5
36.1	90.9
35.6	96.5
35.4	119.5
35.5	123.3
35.9	130.9
36.0	171.7
34.9	161.2
36.4	176.5
36.2	182.4
35.6	200.9
35.7	176.8
36.0	161.9
35.4	185.1
35.4	200.6
36.0	162.9
35.1	181.4
36.0	129.4
35.5	105.5
35.4	95.2
34.2	14.0
34.9	97.6
34.3	115.0
34.6	159.7
34.0	149.0
34.0	162.1
34.1	185.2
33.8	224.6
34.3	222.4
33.8	254.0
34.2	245.0
33.9	248.9
34.1	256.9
33.8	216.3
34.3	222.6
33.9	183.6
34.2	180.9
33.8	166.9
33.6	117.3
33.9	69.8
33.4	46.4
33.1	95.2
33.2	103.5
33.1	133.8
33.1	130.3
32.9	164.2
32.8	183.6
32.7	214.8
32.6	251.3
32.5	233.9
32.5	279.1
32.6	277.3
32.6	301.4
32.5	232.0
32.5	253.6
32.6	236.0
32.5	241.0
32.5	173.2
32.4	172.1
32.7	140.9
32.5	121.5
31.8	38.2
31.7	63.9
31.7	69.9
31.5	101.6
31.6	137.4
31.5	148.6
31.3	180.3
31.2	199.4
31.4	221.1
31.2	230.0
31.3	272.7
31.1	277.7
31.1	274.7
31.2	262.5
31.0	228.3
31.1	254.7
31.3	225.3
31.1	191.0
31.3	168.3
31.3	146.4
31.0	54.1
30.9	70.7
31.0	89.2
31.0	80.5
30.9	99.6
30.8	109.2
30.8	130.7
30.9	133.8
30.8	142.6
30.8	130.4
30.8	93.9
30.8	58.6
31.0	63.2
30.9	71.3
32.9	13.8
32.9	160.9
32.7	128.1
32.8	139.1
32.8	141.9
32.7	135.9
32.7	141.6
32.4	228.4
32.7	201.5
32.4	251.8
32.6	270.9
32.5	245.5
32.5	244.9
32.7	228.5
32.7	223.2
32.4	178.1
32.3	162.3
32.5	134.5
32.5	126.5
32.5	90.8
32.8	46.1
32.6	24.7
32.7	131.8
32.6	152.3
32.5	113.0
32.5	112.8
32.5	121.3
32.4	160.8
32.1	160.8
32.4	142.9
32.1	230.7
32.1	235.1
32.1	209.4
32.1	256.0
32.2	190.7
32.1	154.8
32.1	221.2
32.3	181.8
32.2	172.9
32.1	120.7
32.3	88.9
31.8	39.1
31.6	75.0
31.6	124.0
31.5	108.2
31.3	128.4
31.4	129.1
31.3	144.4
31.3	157.0
31.2	133.2
31.1	185.0
31.2	208.8
31.2	190.2
31.1	182.0
31.1	181.0
31.0	159.2
31.2	162.7
31.1	152.9
31.0	90.6
31.0	74.8
31.0	9.0
31.0	38.8
31.0	79.2
30.9	91.5
30.8	88.6
30.8	108.9
30.8	98.2
30.8	136.6
30.8	131.1
30.6	130.4
30.7	149.0
30.6	141.0
30.7	168.4
30.7	143.8
30.7	150.4
30.7	134.7
30.7	119.9
36.7	88.4
35.5	75.1
36.9	110.0
37.2	140.4
36.3	147.9
36.5	141.7
36.8	183.6
36.7	168.7
36.2	169.4
36.8	180.6
37.5	190.7
36.3	177.0
36.9	136.7
36.4	155.1
35.9	150.7
36.5	95.0
35.3	101.1
36.9	90.6
35.5	47.9
35.6	112.8
35.2	144.7
35.3	169.9
35.3	125.6
35.4	118.2
35.2	159.3
35.4	166.4
34.8	167.2
35.5	183.2
34.8	188.2
35.4	204.1
34.4	191.9
34.1	170.0
35.2	176.5
34.2	166.9
34.6	163.0
35.2	138.8
34.6	112.7
34.1	44.7
33.8	74.1
34.0	75.1
33.9	156.7
33.9	132.4
33.8	161.3
33.8	175.3
33.7	172.1
33.5	194.1
33.5	168.0
33.7	157.1
33.2	131.7
33.4	181.5
33.6	214.8
33.2	142.2
33.4	130.8
33.5	130.1
33.3	123.2
33.3	87.6
32.7	35.2
32.4	45.1
32.4	65.7
32.4	55.0
32.5	71.1
33.6	93.5
33.5	158.5
33.4	135.3
33.6	143.8
33.5	140.4
33.4	136.7
33.5	156.5
33.5	139.7
33.5	123.3
33.3	135.4
33.3	130.2
33.7	104.2
33.4	104.8
33.5	96.3
33.4	83.5
33.7	71.3
33.8	63.9
33.9	14.2
34.1	58.9
33.8	103.4
33.6	110.6
33.9	76.6
34.1	90.6
33.6	111.2
33.6	105.5
33.6	123.5
33.7	127.8
33.4	171.0
33.4	117.0
33.2	125.3
33.2	122.3
33.4	110.6
33.3	116.4
33.4	93.1
33.2	83.5
33.5	75.9
33.4	62.4
33.7	54.0
33.5	83.1
33.2	87.9
33.2	68.6
33.3	84.4
33.0	87.2
32.8	106.8
32.9	100.9
32.9	108.7
32.7	126.8
32.7	122.7
32.8	119.6
32.8	113.3
32.6	101.0
32.7	78.6
32.6	77.1
32.7	71.3
32.8	63.0
32.8	53.5
32.4	33.4
32.2	40.2
32.2	50.1
32.1	37.1
32.0	66.4
31.9	51.4
31.9	56.1
31.9	80.7
31.8	68.2
31.8	55.2
31.9	65.5
31.9	50.8
31.7	61.0
31.7	66.1
31.9	35.1
31.9	27.2
32.2	19.7
31.7	73.6
31.6	40.7
31.5	49.3
31.6	69.6
31.5	32.0
31.5	32.2
31.6	46.6
31.3	85.7
31.4	79.3
31.3	78.2
31.3	77.5
31.2	70.2
31.2	59.4
31.2	54.8
31.2	50.0
31.3	46.3
31.5	32.2
31.3	26.9
31.4	38.2
31.3	43.3
31.2	48.6
31.1	37.6
31.1	45.1
31.0	39.4
31.0	56.7
31.1	41.7
30.9	55.6
30.9	80.6
30.9	46.2
30.9	52.0
31.0	60.4
30.9	38.5
31.0	41.4
31.0	27.0
31.1	37.2
31.1	27.1
31.0	37.2
31.0	50.8
31.0	44.1
31.0	38.9
30.9	49.7
30.9	40.2
30.8	41.8
30.8	46.7
30.8	37.0
30.8	64.2
30.8	48.7
30.7	62.9
30.7	44.5
30.8	44.7
30.7	39.7
30.7	41.8
30.8	39.3
30.8	30.2
31.0	58.0
30.9	70.0
30.8	88.3
30.7	55.6
30.7	74.0
30.6	49.5
30.6	56.7
30.5	69.9
30.6	70.7
30.6	56.5
30.6	40.0
30.5	59.9
30.5	57.8
30.6	50.4
30.6	48.2
30.7	33.4
30.7	33.7
30.8	46.6
30.8	52.4
30.8	66.5
30.7	65.5
30.6	40.7
30.6	36.8
30.5	46.5
30.5	47.4
30.5	64.7
30.4	44.8
30.5	65.5
30.5	63.2
30.4	57.9
30.5	57.0
30.6	35.4
30.6	32.7
30.7	27.6
30.8	3.6
30.7	30.7
30.7	40.6
30.7	36.6
30.6	34.8
30.7	30.4
30.6	25.6
30.5	26.6
30.5	54.2
30.5	34.0
30.5	29.3
30.5	31.4
30.6	28.7
30.5	27.8
30.5	29.3
30.5	27.0
30.7	11.1
30.7	35.3
30.6	39.1
30.6	27.5
30.6	61.9
30.5	40.9
30.5	80.4
30.4	59.9
30.4	55.4
30.4	55.5
30.4	51.0
30.4	51.3
30.4	46.5
30.5	37.9
30.4	47.8
30.5	28.2
30.6	25.4
30.5	33.5
30.7	28.0
30.7	72.8
30.7	102.5
30.6	101.7
30.6	123.8
30.5	136.5
30.5	137.0
30.5	120.0
30.4	122.6
30.4	124.7
30.5	90.4
30.5	73.6
30.5	54.5
30.5	49.2
30.5	68.3
30.5	38.7
32.2	69.5
32.0	64.6
32.2	56.4
32.1	52.1
32.1	50.9
31.9	53.2
32.0	59.2
31.9	45.1
32.0	36.1
32.4	32.4
32.1	39.6
32.2	45.0
32.0	51.1
32.0	55.5
32.0	57.1
31.7	54.8
31.7	69.4
31.7	65.5
31.7	49.5
31.7	45.7
31.8	46.7
31.8	56.6
31.9	40.3
31.9	34.4
31.9	39.0
31.9	38.0
31.8	51.5
31.7	37.1
31.6	35.0
31.6	54.9
31.6	48.3
31.4	36.1
31.5	53.0
31.5	52.8
31.5	73.2
31.5	53.3
31.3	54.7
31.5	55.0
31.4	40.5
31.4	30.9
31.6	28.5
31.5	29.6
31.8	33.4
31.7	46.6
31.6	52.8
31.6	51.4
31.4	42.5
31.3	42.4
31.1	53.8
31.1	50.4
31.0	57.7
31.0	69.0
31.0	57.6
31.0	50.3
31.0	48.9
31.1	49.8
31.0	45.4
31.2	37.4
31.2	34.0
31.2	36.9
31.3	17.3
31.1	18.6
31.1	22.5
31.0	30.5
30.9	34.1
30.9	35.9
30.9	40.9
30.9	47.0
30.8	47.7
30.8	46.6
31.0	46.6
30.9	36.1
30.8	37.9
30.9	32.5
30.9	29.2
31.0	35.3
35.4	66.2
35.1	106.0
34.8	110.5
35.3	130.8
35.0	124.6
34.8	129.6
34.9	117.4
34.6	128.7
34.5	92.1
34.8	125.2
34.9	107.1
35.5	95.3
34.3	103.2
34.7	61.7
34.9	68.7
34.8	67.4
34.8	50.7
35.0	30.4
34.6	47.3
34.5	40.5
34.5	48.5
34.3	61.3
33.9	49.4
34.2	53.2
34.0	59.6
34.1	71.0
34.2	83.3
33.9	70.8
34.1	74.6
33.9	63.8
34.1	59.0
34.1	49.7
34.1	50.3
34.2	32.7
34.0	11.8
34.0	20.0
33.9	30.4
33.8	47.2
33.5	48.4
33.6	44.8
33.6	29.1
33.4	22.6
33.7	36.3
33.5	64.2
33.2	35.2
33.4	34.1
33.3	46.5
33.3	37.2
33.4	39.4
33.5	26.9
33.5	26.3
36.9	143.7
36.7	160.1
37.0	115.8
36.4	64.1
37.6	77.2
36.9	80.4
37.5	75.3
38.6	79.8
38.1	101.7
37.9	96.5
37.1	101.8
36.1	99.7
36.7	105.8
38.1	84.7
35.9	66.9
37.8	69.7
37.1	53.9
36.5	59.3
36.5	49.8
36.3	28.8
36.4	94.4
36.2	77.6
37.0	73.8
37.4	50.5
36.9	52.5
36.8	48.7
36.2	57.8
36.5	66.4
36.3	71.8
36.3	69.5
36.1	67.2
36.7	58.6
36.8	47.9
36.0	56.4
36.4	46.5
36.5	47.0
36.7	23.7
36.0	22.1
35.9	20.9
36.0	25.4
36.9	22.6
37.0	29.3
36.3	24.8
36.7	28.9
36.4	31.8
35.7	27.7
36.8	33.6
36.4	41.7
35.9	25.7
37.2	82.7
37.0	89.6
36.8	95.1
36.4	75.6
37.5	79.3
37.0	76.0
36.4	63.1
36.2	53.7
36.0	66.2
36.6	65.7
36.2	54.7
37.2	33.8
38.1	49.9
37.4	58.7
37.1	28.8
36.5	30.6
37.1	68.3
36.6	100.3
37.2	103.2
37.6	108.8
36.8	114.7
36.7	123.6
36.6	86.5
36.9	107.0
37.0	89.6
36.7	50.6
37.6	68.7
36.3	54.7
37.0	49.1
37.4	27.6
37.5	37.6
36.9	28.2
37.0	21.1
36.3	40.2
37.5	69.1
36.4	46.2
36.3	41.7
36.8	39.0
37.3	35.1
37.0	44.6
36.3	57.0
37.1	60.0
36.7	44.2
36.0	41.5
36.8	38.9
36.8	33.7
37.0	34.0
37.3	23.2
36.5	42.1
38.0	69.0
36.2	69.8
37.1	44.0
36.6	88.5
36.2	68.6
37.1	69.4
37.2	36.1
36.9	54.5
36.7	51.7
37.1	49.7
37.3	58.3
36.6	56.8
37.5	54.0
37.0	51.6
36.9	45.9
36.6	35.6
36.3	32.3
37.4	31.7
36.4	27.8
37.3	15.5
36.2	24.6
36.5	29.0
37.2	26.9
37.0	29.5
36.2	31.4
36.4	35.9
36.7	33.0
36.1	38.7
37.3	69.6
37.6	68.6
36.9	59.8
36.5	58.0
37.5	60.5
36.3	58.3
37.0	62.8
36.3	78.0
36.4	57.6
37.0	71.4
35.4	50.9
37.0	45.0
37.5	43.4
36.9	33.4
37.1	23.0
36.6	35.5
36.6	36.3
37.0	41.2
37.2	38.0
36.8	40.2
36.3	34.7
37.0	41.5
36.7	50.5
37.1	49.8
36.9	53.8
37.8	41.5
37.6	42.7
36.7	42.2
37.4	32.7
37.1	24.2
36.1	25.9
36.5	26.3
36.4	24.9
37.1	10.8
37.0	46.8
36.1	46.5
37.7	53.8
36.0	54.2
35.8	50.3
36.8	49.4
36.7	38.0
36.7	45.5
36.2	39.1
36.0	20.0
37.4	23.6
36.5	29.0
35.9	28.7
36.5	32.5
35.5	36.9
35.7	35.4
36.7	44.5
36.2	55.0
36.1	51.1
35.6	51.8
35.7	53.1
35.7	51.5
36.9	53.1
36.4	36.4
36.1	32.4
36.3	25.8
36.2	32.2
35.3	36.9
35.5	36.9
35.9	42.3
36.0	53.1
35.6	41.1
35.7	46.7
36.3	39.8
35.4	44.6
35.8	46.5
36.0	42.8
35.7	41.4
35.1	18.6
35.1	24.2
34.9	21.5
35.1	29.1
35.1	30.3
35.1	31.6
34.9	37.7
35.5	46.3
35.4	40.6
34.7	34.9
35.2	43.9
34.9	33.1
34.8	32.2
36.1	28.2
35.1	25.7
34.8	28.8
34.9	33.1
35.2	36.2
34.6	33.2
35.0	41.6
34.9	38.7
34.5	27.9
34.8	29.8
34.6	34.4
34.7	31.6
34.6	37.9
34.9	52.0
34.8	35.9
35.0	31.5
34.5	27.4
34.4	18.6
34.8	25.6
35.3	31.6
34.7	19.7
34.7	32.5
34.8	27.8
34.5	31.3
34.6	27.6
34.6	35.1
34.4	43.1
34.6	40.9
34.7	37.0
34.7	32.0
34.4	25.5
34.0	31.0
34.5	19.7
34.4	24.4
34.4	22.5
34.6	23.6
34.4	22.1
34.5	19.7
34.2	19.7
34.6	32.7
34.5	26.6
34.4	29.7
34.4	32.4
34.4	29.9
34.3	35.0
34.6	36.1
34.1	44.0
34.6	35.8
34.2	32.6
34.5	37.6
34.3	30.9
34.2	22.9
34.6	19.5
34.4	25.2
34.5	35.5
34.5	26.8
34.4	21.7
34.3	21.2
34.4	16.9
34.4	13.0
34.3	33.9
34.6	18.5
34.5	43.9
36.6	26.4
36.7	33.1
36.5	39.2
37.2	32.5
37.1	41.1
36.1	36.8
36.9	39.3
36.8	25.4
37.8	26.4
36.5	31.9
36.7	50.9
36.5	48.9
36.5	31.6
36.7	39.1
37.2	37.6
37.1	26.2
37.1	31.2
37.0	18.1
37.2	27.0
36.2	17.4
37.1	11.2
36.1	21.9
36.4	31.0
36.3	24.3
37.1	41.2
36.3	24.6
37.7	87.0
37.5	33.1
37.4	34.5
36.4	44.4
37.5	53.3
36.7	52.0
37.0	59.8
36.8	60.7
36.7	61.9
37.2	57.5
36.8	64.0
37.5	53.5
36.4	61.8
36.9	63.1
36.2	80.0
38.2	64.4
37.2	92.1
37.2	75.6
37.3	100.4
36.6	69.0
36.9	92.0
36.2	67.3
37.2	53.3
36.7	67.9
38.4	33.9
36.1	40.4
38.0	42.6
37.6	48.5
37.3	53.6
37.4	45.5
37.3	37.6
37.4	45.3
36.9	37.5
36.8	45.1
36.8	43.9
37.4	45.0
36.9	38.0
37.3	32.6
36.3	42.7
37.2	59.0
36.7	48.3
36.3	46.7
36.2	55.3
37.2	53.6
36.7	53.3
37.2	52.1
36.6	48.1
37.8	50.5
36.7	46.1
37.1	51.2
37.0	32.4
37.1	34.4
36.6	13.1
37.2	26.2
36.1	32.2
37.0	45.4
37.1	49.5
37.1	49.5
37.0	39.6
36.2	35.2
35.8	23.8
36.6	32.1
36.7	40.4
36.2	32.8
37.1	21.8
36.3	13.0
36.7	27.2
36.6	39.5
37.0	55.1
37.3	53.0
37.1	65.6
37.2	47.2
36.5	60.9
36.1	105.4
36.5	77.7
36.5	79.2
35.7	70.5
36.2	83.3
36.3	41.1
37.4	8.7
36.4	27.0
36.9	35.8
35.8	46.9
36.6	55.9
35.8	74.2
35.6	63.8
36.3	75.7
36.9	92.9
36.4	81.0
37.0	75.3
36.2	68.7
36.7	72.9
36.4	15.5
35.6	29.4
36.3	40.9
36.7	68.0
37.1	110.6
36.9	120.3
36.1	108.1
35.6	94.8
35.8	79.3
37.0	85.8
36.7	95.1
36.3	34.5
36.1	59.1
36.2	69.3
35.4	81.3
36.1	68.7
36.4	96.1
36.1	82.4
36.1	127.7
36.3	132.0
36.1	99.2
36.8	28.6
35.5	34.4
36.7	41.0
35.8	65.4
36.4	83.8
37.3	69.8
35.4	65.8
35.8	63.4
36.3	53.8
36.1	50.3
35.4	22.8
36.1	39.8
35.2	54.1
35.4	36.1
35.9	27.7
36.4	32.9
35.8	25.0
36.5	47.5
35.9	62.6
36.3	68.3
36.3	92.9
35.9	75.5
35.2	95.5
35.9	90.9
35.3	87.2
35.6	89.6
35.9	73.6
36.4	88.2
36.1	60.0
36.6	70.6
37.9	85.4
38.1	99.8
37.4	96.3
37.3	88.4
38.0	75.0
37.9	89.6
37.8	82.0
37.7	79.7
37.6	77.3
37.3	20.4
37.1	26.0
36.7	28.3
37.7	25.9
37.1	40.0
37.0	56.2
37.2	47.8
36.2	38.3
37.2	41.7
38.1	38.3
37.4	46.1
37.1	34.5
36.5	25.3
36.6	35.1
37.0	35.8
38.0	40.5
36.7	51.4
36.8	51.0
37.4	46.4
36.9	45.4
37.1	56.7
37.0	50.6
37.1	56.7
37.5	46.9
37.7	20.5
36.6	37.4
37.2	34.3
37.3	33.7
36.7	36.9
37.5	37.7
36.6	49.0
37.8	29.5
37.0	33.7
36.3	29.5
36.4	33.5
36.1	47.9
37.3	41.1
36.6	52.1
36.1	40.9
36.0	44.6
37.0	45.3
36.2	44.6
36.3	43.4
36.3	36.8
36.8	31.2
35.9	28.0
36.3	32.6
36.6	28.6
36.1	29.8
36.7	32.9
36.3	34.0
36.0	35.0
36.7	37.8
36.9	37.4
36.4	36.6
36.6	33.0
36.2	23.3
35.9	17.0
36.3	25.4
36.4	30.3
36.1	24.9
36.6	34.9
36.2	36.9
36.4	27.0
35.6	37.9
36.0	40.5
35.8	30.1
35.9	26.4
36.8	19.4
35.8	18.5
36.0	22.9
36.1	26.7
36.6	28.0
36.9	21.8
37.1	41.3
36.9	23.7
36.7	36.6
35.9	38.4
36.2	28.2
37.2	35.3
36.7	38.9
36.4	23.4
36.6	1.8
35.5	8.9
36.8	24.2
36.2	15.5
36.8	29.1
36.5	28.5
36.8	24.1
36.0	25.0
35.8	25.6
35.8	36.0
36.2	51.5
36.7	60.9
37.2	50.9
35.8	48.8
35.8	41.5
36.0	48.0
36.2	31.2
36.7	30.8
36.2	32.9
35.7	37.9
37.1	46.7
36.5	55.4
36.2	82.2
36.9	44.3
35.7	45.1
35.9	55.4
36.2	46.1
37.0	42.6
35.8	50.6
36.7	53.3
36.8	63.3
37.1	74.3
36.5	58.7
35.9	52.7
36.3	44.3
36.7	40.7
36.2	35.4
36.8	20.7
37.0	25.6
36.2	24.4
36.3	26.8
36.0	34.6
35.8	39.6
36.9	39.7
36.2	37.1
35.9	29.3
36.9	23.3
36.3	21.9
35.8	21.8
35.4	21.1
35.5	25.7
35.6	22.6
35.9	23.9
35.5	21.6
35.8	22.7
35.3	14.9
35.8	70.6
35.7	77.7
35.4	63.0
37.7	48.2
38.0	56.0
37.8	49.0
37.4	50.8
37.1	57.3
37.1	55.3
37.9	73.2
38.1	52.2
38.3	60.4
37.4	21.4
37.5	35.3
38.3	57.2
37.7	58.2
37.0	61.5
37.5	83.1
37.6	84.3
37.2	83.6
37.8	73.3
37.6	80.2
36.9	91.9
38.0	69.2
37.2	33.7
37.3	43.7
36.9	56.0
36.6	61.1
36.9	54.3
38.1	78.7
36.6	81.1
37.8	76.2
37.1	72.7
36.9	56.3
37.4	61.4
36.7	38.0
37.2	40.9
36.9	66.8
37.3	66.3
36.9	63.0
36.5	77.0
37.6	99.2
36.4	96.2
36.5	85.8
37.2	68.5
37.0	60.5
37.0	12.9
37.0	21.3
36.5	22.7
37.2	27.1
36.3	37.0
38.0	40.8
36.6	51.9
36.7	51.2
36.3	52.2
37.2	48.2
36.8	36.8
37.3	38.2
37.3	33.2
37.0	44.6
38.0	61.4
37.7	59.0
37.4	77.0
37.5	72.6
37.0	94.8
36.8	87.4
37.4	86.5
36.6	83.3
36.6	73.9
38.0	71.9
36.8	22.1
36.7	41.3
36.4	43.7
37.2	42.4
36.5	43.9
36.6	56.8
36.1	55.6
36.9	65.4
36.8	57.0
36.2	51.5
36.2	43.8
35.7	16.5
35.9	28.0
35.9	26.2
35.8	22.6
35.4	25.2
35.6	25.5
35.5	29.2
35.3	20.3
35.1	22.8
35.3	20.2
35.3	23.0
35.5	29.4
35.9	25.3
34.9	23.7
35.0	22.2
34.9	14.0
34.9	8.8
35.0	27.8
35.0	33.6
34.9	35.3
34.9	16.9
34.8	25.0
34.9	28.4
34.9	36.3
35.0	35.8
35.0	46.2
35.0	37.3
34.8	33.3
34.9	46.2
34.9	33.2
34.8	34.6
34.9	28.0
33.7	20.9
33.2	21.0
32.9	25.9
32.7	29.1
32.6	25.8
32.6	33.4
32.6	32.9
32.6	27.2
32.7	29.8
32.7	33.7
32.9	38.3
32.8	32.2
31.0	25.0
31.0	31.7
31.0	33.9
30.9	33.4
31.0	30.6
30.9	29.9
31.0	29.5
31.1	26.7
31.1	32.9
31.1	27.7
31.1	21.2
30.8	17.5
30.7	21.9
30.7	27.2
30.7	24.0
30.7	30.9
30.7	24.6
30.7	29.0
30.7	27.2
30.8	27.0
30.8	23.7
30.8	21.1
30.8	19.3
30.7	10.6
30.7	23.5
30.7	27.5
30.7	24.7
30.7	24.6
30.7	21.4
30.7	19.0
30.8	19.0
31.1	27.5
31.1	31.3
31.1	38.5
31.1	33.3
31.1	45.7
31.1	39.0
31.1	37.4
30.7	18.4
30.7	29.0
30.7	36.3
30.7	49.9
30.7	38.2
30.7	37.7
30.7	37.2
30.7	36.2
30.7	34.4
30.7	31.0
30.8	33.2
30.8	25.3
30.8	24.2
30.8	14.3
30.7	16.3
30.8	35.3
30.8	31.9
30.8	32.5
30.8	24.4
30.8	16.4
30.8	20.6
30.8	27.4
30.9	21.0
30.8	17.3
30.9	16.0
31.2	19.2
31.2	23.7
31.2	29.9
31.2	38.0
31.2	46.4
31.3	56.6
31.2	48.8
31.2	52.4
31.2	50.3
31.1	29.7
31.1	24.2
31.1	22.9
31.1	19.6
31.1	24.9
31.1	35.6
31.1	31.4
31.1	25.4
37.1	23.9
36.5	58.5
37.4	50.4
37.1	84.5
37.2	74.8
36.9	72.4
36.6	67.4
34.9	32.6
34.9	52.0
35.2	51.3
35.4	73.2
35.0	75.3
35.5	71.1
35.6	73.0
35.6	70.4
35.2	67.4
35.1	73.1
35.2	62.3
35.7	68.6
34.8	20.4
34.4	68.2
33.8	67.2
34.0	61.1
34.0	56.7
34.0	47.0
31.4	29.2
31.3	44.9
31.2	57.0
31.2	73.4
31.2	81.8
31.2	76.6
31.2	89.7
31.2	89.1
31.2	81.2
31.3	95.0
31.2	79.1
31.4	45.9
31.3	52.9
31.2	63.3
31.3	72.7
31.2	95.4
31.3	81.3
31.2	89.6
31.3	94.8
31.3	111.6
31.3	90.4
31.3	89.8
31.3	80.0
30.9	30.3
30.9	28.0
30.9	36.5
30.9	48.2
31.0	73.4
31.0	67.2
31.4	16.8
31.4	32.5
31.4	58.8
31.4	60.7
31.4	75.7
31.4	38.6
31.4	27.3
31.4	25.7
31.4	35.2
31.4	40.2
30.3	15.2
30.3	10.4
30.3	19.8
30.3	14.4
30.4	14.6
30.4	20.0
30.4	13.0
30.4	15.8
30.3	24.3
30.3	42.8
30.4	36.0
30.3	40.0
30.4	40.8
30.4	35.5
30.4	23.7
31.1	59.5
31.0	38.8
31.1	39.9
31.1	30.2
31.1	30.6
31.1	23.7
31.1	32.6
31.1	51.8
37.2	1.0
36.0	38.0
35.2	59.1
35.0	71.9
34.9	59.3
35.1	68.8
31.9	48.7
31.8	50.7
31.8	47.7
31.8	46.9
31.7	41.3
31.7	41.2
31.0	25.1
30.9	22.5
31.0	28.7
35.2	23.4
35.4	60.4
35.1	67.6
35.8	87.0
34.9	35.0
36.2	36.6
35.6	40.2
34.9	42.9
35.1	39.9
33.5	9.7
33.2	21.4
32.9	36.7
32.8	44.3
32.6	62.2
32.6	49.2
32.6	65.7
32.5	83.9
32.5	79.3
32.6	83.5
32.6	75.4
32.6	88.8
32.5	97.1
32.7	59.7
32.7	52.3
32.7	34.1
33.2	21.3
33.2	60.8
33.3	58.9
33.4	55.4
33.4	63.7
33.5	58.0
33.4	91.9
34.2	48.3
34.1	65.3
34.2	65.3
34.2	57.5
34.4	67.4
34.4	82.1
34.4	93.3
34.6	105.2
34.5	111.9
34.5	127.1
34.4	107.1
34.5	127.6
34.6	112.1
34.6	99.1
34.6	91.6
34.7	88.6
34.3	30.7
34.2	36.1
33.9	47.8
33.6	57.4
33.4	76.5
33.2	49.0
33.3	50.6
33.2	59.2
33.2	50.9
33.1	54.4
33.2	58.7
33.1	74.3
33.2	57.3
31.3	25.2
31.2	29.1
31.1	47.8
31.1	56.5
31.1	45.6
31.1	43.2
31.2	68.0
31.1	69.9
31.3	93.4
31.3	90.8
31.3	104.1
31.3	89.7
31.3	91.9
31.3	69.0
31.3	68.3
31.3	60.6
31.3	15.9
31.3	21.7
31.3	24.4
31.3	30.4
31.3	38.1
31.3	39.1
31.4	50.4
31.5	37.9
31.4	65.2
32.3	49.6
32.4	58.4
32.4	50.6
32.3	62.5
32.3	55.1
32.3	75.5
32.3	61.2
32.3	59.7
32.1	55.0
32.1	45.3
32.2	53.4
32.1	45.7
31.3	27.8
31.2	39.9
31.1	43.1
31.1	61.4
31.1	61.4
31.1	74.0
31.1	86.5
31.1	84.4
31.1	98.4
31.1	93.7
31.2	108.0
31.2	96.4
31.2	105.5
31.2	89.2
31.3	78.0
31.3	61.5
31.0	20.3
31.1	27.7
31.1	29.3
31.1	24.8
31.3	40.3
31.3	35.8
31.4	33.5
31.3	32.4
31.2	9.2
31.2	13.2
31.2	16.9
31.2	23.6
31.2	22.4
31.2	22.8
31.2	34.3
31.2	41.1
31.2	38.5
31.3	36.0
31.3	36.2
31.2	39.3
31.3	40.8
31.3	31.9
31.2	6.5
31.2	21.5
31.2	31.8
31.2	44.6
31.2	39.1
31.3	47.8
31.3	70.0
31.3	74.3
31.3	94.5
31.3	72.1
31.3	91.2
31.3	73.8
31.3	66.4
31.3	104.8
31.3	63.4
31.4	37.7
32.3	26.4
32.2	30.7
32.3	30.8
32.2	35.8
32.3	32.7
32.3	36.4
32.3	8.0
32.3	17.2
32.3	25.7
32.4	32.9
32.2	29.6
32.3	43.5
32.4	30.7
32.2	34.5
32.3	37.0
32.3	31.0
32.3	7.0
32.6	16.7
32.5	25.4
32.5	21.3
32.6	19.0
32.6	17.1
34.2	52.9
34.2	74.8
34.3	83.8
34.2	114.0
34.3	105.2
34.4	106.7
34.5	92.7
34.5	111.7
34.4	132.2
34.4	127.4
34.5	159.7
34.5	106.1
34.5	91.4
34.5	50.3
34.6	62.8
34.5	73.4
34.6	54.3
34.6	65.1
34.6	75.3
34.8	88.4
34.7	95.9
34.8	132.6
34.9	121.6
34.8	126.0
34.9	146.2
35.1	167.3
34.8	162.0
34.9	176.6
34.9	179.4
34.9	167.1
34.9	168.8
35.1	130.4
35.1	144.0
34.9	121.1
35.1	26.3
35.1	39.8
35.0	46.7
35.0	60.5
35.0	45.4
35.1	56.0
35.0	62.8
34.9	52.7
34.8	69.5
34.8	40.6
34.8	29.7
34.8	37.7
34.8	34.3
35.2	34.1
34.8	34.2
34.9	29.6
34.8	34.0
35.1	6.1
35.3	9.1
35.0	16.4
35.2	31.1
35.1	34.5
35.0	28.5
35.4	23.9
36.0	21.2
36.8	6.0
35.8	44.9
36.1	45.1
36.5	51.3
36.0	57.9
36.4	52.3
36.8	47.0
36.1	48.4
36.1	47.3
36.3	41.8
36.1	47.0
36.7	57.6
36.8	52.2
35.9	55.8
36.2	79.8
36.4	68.6
36.5	68.1
37.0	57.0
36.5	62.5
36.9	80.0
36.6	91.3
36.5	107.4
37.2	118.8
36.6	113.1
37.7	89.3
37.4	84.3
36.7	65.9
37.5	21.9
35.1	52.5
34.5	85.0
34.2	86.4
33.9	115.4
33.7	118.4
33.5	150.1
33.7	162.6
33.7	151.0
33.6	179.9
33.8	165.9
33.7	146.6
33.7	127.7
34.0	119.7
34.1	108.9
31.5	42.4
31.4	46.7
31.4	64.3
31.3	64.6
31.4	75.3
31.3	102.1
31.3	114.6
31.4	116.6
31.4	124.7
31.5	126.5
31.4	107.8
31.5	129.1
31.5	91.8
31.6	93.9
31.6	106.4
31.5	99.6
31.5	73.8
31.6	59.8
31.0	30.1
30.9	46.7
30.9	55.8
30.9	54.6
30.9	60.9
31.0	66.0
30.9	72.4
30.9	99.3
31.1	79.3
31.0	96.0
31.0	91.9
31.0	117.1
31.1	92.6
31.1	111.5
31.2	102.9
31.2	87.8
31.2	78.3
31.2	68.0
31.3	56.2
31.3	51.9
31.4	27.3
31.3	43.7
31.3	67.2
31.2	77.6
31.3	97.3
31.2	106.5
31.3	112.3
31.3	134.0
31.3	129.7
31.4	132.5
31.4	143.3
31.4	121.7
31.4	130.0
31.4	91.4
31.3	101.6
31.4	87.0
31.4	74.3
31.4	66.6
31.5	55.5
32.0	22.9
32.0	38.6
32.0	35.2
32.0	38.2
32.0	51.1
32.1	77.7
32.0	105.7
32.1	104.0
32.1	95.3
32.1	132.9
32.1	143.5
32.1	128.7
32.0	126.1
32.0	111.3
32.0	88.1
32.0	90.3
32.0	94.2
32.0	89.9
32.1	72.6
33.6	29.3
33.7	60.5
33.9	64.5
33.8	61.0
33.8	64.6
33.8	74.5
33.8	57.1
33.9	53.6
34.0	61.9
34.0	55.5
33.9	61.4
34.0	64.3
34.2	57.2
36.2	23.7
37.2	24.7
36.8	28.2
36.6	50.3
36.3	40.4
36.9	52.7
36.0	51.7
36.9	73.5
36.2	50.1
36.9	43.9
37.4	42.4
36.8	30.1
36.3	40.7
37.8	51.5
36.3	87.0
36.7	109.0
36.6	130.3
37.6	108.2
37.9	82.9
37.0	63.1
37.5	41.2
37.3	45.6
37.2	51.7
37.8	58.6
37.4	46.4
38.1	42.2
36.9	27.0
36.2	35.0
36.6	41.1
36.5	67.6
36.7	71.6
36.7	74.7
36.6	87.9
36.8	49.5
36.8	59.8
36.5	41.5
36.9	49.3
36.2	57.9
36.8	45.7
36.6	59.6
36.1	51.0
36.4	51.9
37.0	45.6
35.4	24.2
35.7	43.1
36.0	53.0
35.5	58.1
36.7	73.5
37.1	75.7
36.2	107.0
36.8	115.3
37.3	133.3
37.1	146.6
36.6	134.2
36.2	166.2
36.6	147.6
36.4	126.7
36.1	146.3
36.3	157.7
36.4	96.8
35.8	78.9
36.1	65.1
37.1	60.2
36.0	12.2
36.4	23.2
36.3	26.1
37.1	75.6
36.4	71.1
36.3	102.2
37.0	120.8
35.6	131.0
36.8	242.5
36.1	155.8
35.6	166.8
36.2	166.5
36.2	178.1
36.1	178.8
36.0	160.8
36.1	130.1
36.0	94.2
35.5	83.7
35.7	79.8
36.5	17.6
36.9	53.9
35.6	63.9
35.8	74.8
35.8	91.6
35.2	79.1
36.7	124.9
37.1	153.7
36.4	149.8
36.4	167.6
36.7	156.5
36.0	156.5
36.4	166.1
36.1	134.2
35.6	111.2
35.7	96.3
35.6	91.7
35.5	25.6
36.3	22.6
35.9	31.4
36.2	66.6
36.4	120.0
36.1	134.8
36.3	174.7
35.4	230.1
36.1	228.6
35.4	173.7
34.9	146.7
35.9	132.6
36.1	109.7
35.4	100.1
35.8	47.3
36.0	50.0
36.1	78.2
35.1	74.2
35.8	81.1
35.9	94.8
36.3	101.7
35.8	140.0
35.8	107.3
35.1	160.6
35.5	161.4
35.9	143.8
35.3	140.5
35.1	151.2
35.6	133.7
36.0	137.4
34.5	108.3
36.1	112.4
34.8	112.7
35.0	82.2
35.5	46.7
35.4	60.6
35.5	49.9
35.4	64.9
35.7	88.3
35.8	92.8
35.9	108.9
35.9	140.9
35.8	145.9
35.3	159.1
35.6	149.0
35.4	143.8
35.4	160.4
35.1	176.0
35.7	160.6
36.2	138.7
35.5	114.0
35.5	82.7
35.1	92.0
35.9	63.3
35.6	48.3
34.9	50.4
35.5	56.8
35.5	61.5
35.4	63.5
35.3	73.6
35.5	78.6
35.1	80.8
35.2	77.7
34.5	92.1
34.9	105.1
35.0	121.9
35.2	80.8
35.6	108.0
35.1	94.2
35.2	78.4
35.9	81.5
35.0	59.3
35.1	49.4
35.2	36.9
35.4	49.8
35.3	68.7
35.2	85.3
34.7	107.1
35.1	108.8
35.3	163.0
35.5	175.2
34.8	155.6
35.4	178.2
35.4	178.3
34.4	179.3
35.2	178.5
34.5	182.6
35.2	145.8
35.1	156.6
34.7	144.9
35.4	120.1
35.1	121.1
35.1	73.0
35.5	35.2
35.4	52.4
35.1	77.0
34.8	75.7
35.1	82.1
34.8	100.0
34.8	99.8
35.6	77.8
34.6	107.3
34.8	90.5
34.9	97.1
35.1	82.4
35.2	80.6
34.8	64.3
34.9	70.4
34.8	56.2
35.2	50.4
35.3	48.7
35.1	35.5
35.3	35.0
34.8	38.3
34.9	39.9
34.7	50.8
34.9	41.0
34.8	55.1
35.4	62.8
34.7	77.5
34.4	48.1
35.2	51.5
35.0	87.1
34.7	103.9
35.5	112.8
35.1	138.2
35.0	143.7
35.1	135.1
35.1	155.6
34.5	118.5
34.9	103.7
35.4	125.5
35.1	103.3
35.2	82.7
35.1	52.4
35.3	53.9
34.4	63.7
35.7	55.3
35.5	37.3
36.5	159.8
36.6	82.2
36.6	62.4
37.4	48.6
36.7	96.1
38.2	101.5
37.9	112.9
37.3	171.1
36.9	203.5
37.2	121.8
37.0	172.5
36.2	52.9
36.8	79.3
37.2	110.5
36.6	123.1
36.1	98.7
36.6	101.6
36.5	105.7
35.6	44.0
36.5	65.3
36.5	85.4
36.7	125.3
36.3	119.3
36.3	116.8
35.9	152.0
36.7	153.0
36.7	188.2
35.6	243.3
36.4	255.5
36.4	231.1
35.8	213.2
36.2	240.8
36.7	223.0
36.7	166.4
36.8	125.4
35.9	112.8
36.1	87.6
37.2	73.8
35.7	145.1
36.2	187.9
36.5	200.2
35.6	114.4
35.6	117.7
35.8	129.7
36.4	117.5
36.2	41.7
35.3	79.9
35.8	54.8
36.4	65.1
36.1	59.4
35.2	83.6
35.9	211.0
35.3	265.8
35.8	100.0
35.9	76.9
37.0	47.7
36.8	80.6
37.0	93.6
37.2	134.3
36.7	133.8
36.4	225.1
36.9	179.2
37.0	179.7
36.1	260.2
36.1	181.5
36.4	121.9
37.8	14.9
36.6	138.1
37.1	113.5
36.0	62.3
38.1	80.0
37.3	0.1
36.6	23.6
37.0	84.2
37.3	71.7
36.8	75.6
37.3	105.6
37.3	115.7
36.2	93.5
37.2	44.3
36.9	65.2
36.7	85.4
36.4	118.0
37.1	158.5
36.0	200.0
37.2	239.8
35.6	253.8
36.8	269.6
36.6	206.5
36.6	212.6
37.2	174.3
36.5	245.7
36.2	247.4
36.6	273.4
36.4	240.7
37.0	205.4
36.5	182.7
36.3	186.4
36.7	121.0
36.0	53.2
36.3	55.6
35.9	71.9
36.8	106.0
36.4	135.5
36.7	162.3
36.3	186.2
35.8	193.0
35.9	242.6
36.5	238.1
36.4	236.2
36.1	239.0
36.5	217.4
35.9	232.9
35.7	183.5
36.1	149.1
36.0	148.0
35.6	54.6
35.5	79.7
36.1	105.3
35.1	142.8
35.7	152.3
35.0	193.7
35.8	211.2
35.2	191.7
35.5	164.8
35.4	267.3
35.1	228.2
35.0	156.6
34.9	159.9
35.9	133.3
35.0	137.1
34.9	38.9
35.8	36.8
34.9	43.9
34.6	44.6
37.0	62.7
37.4	95.7
36.3	122.5
37.1	171.5
37.7	177.0
36.9	213.2
36.7	295.6
36.8	250.1
36.9	303.0
36.1	293.7
36.3	280.9
37.5	262.3
36.1	206.6
36.3	226.1
36.8	193.1
36.8	196.4
36.5	160.8
36.7	149.2
36.5	134.5
36.6	58.0
36.6	104.2
37.7	140.6
36.1	84.4
36.2	106.3
36.6	175.9
36.0	211.5
36.2	160.2
36.8	213.9
35.9	190.8
37.1	191.2
36.4	164.3
36.8	245.7
37.3	194.7
36.5	265.8
36.4	244.4
35.8	143.0
35.9	122.2
35.9	107.3
37.1	138.4
36.5	95.9
36.5	45.8
36.2	98.7
36.1	131.2
36.3	123.7
36.9	167.4
35.8	209.0
36.6	144.2
35.3	116.5
35.5	9.1
35.8	28.7
35.5	63.1
35.3	77.4
34.6	123.7
35.4	135.0
35.1	172.5
34.6	139.8
34.5	149.6
35.2	94.7
34.7	62.1
34.6	39.4
35.2	45.2
35.2	50.5
34.7	107.2
34.5	180.7
34.8	179.7
34.9	163.6
34.6	86.4
34.2	99.1
35.0	84.8
34.6	46.6
35.2	8.0
34.8	41.4
34.6	52.9
34.4	85.6
34.6	90.6
34.7	78.5
34.7	116.0
33.8	79.1
34.0	145.9
33.2	22.9
33.0	47.2
32.9	63.4
33.0	119.3
32.7	121.2
32.6	162.9
32.7	150.6
32.7	185.4
32.6	230.5
32.7	223.7
32.6	244.5
32.5	223.8
32.7	235.8
32.4	254.6
32.5	228.2
32.6	156.6
32.4	174.6
32.1	182.9
32.5	134.0
32.3	139.4
32.3	112.3
32.1	107.0
32.3	95.2
32.2	36.1
32.0	50.4
31.9	47.9
31.7	61.5
31.8	57.4
31.8	60.7
31.8	59.3
31.8	40.6
31.6	47.9
31.7	30.3
31.7	80.5
31.7	63.0
31.6	177.8
31.6	154.9
31.7	90.7
31.6	89.3
31.7	51.2
31.7	42.4
31.6	39.8
36.7	89.5
37.4	85.2
37.5	48.3
37.2	52.3
37.1	49.1
37.2	68.0
36.2	57.1
36.2	47.4
35.6	70.8
36.6	103.5
37.1	175.2
36.4	173.4
36.7	166.3
36.4	218.2
36.2	193.5
36.0	166.8
36.6	241.9
37.2	224.1
37.1	297.1
36.4	265.6
36.1	267.3
35.8	255.3
37.0	211.2
36.0	149.9
35.8	133.7
36.5	113.1
36.4	127.8
35.9	38.2
36.3	65.4
37.0	104.9
35.4	116.0
36.1	123.2
35.4	202.5
35.1	92.5
34.8	70.2
35.9	74.4
36.0	71.3
34.3	57.9
35.0	59.8
35.1	84.4
34.4	69.2
35.3	83.8
34.7	106.3
33.8	145.5
34.3	136.2
34.4	118.0
34.7	164.2
34.2	140.3
33.7	166.7
34.4	145.7
34.6	164.8
34.4	142.2
34.2	129.1
34.1	89.2
34.1	66.4
33.5	63.8
33.9	71.2
33.4	39.7
33.3	44.7
33.2	38.4
33.4	98.5
33.1	71.7
33.4	111.8
32.8	100.6
33.2	80.9
32.8	100.9
33.1	125.6
32.7	117.3
32.6	125.4
32.7	101.3
32.4	105.3
32.5	124.8
32.6	131.4
32.5	118.3
32.4	101.3
32.7	92.1
32.5	79.0
32.4	71.3
32.5	52.0
32.2	58.4
31.9	24.5
31.9	44.4
31.6	50.0
31.8	58.3
31.6	58.5
31.5	101.1
31.5	80.6
31.3	95.9
31.1	92.8
31.2	118.8
31.1	109.3
31.0	139.0
31.0	111.8
31.0	86.6
31.0	119.2
31.1	124.3
30.9	62.7
31.0	111.6
31.0	61.9
31.0	30.5
31.0	72.9
31.0	53.3
31.0	35.4
30.9	42.1
31.0	47.6
30.9	68.1
30.8	52.7
30.8	67.2
30.8	68.9
30.8	69.2
30.7	56.8
30.7	80.5
36.2	54.9
36.4	52.2
36.5	73.5
36.8	73.1
36.5	88.7
36.4	39.6
36.1	79.7
37.1	81.9
37.1	83.0
37.3	85.1
35.9	81.9
37.3	60.2
37.0	12.2
36.5	22.5
36.0	28.6
36.2	42.2
37.2	60.9
36.4	55.0
35.9	90.0
35.7	51.9
36.6	99.2
36.8	172.1
35.8	192.8
36.1	292.2
36.0	399.4
36.3	319.8
36.1	285.0
36.3	250.1
36.3	183.3
36.4	231.5
37.2	185.1
35.6	164.1
35.0	130.3
35.6	129.8
35.9	125.2
35.5	53.3
35.8	69.0
35.6	90.1
35.7	112.4
35.7	149.4
35.6	140.8
34.9	160.4
35.8	157.4
35.3	137.5
35.5	159.1
35.5	174.1
35.0	118.7
34.9	151.0
35.5	126.1
35.0	135.8
35.2	105.8
35.0	116.4
35.1	134.3
35.3	112.2
34.8	84.9
34.5	70.9
35.2	77.7
34.8	59.9
34.6	29.6
34.5	42.7
34.7	43.4
34.3	49.8
34.3	81.2
34.3	101.5
34.1	115.7
34.4	111.8
33.9	130.6
34.0	112.6
34.1	122.9
33.9	114.2
34.0	120.5
33.7	129.0
34.0	104.7
33.5	116.4
33.7	87.2
33.7	83.5
33.5	78.7
33.4	63.4
33.6	66.6
33.6	50.7
33.2	51.7
33.4	44.2
33.6	42.8
33.5	50.7
33.4	68.1
32.9	62.3
32.9	82.4
32.8	88.2
32.6	118.8
32.6	102.3
32.8	121.6
32.3	127.4
32.2	124.4
32.0	90.3
32.2	106.8
32.1	143.1
32.0	120.0
32.0	126.9
32.1	93.3
31.9	100.1
31.8	66.5
31.8	68.9
31.7	71.6
31.8	54.1
31.5	32.5
31.3	53.0
31.3	50.7
31.2	115.7
31.1	94.3
30.9	95.7
31.0	90.8
31.0	110.5
30.8	95.4
30.7	99.5
30.7	113.7
30.5	112.3
30.6	113.9
30.6	88.1
30.5	120.4
30.5	113.6
30.6	41.8
30.6	90.9
30.5	72.8
30.5	49.9
30.5	40.1
30.6	48.0
30.7	69.6
30.6	54.6
30.6	85.7
30.5	69.2
30.5	87.1
30.4	94.2
30.4	74.9
30.4	74.5
30.3	100.1
30.4	111.3
30.3	98.8
30.3	91.3
30.3	99.2
30.4	92.6
30.4	102.5
30.4	123.4
30.4	80.6
30.4	85.2
30.4	66.0
30.3	78.3
30.4	43.8
30.3	62.8
30.6	29.5
30.5	9.6
30.4	27.3
30.4	51.8
30.4	49.0
30.4	30.8
30.4	35.2
30.4	28.4
30.4	40.1
30.4	60.6
30.4	83.5
30.3	60.4
30.3	56.1
30.4	50.6
30.4	82.3
30.3	64.9
30.4	57.0
30.3	40.1
30.6	24.1
30.5	64.4
30.5	70.1
30.4	107.6
30.4	96.2
30.4	143.1
30.3	186.4
30.4	157.2
30.3	153.6
30.3	115.7
30.4	133.1
30.4	111.7
30.5	86.1
30.5	91.4
30.5	91.0
30.4	76.6
30.4	106.6
30.5	89.9
30.4	69.4
30.4	63.9
30.5	49.2
30.5	61.1
30.4	48.9
30.5	11.2
30.5	28.1
30.5	55.9
30.4	50.5
30.4	58.1
30.4	84.2
30.4	80.1
30.4	66.2
30.4	92.3
30.4	92.2
30.4	92.1
30.4	58.4
30.4	63.2
30.4	67.9
30.3	120.6
30.4	99.8
30.2	123.3
30.3	104.4
30.2	77.7
30.3	39.3
30.4	56.7
30.3	43.6
37.9	56.5
35.8	140.0
36.9	155.9
36.6	270.4
36.8	178.2
37.5	155.8
36.0	96.1
37.0	98.5
37.7	128.7
37.3	148.8
36.5	153.5
37.4	157.1
36.6	174.9
37.0	126.4
38.2	153.2
37.5	133.4
37.1	148.4
37.0	150.3
37.6	113.0
37.3	56.0
37.0	107.4
36.4	110.9
36.4	155.0
36.9	199.1
36.0	233.0
36.4	273.3
35.2	32.9
35.4	50.1
36.4	59.5
36.6	60.5
35.9	47.5
36.1	86.9
35.4	67.7
36.2	151.8
35.4	91.4
35.9	67.6
35.4	49.8
35.3	38.1
35.8	103.1
35.9	158.4
35.8	99.7
36.4	116.5
36.8	154.8
35.3	198.4
36.6	192.2
35.3	182.5
35.9	234.4
35.7	178.4
36.1	150.6
35.7	99.0
35.5	92.9
36.2	85.7
35.4	91.0
35.7	44.6
36.5	41.6
36.3	62.2
36.3	42.1
35.1	70.4
35.5	74.5
35.2	67.7
36.0	55.9
37.4	53.9
38.6	32.4
37.3	52.1
37.0	215.2
37.8	54.3
37.6	56.2
37.5	86.8
37.5	126.1
37.3	64.3
36.5	143.2
36.2	230.1
37.0	103.7
37.0	133.2
38.6	160.6
38.6	199.9
36.9	80.0
36.6	91.7
37.8	140.6
37.1	29.0
37.2	78.1
36.9	81.0
36.8	87.0
36.2	174.1
36.7	126.0
37.6	133.3
35.5	123.6
36.8	176.4
37.7	81.8
37.3	125.7
36.8	124.5
36.4	93.3
37.5	97.6
36.3	101.3
35.9	131.0
36.6	111.5
37.1	154.4
37.5	126.5
36.7	93.8
37.2	107.8
38.2	89.6
37.8	73.9
37.9	85.3
36.2	138.6
37.4	199.9
37.0	445.7
36.2	381.5
36.6	300.6
36.0	296.3
36.4	208.5
37.0	319.2
35.9	295.7
36.4	344.9
35.7	165.5
36.6	213.3
35.5	42.9
35.3	117.6
35.2	131.8
35.1	122.5
34.5	194.5
34.5	184.6
34.6	307.8
34.5	217.6
34.8	204.3
34.8	159.5
34.1	199.9
35.5	128.4
33.9	107.8
35.0	103.1
34.8	120.7
34.0	116.3
33.3	35.3
33.4	67.5
34.3	87.2
33.3	114.1
33.5	68.9
33.7	59.7
33.4	75.4
33.4	78.4
33.0	74.5
33.2	109.8
33.3	124.5
37.2	67.0
37.5	296.8
36.7	329.9
36.7	221.4
36.7	167.1
37.4	154.5
37.3	143.3
36.7	42.2
37.5	80.0
37.5	124.0
36.6	176.4
37.5	255.8
36.9	322.0
36.2	285.3
36.1	94.1
35.8	102.6
35.7	63.1
35.5	66.1
34.9	70.0
34.9	172.4
35.0	130.1
35.4	156.2
34.6	159.8
34.8	171.9
34.2	246.8
35.0	127.6
34.2	227.2
34.9	197.7
34.2	149.3
35.0	149.2
34.7	198.7
34.3	57.7
33.1	24.1
32.9	63.9
33.0	67.3
32.5	91.9
32.3	77.0
32.0	74.7
31.9	67.5
31.7	49.1
31.5	101.7
31.5	118.3
31.4	159.1
31.5	167.2
31.4	196.8
31.5	269.6
31.4	216.7
31.3	170.2
31.1	170.5
31.1	66.0
31.2	50.3
31.0	162.4
32.1	67.1
31.9	70.4
31.8	277.0
31.7	199.8
31.5	209.5
36.6	106.1
37.5	113.4
37.7	209.6
36.8	273.5
36.5	264.7
35.7	222.7
35.4	73.7
35.5	120.1
35.8	134.4
35.1	158.6
34.8	135.4
34.7	230.5
35.0	279.8
34.2	182.5
34.3	145.2
33.7	172.6
33.6	186.8
33.5	285.1
33.5	219.7
33.3	207.3
34.0	84.5
33.8	116.7
33.4	169.2
33.3	170.3
33.2	237.7
33.1	255.5
33.0	178.8
33.3	139.3
32.2	43.3
31.8	77.2
31.9	76.4
31.9	93.0
31.1	131.7
30.8	48.3
30.8	61.0
30.8	87.9
30.7	96.7
30.7	117.5
30.7	126.2
30.6	133.8
30.5	84.8
30.5	32.0
30.6	58.7
30.5	64.0
30.6	62.6
30.5	54.7
30.4	94.8
30.4	91.5
30.2	88.1
30.3	102.0
30.3	58.8
30.3	31.1
30.4	42.3
30.4	90.5
30.4	33.7
30.3	75.6
30.3	77.6
30.2	74.7
30.2	104.4
30.2	74.6
30.1	91.4
30.2	33.9
30.2	32.3
30.1	40.8
30.1	47.2
30.1	50.1
30.2	25.8
37.5	67.4
37.0	93.0
38.2	101.9
37.7	244.2
37.9	228.8
37.7	141.3
36.9	101.1
36.7	87.9
37.9	104.3
36.9	104.7
36.8	118.7
37.0	425.9
36.5	195.2
35.6	297.5
35.4	332.8
35.5	431.3
35.2	345.2
36.3	284.9
35.1	252.0
37.5	47.5
35.7	104.0
37.7	74.4
36.1	197.6
38.0	184.3
37.7	232.2
36.6	209.6
36.6	89.5
37.2	100.3
36.8	125.1
36.9	203.0
36.3	310.1
36.9	388.1
37.1	255.2
37.7	167.9
36.2	297.9
37.0	221.1
36.2	169.7
36.9	287.5
36.4	100.5
36.4	118.0
36.3	95.2
38.3	72.8
36.4	341.3
35.2	248.8
34.9	62.8
35.7	105.4
34.8	150.8
35.3	199.2
35.5	209.1
36.1	208.2
34.8	171.1
35.1	104.0
34.5	168.7
35.8	112.6
34.8	55.3
35.9	51.3
37.6	90.2
36.9	74.3
37.1	73.5
38.4	177.6
36.8	108.1
37.1	132.5
36.7	189.2
36.6	165.5
37.7	219.5
37.0	143.8
36.9	41.7
36.0	63.1
37.6	95.6
37.4	146.1
37.0	274.5
37.4	321.9
36.1	278.5
37.1	250.2
37.0	293.8
36.4	417.1
36.3	386.1
35.9	370.8
35.5	229.7
36.6	199.1
36.8	149.0
37.0	152.1
36.8	158.1
36.9	211.2
36.3	176.6
36.2	208.5
36.5	141.4
36.2	116.4
36.0	109.7
36.7	94.8
35.6	53.8
36.3	81.0
35.6	98.8
35.2	108.9
35.2	161.8
36.7	160.6
35.1	155.4
35.2	151.6
35.8	127.9
35.7	168.8
34.9	141.6
35.8	141.9
34.6	126.4
35.0	134.4
34.8	134.6
34.7	121.0
34.7	101.6
35.0	94.4
34.3	92.3
34.0	82.0
33.8	80.9
34.5	61.8
34.3	53.7
33.9	60.4
33.9	41.0
33.4	47.5
33.8	41.2
33.4	37.3
33.3	63.1
33.6	77.1
33.3	59.8
33.0	85.3
33.1	66.5
33.3	69.7
33.0	77.6
33.2	52.6
32.6	55.4
33.1	83.0
32.9	51.5
32.7	37.6
32.8	38.2
32.8	41.7
32.9	30.4
32.8	47.5
32.9	20.0
32.7	38.2
33.1	73.5
32.6	76.9
33.0	63.4
33.1	47.9
33.1	50.4
32.8	59.8
32.9	72.9
33.4	124.9
33.0	115.5
32.8	84.3
33.0	92.6
33.3	70.5
33.1	59.6
33.9	58.2
34.4	24.6
33.9	65.9
34.2	58.7
34.2	108.1
34.4	149.6
34.1	204.9
34.1	250.2
33.9	300.4
34.1	314.8
33.7	267.2
34.5	298.2
34.1	360.3
33.7	230.1
34.7	202.4
33.9	173.9
33.6	145.2
34.8	135.1
33.9	106.8
33.4	132.7
33.7	131.8
34.1	125.2
34.1	85.2
33.7	67.4
33.7	35.7
33.4	26.9
34.1	43.2
33.8	59.5
33.6	78.4
33.7	92.7
33.6	76.0
33.2	110.0
33.6	131.8
33.6	109.8
33.3	110.8
33.5	114.7
33.3	146.2
32.8	112.3
33.5	144.5
33.3	180.6
32.9	155.9
33.3	153.2
33.1	124.8
33.2	112.4
33.1	96.5
32.9	82.8
33.0	71.8
32.9	66.4
32.6	37.1
32.4	44.5
32.6	56.3
32.2	76.1
32.5	91.9
32.4	117.8
32.2	123.4
32.6	109.7
32.3	129.4
32.1	106.8
32.1	121.8
32.2	126.8
32.2	139.0
32.1	109.0
31.9	138.0
31.9	73.6
31.9	60.5
31.9	79.2
32.1	68.0
31.8	50.5
32.0	67.0
31.9	47.5
31.4	28.8
31.4	33.2
31.4	44.8
31.5	65.3
31.6	55.2
31.4	80.5
31.4	136.0
31.2	158.2
31.1	144.9
31.4	153.9
31.1	125.1
31.2	106.0
31.0	104.2
31.1	163.9
31.0	128.5
31.3	224.7
31.2	255.4
31.1	344.3
30.9	357.7
31.0	392.8
30.9	384.3
30.7	304.2
30.7	257.3
30.7	209.2
30.7	228.8
30.7	153.9
30.7	108.9
30.5	311.4
30.4	295.8
30.4	275.1
30.4	243.0
30.4	202.5
30.5	169.8
30.5	171.2
30.4	138.8
34.7	343.2
35.0	367.2
35.2	363.9
35.6	238.6
34.9	259.9
34.0	209.1
34.7	172.6
34.4	133.3
33.9	156.1
34.3	154.1
34.0	148.3
34.1	190.4
34.1	274.9
34.1	296.6
33.1	286.2
33.4	264.5
33.1	236.5
33.0	309.8
33.0	274.9
32.9	299.8
32.8	330.3
32.7	303.9
32.7	293.0
32.5	307.0
32.2	257.5
32.5	225.7
32.0	230.0
32.0	249.7
32.2	181.4
32.0	134.1
32.0	114.7
32.0	96.2
31.9	104.4
31.8	142.8
31.8	149.4
31.8	149.0
31.7	178.0
31.8	237.8
31.7	248.5
31.5	273.8
31.5	283.5
31.4	255.2
31.3	305.6
31.3	312.7
31.1	298.8
31.1	273.3
31.0	271.6
31.1	317.7
30.9	181.9
30.9	202.5
31.0	156.5
30.9	141.9
30.9	80.9
30.8	103.3
31.5	85.2
35.9	58.8
36.1	54.5
36.3	83.1
36.2	122.2
35.9	134.0
35.7	206.4
36.4	199.3
35.9	196.2
36.5	244.0
35.8	109.1
37.4	93.2
37.0	97.9
35.5	136.4
36.8	110.6
35.7	128.9
36.1	156.0
35.9	147.0
36.5	107.6
36.3	112.8
35.8	106.9
36.0	65.3
35.6	98.3
35.7	74.2
36.0	114.5
36.2	110.0
35.3	148.5
35.9	160.7
35.2	154.5
35.6	235.4
35.8	249.9
35.2	269.2
34.6	295.8
35.5	241.7
35.2	163.1
35.3	250.8
34.8	238.2
35.0	184.6
34.5	204.3
34.9	114.1
35.4	126.1
34.9	95.2
35.2	65.5
34.4	88.6
34.6	108.8
34.3	151.5
34.6	155.5
34.6	188.5
34.3	225.1
34.1	222.8
34.1	263.2
34.0	264.7
33.3	275.5
33.6	273.7
33.4	301.1
33.6	241.6
33.7	294.2
33.4	233.3
33.0	234.0
33.5	236.0
33.1	194.0
33.0	118.4
32.6	177.5
33.0	61.6
32.8	36.7
33.0	65.7
32.6	99.1
32.8	144.6
32.5	63.1
33.0	56.0
32.7	138.9
32.8	123.5
32.5	98.8
32.7	83.0
32.6	37.4
32.8	42.7
32.8	49.3
32.6	75.2
32.7	68.9
32.6	57.2
33.0	72.4
33.1	30.9
32.8	77.1
32.8	89.4
32.7	41.1
33.1	76.4
32.7	136.7
33.0	91.8
33.1	50.3
37.0	27.2
37.3	84.3
36.8	117.3
37.6	161.3
37.3	205.7
36.1	213.2
36.6	316.6
38.0	363.4
37.8	360.4
37.2	367.7
37.4	385.3
36.6	397.2
36.3	380.1
37.5	353.1
36.1	386.6
36.8	398.6
35.8	345.1
36.2	299.1
37.2	275.1
35.8	255.3
35.2	199.0
36.1	128.0
36.2	115.5
36.6	62.2
37.0	140.8
36.7	281.1
36.7	255.5
36.4	359.0
37.6	321.1
37.5	310.3
36.9	251.8
36.9	136.0
36.9	329.5
36.3	209.4
37.0	207.2
37.0	222.9
37.1	123.1
37.6	148.9
37.8	132.4
37.1	96.6
36.5	48.5
36.9	65.3
37.5	91.1
35.6	134.4
36.8	181.0
36.1	218.1
36.9	237.2
37.0	225.7
36.6	272.0
36.6	349.8
37.9	345.6
36.0	343.7
35.9	325.2
37.9	374.7
34.7	404.2
35.8	372.1
35.3	309.6
35.3	349.6
35.0	303.0
35.0	204.1
35.3	213.7
35.1	136.0
35.4	138.6
34.6	93.5
35.1	14.0
34.8	59.5
35.2	79.6
35.0	113.3
35.1	164.3
34.5	156.3
34.2	244.1
34.8	98.1
34.1	284.6
34.6	283.0
34.9	264.5
34.0	287.2
33.7	318.3
33.6	237.5
33.8	313.6
33.4	272.4
33.8	195.1
33.3	273.0
33.5	87.3
33.6	103.4
33.6	66.1
33.5	62.8
33.2	71.4
33.6	72.0
33.2	60.3
33.4	55.3
33.0	235.8
32.8	283.5
32.9	188.7
33.3	180.9
32.9	101.2
32.9	171.7
32.9	104.1
32.7	75.5
33.1	30.5
32.9	37.4
32.7	31.5
32.8	55.3
32.9	86.3
32.7	102.0
32.8	139.5
32.4	109.0
32.2	182.1
32.3	123.9
32.3	187.0
32.3	187.7
32.3	267.0
31.8	181.9
32.0	190.4
32.0	189.3
32.0	111.5
30.9	34.9
30.9	96.6
30.8	92.9
30.7	137.4
30.8	131.8
30.9	178.1
30.7	209.6
30.7	223.0
30.7	240.4
30.7	326.9
30.6	321.0
30.6	298.5
30.8	298.1
30.6	318.4
30.5	296.2
30.5	282.3
30.6	264.0
30.5	187.2
30.6	298.3
30.5	238.0
30.5	190.3
30.5	163.8
30.7	51.7
30.6	113.0
30.7	192.1
30.6	234.2
30.6	273.9
30.6	290.1
30.5	269.4
30.5	276.9
30.5	290.4
30.5	355.0
30.4	326.7
30.5	257.6
30.4	260.9
30.4	272.3
30.5	232.7
30.4	162.4
30.4	128.3
30.5	115.8
30.5	114.9
30.6	69.5
30.5	35.3
30.6	67.1
30.6	138.3
30.5	117.3
30.5	229.0
30.5	238.3
30.5	171.6
30.4	211.6
30.5	274.1
30.4	358.1
30.4	374.3
30.4	322.8
30.3	341.1
30.4	319.6
30.4	243.8
30.4	219.9
30.3	171.9
30.3	125.4
30.4	68.3
30.5	83.5
30.5	212.0
30.4	228.6
30.4	196.7
30.5	197.0
30.4	272.5
30.4	320.8
30.4	265.1
30.5	218.6
30.4	166.6
30.3	232.2
30.4	140.5
30.3	285.6
30.3	248.2
30.3	245.2
30.4	208.8
30.3	175.6
30.3	152.1
30.3	81.3
30.5	31.8
30.4	56.0
30.4	73.9
30.4	148.6
30.4	173.1
30.4	192.9
30.3	153.4
30.3	223.4
30.3	242.9
30.4	241.7
30.3	227.2
30.4	297.0
30.2	139.2
30.3	122.6
30.3	154.5
30.3	170.8
30.3	135.0
30.3	150.6
30.3	184.7
30.3	106.8
30.3	94.2
30.3	32.6
30.4	49.9
30.4	61.4
30.4	81.4
30.4	117.7
30.4	109.1
30.3	135.0
30.3	199.9
30.4	194.0
30.3	205.2
30.3	194.5
30.2	216.8
30.2	263.2
30.2	186.3
30.3	238.7
30.3	269.9
30.3	176.6
30.2	171.6
30.2	104.1
30.3	131.4
30.2	94.7
30.2	118.9
30.3	66.3
30.4	14.8
30.3	79.4
30.3	92.8
30.3	103.1
30.3	174.2
30.3	118.7
30.4	160.1
30.3	144.1
30.3	176.1
30.3	178.0
30.3	195.9
30.2	210.2
30.1	47.7
30.1	49.2
30.0	78.7
30.0	174.1
30.0	233.7
30.0	238.0
30.0	294.2
29.9	306.8
29.9	298.2
30.0	352.0
29.9	374.5
29.9	334.7
29.9	316.7
29.9	300.3
29.9	217.0
29.9	146.2
29.9	156.9
29.9	197.5
29.9	227.9
29.9	137.7
29.9	85.5
30.0	107.0
30.0	104.8
30.0	241.5
30.0	233.0
29.9	343.5
29.9	280.8
29.9	343.3
29.9	360.1
29.9	318.8
29.9	339.1
29.8	382.1
29.9	289.8
29.9	274.1
29.9	193.7
29.9	244.6
29.9	272.7
29.9	191.7
29.9	157.1
29.9	121.7
29.9	85.5
30.1	124.8
30.0	114.2
30.1	142.1
30.1	193.1
30.1	247.3
30.0	248.1
30.0	195.6
30.0	219.9
30.0	260.2
30.0	245.0
30.0	154.3
30.0	121.5
30.0	114.9
30.0	73.1
30.0	36.7
30.0	52.4
30.0	135.6
30.0	119.3
30.0	226.4
30.0	274.0
30.0	360.1
30.0	339.3
29.9	380.1
29.9	377.6
29.9	388.0
29.9	332.7
29.9	339.5
29.9	356.0
29.9	233.4
29.9	199.4
29.9	242.9
29.9	221.5
29.9	170.6
30.0	50.5
29.9	123.8
29.9	156.4
29.9	174.8
29.9	192.7
29.9	194.8
29.9	279.6
29.9	318.4
29.9	347.1
29.9	381.6
29.9	388.3
29.8	375.4
29.9	318.1
29.8	326.5
29.8	320.1
29.8	331.7
29.8	227.0
29.8	242.4
29.8	145.3
37.5	106.5
37.1	274.3
36.8	158.6
36.6	100.2
37.9	109.5
36.0	156.3
36.6	141.3
37.4	82.2
36.4	75.1
37.6	85.7
37.3	79.6
36.4	32.4
36.5	84.1
36.6	138.0
35.9	208.2
35.9	182.3
36.6	206.4
36.5	260.0
36.0	228.8
35.9	246.3
36.1	268.0
36.0	377.3
35.6	259.7
36.4	266.3
35.8	275.4
35.4	172.2
35.7	95.3
35.5	156.8
35.7	134.1
35.3	151.4
35.0	86.8
36.9	41.6
36.6	69.5
36.6	91.8
36.9	112.0
37.2	144.1
37.2	162.3
36.3	193.8
36.5	163.0
36.4	162.6
36.8	284.8
36.4	323.1
36.9	268.3
35.5	260.9
36.3	292.8
37.4	270.9
35.5	292.7
37.2	218.4
36.3	234.2
36.2	164.6
36.1	115.5
36.0	111.6
36.1	87.9
35.4	93.8
35.3	75.2
36.1	180.6
36.6	230.3
35.9	151.3
35.8	171.6
36.4	241.8
35.5	239.6
36.1	304.1
36.1	308.4
35.6	374.0
35.5	313.9
35.3	250.3
35.6	237.8
35.4	282.6
35.3	242.1
36.3	169.9
35.3	146.9
35.1	172.6
35.3	117.8
34.6	260.2
34.9	151.3
34.6	199.0
34.9	235.9
34.8	272.9
34.5	262.9
34.5	312.1
34.3	303.8
34.6	373.1
35.1	337.8
34.4	363.2
34.5	299.9
34.3	322.1
34.2	323.3
34.4	293.1
34.2	323.4
33.7	210.2
34.1	151.8
33.9	168.3
34.4	72.0
33.7	94.8
33.9	105.1
34.3	152.8
34.0	123.7
33.8	177.5
33.9	189.1
34.1	198.8
33.7	230.3
33.7	259.1
33.7	254.3
33.2	292.0
33.5	297.8
33.4	286.9
33.5	240.2
33.4	238.2
33.4	226.7
33.3	177.9
33.1	139.3
33.1	125.2
32.9	80.1
33.1	129.3
32.9	156.0
33.2	197.1
32.9	220.6
32.9	257.7
32.7	288.4
32.7	252.2
32.8	314.1
32.6	279.9
32.5	256.1
32.5	254.3
32.5	284.3
32.2	279.7
32.2	245.6
32.2	238.9
32.2	197.9
32.2	123.1
32.1	122.8
32.1	104.4
32.0	31.0
31.9	92.5
31.8	65.6
32.0	48.5
31.9	137.9
31.9	192.7
31.7	226.2
31.8	270.0
31.7	281.9
31.7	414.0
31.6	246.1
31.6	260.7
31.5	278.4
31.5	378.5
31.3	292.9
31.3	284.6
31.3	336.3
31.2	179.5
31.2	133.3
31.2	97.2
31.1	113.7
31.1	43.3
31.0	70.3
31.1	69.5
31.1	77.7
31.1	59.5
31.0	118.8
31.1	203.9
31.0	228.0
30.9	166.0
30.9	216.3
30.9	181.9
30.8	233.5
30.8	190.2
30.8	193.6
30.8	107.2
30.9	126.3
30.8	165.7
30.9	129.9
30.8	115.0
30.9	25.1
30.8	39.0
30.8	59.5
30.9	103.4
30.8	141.1
30.7	193.6
30.8	212.3
30.7	259.5
30.7	291.0
30.7	326.3
30.6	366.8
30.6	408.4
30.5	310.3
30.5	310.4
30.5	316.9
30.5	299.9
30.5	297.7
30.5	207.8
30.5	191.8
30.5	126.9
30.5	119.1
30.6	92.8
30.5	149.5
30.6	255.9
30.5	258.7
30.5	277.8
30.5	368.2
30.5	473.4
30.5	446.2
30.4	446.8
30.4	424.0
30.4	400.1
30.4	437.2
30.4	402.5
30.4	356.9
30.4	293.2
30.4	300.5
30.4	269.0
30.4	254.1
30.4	163.8
30.4	163.2
30.4	66.5
30.5	99.5
30.4	142.6
30.4	174.5
30.4	187.7
30.5	211.3
30.4	238.1
30.4	248.6
30.3	319.7
30.4	348.6
30.3	355.7
30.3	308.8
30.3	329.4
30.3	277.9
30.3	155.7
30.3	137.6
30.4	96.0
30.3	126.3
30.3	96.6
30.4	94.1
30.5	32.3
30.4	123.6
30.4	141.1
30.4	198.2
30.4	194.2
30.3	245.8
30.4	206.4
30.4	355.6
30.3	361.8
30.3	350.4
30.3	351.6
30.3	310.0
30.3	286.2
30.3	236.5
30.3	256.5
30.4	232.7
30.3	148.0
30.3	89.7
30.3	86.1
30.4	67.1
30.4	36.5
30.5	64.1
30.4	74.5
30.4	98.7
30.4	125.5
30.4	105.5
30.4	124.2
30.3	139.5
30.4	181.5
30.3	178.0
30.4	190.7
30.4	220.2
30.3	167.5
30.3	194.9
30.3	169.0
30.3	169.6
30.3	141.2
30.3	141.9
30.3	102.1
30.3	114.2
30.3	81.6
30.4	82.1
30.4	117.3
30.4	149.7
30.3	144.4
30.4	164.8
30.3	142.4
30.3	169.7
30.3	259.9
30.3	237.8
30.3	230.6
30.3	229.2
30.3	245.5
30.3	172.4
30.3	203.0
30.3	152.4
30.3	159.6
30.3	108.2
30.3	124.0
30.3	94.6
36.9	41.3
37.0	53.9
36.6	77.0
36.4	91.9
36.0	118.4
36.5	108.7
37.8	171.8
37.4	227.2
36.3	202.9
35.8	204.6
36.4	196.7
36.2	197.5
36.7	212.1
37.2	211.3
37.0	182.4
36.1	175.4
36.1	154.8
36.9	140.5
36.4	97.7
36.6	82.5
36.1	59.2
35.9	101.1
35.3	90.9
35.7	82.3
35.5	94.2
35.7	115.8
35.8	130.4
35.4	142.8
35.7	126.5
35.6	165.0
35.4	151.1
35.0	238.6
34.8	173.9
36.0	137.6
35.3	164.4
36.2	110.8
36.5	83.5
35.3	65.9
35.1	118.1
35.1	104.8
35.2	185.9
35.1	182.6
35.3	197.6
34.9	233.4
34.8	208.9
35.2	222.2
34.6	227.6
34.7	171.5
35.1	161.4
36.5	50.7
36.0	61.2
36.7	100.4
36.8	146.7
36.1	152.0
37.1	178.0
36.9	233.7
36.4	295.7
36.1	312.8
35.7	269.2
36.7	309.0
37.7	280.8
37.3	160.9
35.9	163.2
36.1	210.2
35.2	51.0
37.0	72.3
36.9	127.3
36.2	183.6
36.7	212.0
36.9	191.0
35.9	197.9
36.9	159.8
36.9	150.4
36.5	162.5
36.7	137.1
35.7	149.4
36.8	142.8
36.6	143.7
35.4	90.1
36.8	115.1
36.0	132.7
36.0	148.9
36.5	172.6
36.3	158.7
36.2	158.5
36.2	208.0
35.7	298.4
36.1	168.7
36.6	202.2
35.3	214.7
35.6	215.7
35.7	181.1
36.4	159.5
36.4	174.3
35.5	128.7
35.8	88.0
35.8	82.3
36.0	42.8
36.0	71.1
35.2	114.6
34.9	122.0
35.7	143.5
35.9	96.9
35.5	108.5
35.2	92.8
35.4	114.7
35.0	202.9
35.8	202.8
35.4	176.9
35.7	141.7
34.9	241.2
35.6	210.3
35.3	143.1
35.7	185.5
35.1	100.3
35.4	84.3
35.8	16.3
35.0	94.5
35.2	118.4
35.3	117.4
35.0	121.2
35.0	132.5
35.1	131.2
34.8	142.2
35.2	167.5
35.1	211.8
35.0	191.5
35.0	188.9
35.5	174.2
34.6	197.3
35.0	155.9
34.9	165.7
34.7	141.6
35.0	124.2
35.2	89.0
34.5	31.2
34.6	77.2
34.6	118.1
34.8	128.4
35.0	136.1
34.3	157.8
34.5	155.5
34.8	194.7
34.4	174.9
34.6	196.6
34.4	213.8
34.4	180.0
35.0	162.3
34.3	168.1
34.3	143.2
34.5	103.4
34.3	93.8
34.4	18.4
34.5	47.1
34.5	90.8
34.1	120.4
34.2	131.5
34.3	153.5
34.0	171.3
34.2	186.1
34.1	204.9
34.1	191.1
34.0	217.9
34.0	176.6
34.2	135.5
34.3	166.5
34.0	179.5
34.1	152.5
34.1	120.2
34.3	110.0
33.9	91.5
33.8	3.7
34.1	32.6
34.1	96.6
34.1	111.1
33.9	147.1
33.9	163.0
33.9	171.6
34.0	209.4
33.8	203.4
33.6	202.2
33.7	196.3
33.8	196.0
33.5	232.9
33.6	186.7
33.7	181.5
33.7	181.1
33.6	154.6
33.7	135.9
33.5	107.6
33.6	24.6
33.7	73.1
33.5	103.5
33.5	111.0
33.5	155.8
33.5	141.1
33.2	193.1
33.3	215.9
33.3	231.7
33.4	247.8
33.1	243.2
33.1	266.2
33.2	238.1
33.3	233.8
33.2	193.7
33.3	196.7
33.0	186.7
33.1	150.0
33.2	118.0
33.0	27.8
32.8	86.2
33.2	108.8
33.0	110.7
32.8	136.7
32.9	187.9
32.9	186.0
32.8	233.3
32.9	257.4
32.7	271.8
32.7	236.0
32.6	281.4
32.8	222.7
32.6	216.2
32.7	172.0
32.9	170.2
32.8	134.6
32.5	137.7
37.2	89.1
36.3	150.9
37.9	118.4
37.5	174.3
36.5	183.9
36.8	185.3
37.2	173.8
37.0	199.0
36.8	179.5
37.3	234.6
36.1	198.0
37.2	190.8
36.5	174.7
36.7	162.6
36.9	128.2
37.2	109.3
36.8	13.9
37.0	27.3
36.8	73.8
37.3	132.4
35.8	152.8
36.3	150.6
36.5	167.2
37.8	175.4
37.2	184.4
36.0	220.3
36.8	229.6
37.4	225.5
36.5	220.6
36.1	210.3
36.4	181.1
36.6	162.2
36.0	120.0
36.3	109.4
37.1	77.6
36.9	37.8
37.0	78.9
36.8	124.9
35.8	184.2
35.5	171.5
36.3	170.6
35.3	117.8
36.4	104.0
36.8	94.8
36.3	79.5
35.6	51.7
36.1	92.5
36.3	120.5
37.2	176.1
36.4	183.7
36.2	202.4
35.5	226.4
36.1	266.4
36.1	225.7
35.8	201.9
36.7	242.8
35.8	227.1
37.1	226.0
35.9	195.8
36.6	191.8
36.5	211.0
35.4	163.6
35.9	141.3
36.1	108.3
37.5	96.6
37.8	88.6
36.4	127.8
36.9	181.6
37.3	194.6
36.2	151.5
36.6	126.2
37.5	104.2
38.1	106.3
38.1	97.3
38.1	54.5
36.9	113.8
37.2	130.9
37.3	72.5
36.4	50.3
36.9	42.9
36.8	44.0
36.9	39.1
37.3	69.7
36.3	125.8
37.5	140.5
37.2	82.8
36.3	39.3
37.3	257.9
37.6	101.7
37.6	122.7
37.3	120.1
36.8	113.7
37.3	88.8
37.1	152.7
38.0	160.8
36.9	177.3
37.6	204.2
37.7	211.0
38.0	203.2
36.9	208.3
37.1	147.9
36.5	133.5
37.4	140.6
37.7	98.5
36.5	137.1
37.4	144.6
37.0	186.3
36.4	173.8
37.3	184.4
38.0	182.4
37.6	163.5
37.1	182.1
38.2	163.9
38.0	172.1
36.0	143.6
37.3	143.2
36.9	92.8
37.6	65.2
37.1	31.8
37.2	72.6
36.6	98.8
37.2	116.6
36.8	149.2
37.2	129.4
36.9	138.2
38.2	182.0
36.4	167.6
37.1	192.7
37.3	172.6
37.5	192.9
36.4	197.8
36.8	148.1
37.2	131.8
37.2	111.5
37.7	86.8
36.9	9.0
36.2	44.6
36.9	89.5
36.6	109.5
36.9	95.3
38.4	144.2
36.2	143.3
37.1	161.3
36.3	168.7
36.3	136.8
37.0	161.7
36.4	148.0
36.4	159.9
36.2	147.1
36.2	151.3
36.0	133.4
36.8	120.3
37.1	105.5
36.8	26.4
36.8	17.3
35.4	59.4
36.1	104.8
36.8	84.4
36.2	141.5
36.8	120.9
36.5	158.8
36.7	173.5
36.2	161.1
36.5	170.9
36.3	132.2
36.3	161.6
36.4	156.8
35.9	140.3
36.1	103.1
36.1	115.1
36.5	66.0
36.9	52.0
36.9	103.2
36.1	105.4
36.5	90.3
35.9	110.7
36.9	153.5
36.5	171.7
35.9	171.8
36.3	167.4
35.8	176.8
36.4	142.9
36.8	151.8
36.4	164.2
36.5	160.1
36.3	121.5
36.8	120.2
36.8	93.2
35.3	43.8
35.4	53.4
35.5	59.4
35.9	72.6
36.3	105.1
36.0	34.2
35.8	47.2
36.1	39.9
36.6	27.3
36.6	102.2
36.3	102.9
36.7	135.0
36.1	161.8
36.0	162.9
35.6	135.8
36.4	120.8
36.3	136.3
36.0	151.6
36.6	140.6
36.1	144.3
36.4	120.2
36.4	126.8
35.8	91.1
36.2	94.2
36.2	56.5
36.5	55.2
36.0	118.4
35.8	119.2
36.6	117.4
35.6	115.5
36.0	121.7
36.2	127.8
36.0	113.5
35.4	96.2
36.2	100.2
36.1	84.1
36.0	82.5
36.0	67.3
35.6	61.3
37.1	79.8
37.0	65.7
37.5	81.9
36.6	76.9
36.7	51.0
36.0	56.6
37.0	59.3
36.3	70.7
37.5	73.9
37.0	68.3
37.7	73.3
36.8	94.3
37.6	93.6
37.4	92.4
37.4	72.5
37.8	83.8
37.4	70.0
38.0	86.4
37.4	44.9
37.6	67.3
37.9	95.9
37.6	108.5
37.9	93.4
37.6	106.4
36.7	110.2
37.6	120.6
37.2	111.4
37.4	93.1
36.7	109.9
36.9	83.3
37.6	98.3
36.5	111.3
37.1	28.5
37.0	60.3
37.5	34.8
36.7	83.5
37.5	55.0
38.2	49.3
36.1	52.8
38.0	84.1
36.9	66.5
37.3	101.6
38.3	90.4
37.1	109.6
37.4	98.4
37.0	83.6
37.2	81.7
37.8	58.6
37.3	67.7
36.4	99.1
37.0	86.0
37.2	96.2
36.5	96.5
37.3	76.6
36.7	119.9
38.2	103.9
37.9	100.2
37.3	111.3
37.3	85.0
36.7	69.7
36.7	71.7
37.1	26.8
37.0	94.7
37.1	102.9
36.5	35.8
36.9	44.3
36.3	52.2
37.0	56.3
37.2	49.5
38.4	55.4
37.0	62.3
36.9	82.4
37.3	56.8
36.8	64.7
37.8	60.3
38.0	56.3
37.5	41.4
37.1	35.9
37.3	48.4
37.9	53.1
37.0	46.8
37.3	36.2
36.3	45.9
37.2	52.3
37.2	58.4
37.1	77.1
37.4	52.7
36.8	59.1
36.2	63.6
37.5	60.2
37.5	61.2
36.9	43.1
36.4	46.3
36.8	23.2
36.3	28.1
37.1	35.6
35.9	42.1
37.0	44.7
36.9	50.1
36.6	35.6
36.7	56.7
36.8	53.4
36.7	43.3
37.1	47.2
36.5	62.6
36.1	46.7
36.4	42.7
36.5	9.8
36.7	24.2
36.7	36.9
36.6	54.7
36.3	44.9
37.0	52.9
37.4	54.6
35.9	51.3
36.5	56.6
36.2	51.9
36.0	47.2
35.8	40.9
36.3	35.0
36.3	35.2
36.5	29.2
36.6	22.7
36.4	26.2
37.3	19.1
36.0	54.8
36.2	41.6
37.3	39.3
35.6	44.2
36.6	44.7
36.8	41.0
36.2	38.4
36.3	44.8
36.5	27.6
36.1	46.0
36.5	40.7
36.3	33.4
36.1	27.4
36.0	22.9
36.6	32.5
36.7	33.2
36.5	29.8
36.0	40.9
36.1	34.4
35.5	35.5
37.3	33.2
36.8	40.7
36.1	40.0
36.8	36.3
35.1	33.5
35.8	28.6
36.3	24.6
36.1	29.8
36.4	8.9
35.6	10.6
37.5	26.0
38.0	60.1
37.4	54.9
37.3	86.3
37.2	70.8
37.0	79.4
37.1	79.9
37.6	67.0
36.2	73.5
38.1	44.4
37.6	64.1
37.2	86.0
35.5	69.8
36.9	60.8
37.4	50.1
37.2	38.6
37.3	41.2
37.0	28.3
37.2	37.0
36.9	45.0
37.3	54.8
37.5	58.1
37.4	61.3
38.1	72.9
36.6	65.8
37.2	48.7
37.3	57.0
37.0	16.6
36.6	7.3
37.2	36.1
37.3	28.9
37.0	18.6
36.8	25.8
36.6	27.9
36.6	44.2
36.2	52.3
37.1	56.2
36.4	47.2
38.1	61.0
37.4	25.7
37.6	26.2
36.8	30.5
37.5	39.1
36.2	39.4
37.3	46.8
36.6	47.5
37.7	49.9
36.6	46.6
36.2	43.5
37.3	37.0
37.0	29.5
36.9	29.1
36.5	20.4
37.0	53.9
36.5	63.0
37.3	71.2
36.8	70.7
37.9	74.1
37.3	82.5
37.8	82.1
37.9	84.4
37.0	58.9
37.5	61.8
38.6	46.0
36.9	43.9
37.7	42.3
37.4	55.5
37.4	38.2
37.6	53.9
38.0	51.2
37.5	62.2
37.8	44.3
37.1	46.0
37.5	40.8
36.8	33.0
37.0	34.4
36.4	21.2
36.9	20.2
37.2	21.5
37.8	27.4
36.3	26.1
36.7	25.8
37.2	33.3
36.5	35.3
36.9	26.2
37.1	23.1
36.6	27.9
36.9	20.8
36.8	28.2
36.8	52.8
38.4	55.1
37.7	49.9
36.5	40.4
37.4	46.5
36.9	42.6
36.9	45.5
36.3	30.1
36.4	31.3
36.7	32.2
36.3	34.2
37.1	15.0
37.4	36.5
37.5	52.5
37.0	34.7
37.3	41.9
37.9	41.1
36.9	43.2
37.0	35.9
37.6	35.5
36.4	34.0
36.6	25.7
37.3	45.3
37.5	63.1
37.3	34.0
37.2	60.3
37.1	84.1
36.3	69.9
37.0	81.9
36.5	55.4
36.9	49.9
38.2	45.8
36.9	59.7
37.1	56.8
37.1	44.0
37.2	63.1
37.1	60.6
37.4	56.1
37.3	54.9
37.5	49.1
36.9	45.2
37.3	43.6
36.4	38.6
36.8	29.2
37.1	32.6
36.0	33.5
36.9	36.8
36.8	35.0
37.1	40.1
36.8	31.1
37.1	34.9
37.2	35.4
36.1	28.6
36.8	29.8
36.7	30.5
36.8	26.4
36.5	25.4
36.2	18.8
35.4	19.6
35.4	22.2
35.6	24.3
35.4	24.6
35.6	29.5
35.4	30.4
35.5	27.4
35.2	28.4
35.0	30.0
35.6	26.6
35.1	25.2
35.4	20.4
34.4	24.0
34.3	23.7
34.2	23.4
34.3	29.4
34.3	27.5
34.1	23.0
33.9	24.8
34.2	25.2
34.2	20.0
34.2	19.1
34.1	22.6
31.6	17.9
31.5	25.2
31.5	43.5
31.4	26.4
31.4	23.3
31.4	23.3
31.4	24.0
31.5	21.4
31.5	18.9
31.6	24.4
31.5	19.5
31.6	12.8
31.6	16.4
31.8	18.3
31.8	13.5
31.8	16.0
31.8	17.5
31.8	14.4
31.8	17.9
32.0	20.1
31.9	16.9
32.0	19.1
31.9	16.9
32.0	14.6
34.5	23.4
34.5	26.2
34.4	22.4
34.6	14.8
34.6	16.6
34.6	17.5
34.5	17.7
34.5	13.8
34.5	12.5
34.6	7.6
34.5	5.4
35.0	29.6
34.8	21.1
34.9	18.2
34.8	15.3
35.0	19.4
35.2	19.9
34.9	18.0
35.0	11.3
36.2	15.4
37.5	51.9
37.2	63.6
37.5	42.4
37.0	41.0
37.1	38.1
36.6	38.5
36.6	24.7
36.1	24.1
36.9	30.6
36.9	21.3
36.9	24.4
32.8	31.7
32.5	37.7
32.1	40.0
32.1	44.7
32.0	44.0
32.0	40.0
31.9	34.4
31.9	40.2
32.0	27.2
32.0	24.8
32.1	20.0
36.0	30.6
36.0	35.2
35.8	31.2
36.0	28.0
35.9	32.0
35.1	29.6
35.2	31.7
34.9	36.6
35.1	28.1
35.0	31.9
34.9	30.3
35.1	23.4
34.8	25.8
34.9	27.5
35.0	32.2
34.9	39.8
35.2	36.0
35.0	30.1
35.2	29.9
35.0	28.7
35.1	29.2
35.2	28.1
35.0	24.8
35.0	32.0
35.5	30.7
35.1	31.1
35.0	37.2
34.9	39.0
34.9	41.2
34.9	34.0
34.9	41.1
31.7	31.4
31.9	16.7
32.0	26.2
32.0	22.7
32.0	29.9
32.0	41.0
32.0	35.5
32.0	32.4
32.0	28.0
32.1	27.7
33.3	27.5
33.3	34.2
31.4	35.1
31.1	40.6
31.1	26.1
30.9	15.9
31.2	83.5
31.2	47.9
31.4	56.5
31.3	54.5
31.4	30.0
31.4	33.9
31.4	57.4
31.5	60.4
31.4	59.0
31.4	71.6
31.5	60.8
31.5	73.6
31.5	62.8
31.5	69.8
31.6	31.2
31.6	38.3
31.6	41.7
31.6	44.5
31.6	53.0
31.6	57.3
31.7	58.7
31.6	71.0
31.6	65.2
31.6	62.5
31.6	49.1
31.7	19.5
31.7	29.2
31.6	30.6
31.6	39.2
31.7	46.2
31.7	49.2
31.6	56.4
31.6	65.2
31.6	47.6
31.5	70.0
31.6	62.3
30.9	21.3
31.0	23.4
30.9	26.9
30.9	38.1
30.8	44.3
30.8	41.6
30.9	40.9
30.8	46.8
30.9	58.9
30.8	51.4
30.8	42.4
30.7	32.4
30.7	36.0
30.7	31.9
30.6	39.2
30.7	40.3
30.6	46.1
30.6	39.6
30.6	43.8
30.6	51.4
30.6	41.2
30.7	39.4
30.6	30.5
30.6	25.6
30.6	28.8
30.6	27.5
30.5	39.4
30.6	44.2
30.5	44.7
30.5	45.6
30.5	45.7
30.6	25.6
30.6	23.1
30.6	30.0
30.6	33.1
30.6	29.7
30.6	27.9
30.6	24.7
30.9	45.9
30.9	39.7
30.9	32.1
30.8	43.6
30.9	32.8
31.1	31.0
31.0	37.7
31.0	40.1
31.1	45.7
31.1	50.6
31.1	60.5
31.1	61.9
31.0	54.0
31.1	50.9
31.1	40.4
31.1	36.8
31.2	11.4
31.2	18.0
31.2	18.0
31.1	22.5
31.2	26.4
31.1	26.9
31.1	28.3
31.2	37.6
31.2	37.7
31.2	29.9
31.2	37.8
31.2	35.8
31.2	28.0
31.2	28.0
31.2	26.8
31.2	19.5
31.2	8.7
31.3	1.1
31.4	13.2
31.3	9.2
31.3	30.6
31.3	41.8
31.4	47.4
31.3	42.7
31.3	39.7
31.4	37.3
31.3	40.1
31.3	16.8
31.3	23.4
31.4	36.5
31.4	29.6
31.3	11.6
31.7	23.1
31.7	26.7
31.8	27.3
31.8	32.8
31.8	38.4
31.9	43.5
31.7	48.6
31.8	79.1
31.7	73.2
31.8	96.6
31.8	110.9
31.8	118.1
36.6	105.4
37.2	88.8
37.4	85.2
38.1	37.4
37.1	44.1
37.5	43.5
38.2	65.9
37.3	64.7
37.8	55.1
38.5	71.0
37.6	81.6
38.3	102.5
37.9	115.5
37.9	119.7
37.8	90.2
38.1	69.4
38.3	56.7
37.6	61.4
36.8	62.3
37.5	37.1
38.0	32.6
37.2	51.3
37.4	47.2
38.3	54.8
37.2	65.4
37.6	58.6
37.9	64.1
37.6	74.1
37.7	77.7
37.1	94.7
37.7	98.9
37.2	77.8
37.8	85.7
37.5	54.7
37.4	52.7
37.4	43.2
34.2	55.8
33.6	52.0
33.3	58.4
33.0	51.9
32.9	71.5
32.8	66.2
32.9	79.4
32.8	94.7
32.8	130.3
32.7	98.0
32.8	100.9
32.8	136.6
32.8	96.8
32.9	90.9
32.8	97.0
32.9	76.2
32.9	53.9
33.0	46.4
33.3	16.1
33.2	29.3
33.3	37.5
33.5	37.2
33.4	41.3
33.3	62.7
33.3	48.0
33.3	58.4
33.3	57.0
33.5	49.2
33.4	55.8
33.5	55.5
33.4	51.0
33.5	43.8
33.4	42.8
33.5	50.3
33.5	33.2
33.5	26.5
37.4	48.3
37.5	51.3
37.4	52.5
37.6	15.5
38.9	50.2
37.6	108.2
38.3	108.0
37.2	131.6
37.1	181.9
37.3	133.8
37.8	208.8
37.7	189.5
38.0	161.6
36.5	161.6
38.4	152.6
37.8	121.1
38.0	93.2
36.6	67.0
38.0	68.8
37.0	13.1
37.4	24.2
37.8	34.9
37.3	36.0
37.4	45.4
37.7	78.9
37.9	86.5
38.1	84.3
38.1	117.3
36.5	124.1
37.7	111.4
36.9	138.0
37.6	130.1
37.2	99.6
37.3	85.8
38.0	54.1
37.1	31.7
37.1	59.9
36.8	69.3
37.2	95.7
37.9	97.7
37.0	115.9
37.7	123.8
37.3	87.9
37.1	91.7
36.6	92.3
37.0	74.4
36.9	71.5
37.1	79.2
37.2	85.1
37.8	80.9
36.5	72.2
37.0	81.4
37.0	80.0
36.5	37.4
37.0	45.6
37.5	52.1
36.5	56.1
36.5	60.1
37.5	69.8
36.6	80.0
36.7	66.0
36.7	112.6
36.8	122.5
37.7	123.1
37.3	146.0
37.5	109.7
37.6	97.6
37.4	91.2
37.1	81.8
37.7	53.7
37.3	64.1
36.6	58.3
36.0	47.8
36.6	62.9
35.8	60.8
36.2	75.7
36.8	77.3
36.5	87.5
36.0	86.3
36.1	98.1
36.1	99.9
37.3	73.3
37.2	79.5
37.0	85.3
36.8	86.0
36.9	74.2
36.9	69.8
36.5	68.6
36.9	33.0
36.8	51.7
37.0	50.5
36.4	61.9
36.8	74.8
36.6	82.5
36.4	96.7
37.6	113.5
36.7	125.9
36.9	133.9
37.7	95.4
37.0	93.4
36.9	96.8
36.8	74.8
37.6	77.9
36.6	71.7
35.6	31.9
36.4	37.7
36.6	61.3
35.7	53.7
35.9	50.4
35.9	62.1
36.9	74.0
35.6	56.3
35.9	88.9
35.4	75.8
36.3	93.1
36.0	87.8
35.8	70.0
35.7	80.5
36.4	84.0
36.1	84.6
36.6	65.6
36.5	58.1
36.8	42.9
36.1	67.0
37.7	76.1
37.8	82.0
37.4	81.7
37.9	89.9
37.2	61.0
37.3	37.1
37.1	57.7
36.9	60.6
36.9	74.2
37.0	52.4
37.9	22.2
37.2	26.3
37.7	39.5
37.3	46.6
38.5	41.4
36.7	48.9
36.9	41.0
37.4	55.4
37.2	66.4
36.5	93.9
37.4	110.9
36.6	86.0
36.9	83.2
37.7	80.1
36.6	65.7
37.1	59.9
36.2	35.3
36.9	46.7
36.1	66.2
36.4	74.7
36.3	89.8
37.4	104.7
36.5	118.8
37.0	136.1
36.2	130.4
36.0	139.5
36.0	129.0
37.0	146.9
36.3	156.0
36.5	172.5
35.5	120.7
35.8	136.5
36.6	110.5
36.6	116.6
37.0	87.0
36.2	59.0
35.9	22.2
36.6	29.6
35.4	32.9
36.5	58.5
35.8	76.5
35.7	66.0
36.3	65.8
36.5	42.5
36.4	40.4
36.8	52.8
36.0	55.2
36.1	63.7
35.2	60.0
35.7	88.9
36.9	88.4
35.9	83.6
36.1	84.0
36.7	75.7
36.4	67.7
35.4	61.8
36.4	61.7
36.5	50.4
35.6	28.5
35.9	32.7
36.8	26.1
36.1	29.4
36.1	36.2
36.0	35.6
35.5	34.8
36.0	35.8
35.7	36.9
35.7	33.2
35.5	32.6
36.3	36.5
35.4	46.2
36.3	47.5
36.4	54.3
35.7	29.7
35.7	31.7
35.6	27.4
37.4	77.6
37.7	44.5
36.0	70.3
36.9	74.4
37.0	84.3
36.9	89.0
36.3	79.8
36.3	44.5
36.4	47.8
37.5	59.5
36.6	64.0
36.3	57.7
36.9	86.8
35.6	92.6
35.9	124.1
36.5	73.5
35.3	87.8
36.5	86.8
36.3	92.1
36.7	89.5
37.1	86.6
37.3	66.3
36.9	71.5
36.2	57.5
37.4	52.8
36.3	45.3
35.9	32.1
35.8	42.2
36.4	49.6
36.1	62.5
36.5	82.6
35.8	80.2
35.8	73.0
36.7	67.0
35.8	51.6
37.2	55.7
36.2	56.6
34.9	50.3
36.3	49.5
35.8	62.2
35.9	62.3
36.1	59.2
35.5	45.4
36.3	45.5
35.8	52.7
35.7	41.5
36.0	32.8
35.2	33.0
36.0	31.2
35.5	44.8
36.2	58.5
35.6	44.8
36.0	59.9
35.3	71.5
35.6	60.8
36.6	64.9
36.1	47.6
35.1	54.3
35.3	45.2
35.9	36.4
36.1	33.9
36.5	37.3
35.5	39.7
35.8	51.7
35.9	57.9
35.3	99.7
35.8	59.4
34.8	96.0
36.1	53.3
35.8	47.2
35.5	73.7
36.0	42.3
36.2	49.1
35.7	58.6
35.6	74.9
35.4	78.0
34.9	71.2
35.6	62.5
35.8	45.8
35.6	59.5
36.2	26.7
35.4	32.1
36.1	14.6
35.6	53.5
35.6	59.0
36.3	50.8
36.2	49.4
35.9	52.0
35.6	54.2
34.9	69.4
35.3	85.2
35.8	99.4
35.0	83.6
34.9	71.7
35.5	80.7
34.9	82.8
35.8	81.4
35.2	89.9
35.9	68.0
35.3	63.6
35.3	51.9
34.6	53.4
35.8	52.4
34.8	28.7
34.8	42.6
35.1	33.2
34.9	36.1
34.8	41.4
35.3	25.9
34.8	32.1
35.0	33.0
35.3	39.8
35.4	44.2
35.3	33.8
34.8	30.7
34.9	45.1
35.0	41.0
34.8	30.0
34.8	39.3
34.7	26.4
34.7	40.7
34.9	26.8
35.0	48.8
34.8	47.2
34.9	47.4
34.8	50.4
34.8	42.1
34.7	54.7
34.6	56.1
34.5	62.3
34.3	48.7
34.4	46.3
34.4	38.1
34.3	37.5
34.3	60.8
34.2	28.0
34.3	38.0
34.2	17.2
34.4	13.1
34.2	15.1
34.3	27.5
34.0	45.6
34.1	56.3
34.0	61.7
34.2	69.8
33.7	58.2
33.8	40.7
33.8	38.0
33.8	50.0
34.0	75.4
34.0	74.2
34.1	53.9
33.7	64.2
34.0	77.0
33.7	78.0
34.0	42.2
34.0	35.6
33.8	45.1
36.6	66.9
36.8	89.0
37.1	113.0
36.4	156.0
36.8	120.6
35.5	109.4
35.4	145.8
36.1	148.2
35.5	177.7
35.4	212.3
35.6	259.8
35.5	164.8
35.5	176.2
35.9	138.7
35.0	130.5
35.3	147.7
35.2	85.8
34.8	95.3
35.4	40.6
35.3	51.7
35.0	62.9
34.8	89.2
35.0	98.4
34.9	113.3
35.2	139.3
35.1	167.0
34.9	171.0
34.9	203.8
35.5	206.0
34.8	201.5
34.5	203.5
34.6	210.5
34.5	181.5
34.8	178.1
34.6	157.6
34.7	218.8
34.8	160.0
34.5	122.7
34.3	120.7
34.5	48.6
34.5	66.7
34.5	66.4
34.6	77.8
34.4	94.3
34.3	107.2
34.2	124.4
34.2	118.5
33.9	117.0
33.9	109.3
34.2	119.5
34.0	132.1
33.7	129.5
34.0	117.7
34.1	129.3
33.9	117.0
33.8	88.1
33.5	77.1
33.6	55.7
33.8	37.9
34.5	30.0
34.4	44.9
34.1	57.2
34.0	68.1
33.9	69.6
33.9	73.8
33.7	79.9
33.6	85.3
33.7	92.4
33.4	103.2
33.4	87.3
33.2	107.4
33.2	92.7
33.3	71.7
33.0	110.6
32.8	78.3
32.9	74.0
33.2	66.9
33.2	65.3
32.9	47.3
32.9	42.5
33.4	29.6
33.7	38.6
33.6	56.6
33.4	50.5
33.3	67.4
33.1	67.1
33.0	68.6
33.1	95.9
32.8	87.0
32.9	73.8
32.9	68.9
32.7	69.0
32.6	84.1
32.5	81.2
32.6	79.1
32.4	62.3
32.7	109.4
32.6	69.7
32.3	52.8
32.3	62.5
32.4	41.7
33.9	33.9
34.0	38.7
34.1	47.4
33.9	58.9
34.2	60.7
33.8	73.3
33.7	75.8
33.6	74.7
33.8	95.4
33.7	108.8
33.6	104.1
33.3	102.4
33.2	104.8
33.3	91.8
33.2	92.2
33.4	81.3
33.2	93.6
33.1	69.4
33.0	70.5
33.2	64.3
33.2	45.7
33.3	43.4
33.2	35.9
33.0	43.3
32.9	65.1
32.8	44.5
32.6	58.3
33.0	35.6
32.8	40.3
32.7	40.1
32.5	45.0
32.8	30.1
32.6	34.6
32.6	23.4
32.8	14.5
33.3	96.3
33.1	95.9
33.1	80.1
33.2	76.4
32.9	87.4
33.0	102.1
32.7	98.8
32.7	88.7
32.6	75.2
32.5	81.9
32.5	76.2
32.3	76.0
32.4	86.3
32.3	92.5
32.3	91.5
32.3	72.4
32.3	83.4
32.2	63.8
32.5	63.3
32.2	65.2
32.4	47.7
32.5	48.0
32.5	51.9
32.5	55.5
32.4	44.4
32.2	68.2
32.3	62.7
31.9	64.1
31.9	63.1
31.9	75.3
31.8	62.0
31.8	64.2
31.7	47.8
31.7	58.0
31.6	56.7
31.6	48.1
31.6	66.2
31.6	49.3
31.5	35.0
31.6	32.0
31.8	51.2
31.7	53.5
31.6	49.5
31.5	63.7
31.5	45.1
31.4	55.3
31.3	94.7
31.3	117.1
31.2	167.8
31.2	138.7
31.1	186.6
31.1	116.0
31.1	166.2
31.1	210.2
31.1	222.0
31.0	154.1
30.9	165.8
31.1	145.4
31.2	128.5
31.8	57.8
31.9	122.8
31.8	137.8
31.9	115.3
31.9	172.0
31.8	235.9
31.8	309.3
31.8	296.7
31.8	350.8
31.8	348.0
31.8	343.5
31.9	318.2
31.9	319.5
31.9	292.3
31.9	288.8
31.9	268.7
32.0	252.9
32.1	204.7
32.1	188.8
32.2	158.0
32.2	163.5
33.9	59.9
33.7	101.6
33.7	114.6
33.6	133.9
33.6	131.7
33.6	142.3
33.5	143.8
33.3	152.1
33.2	180.5
33.3	183.6
33.2	146.2
33.1	160.4
33.4	153.7
33.3	145.1
33.3	130.2
33.3	128.9
33.3	99.4
33.2	87.9
33.3	53.8
33.4	78.7
33.4	83.8
33.3	82.5
33.4	109.8
33.0	100.3
33.0	105.6
32.9	85.2
33.0	89.8
33.0	96.4
32.9	120.5
32.8	119.3
32.6	117.3
32.6	113.9
32.6	103.7
32.5	80.3
32.6	67.1
37.0	57.2
36.7	129.7
36.4	81.0
36.4	103.0
36.3	81.6
37.3	112.6
36.4	95.6
36.8	104.8
37.3	127.4
36.4	145.5
37.1	163.8
37.7	52.7
36.7	71.9
37.3	111.9
37.3	153.6
37.2	150.0
36.7	169.4
37.0	154.5
36.4	210.8
37.3	155.8
36.7	83.5
36.7	129.4
37.1	113.5
36.7	98.6
36.2	127.0
36.4	113.7
37.8	97.6
36.9	117.0
35.7	98.2
36.0	108.0
36.4	108.0
36.5	87.8
36.5	78.6
36.0	70.4
35.8	87.2
36.5	171.8
36.3	98.6
36.2	96.0
36.1	67.7
36.9	70.6
36.0	59.1
36.6	75.1
36.9	71.3
36.9	100.1
35.9	86.7
36.4	66.4
36.3	105.9
36.9	95.3
37.1	78.6
36.1	88.4
36.4	74.1
36.0	121.3
36.0	39.0
36.8	70.6
36.6	104.4
37.3	163.8
37.1	213.7
36.4	264.8
36.2	280.1
36.1	331.0
36.8	326.2
36.0	295.0
36.5	297.1
35.7	267.3
36.2	274.2
37.1	215.1
36.5	162.4
36.1	148.8
35.5	187.6
36.1	140.8
36.3	114.5
35.3	110.3
36.1	51.8
35.5	53.8
36.0	63.7
35.6	48.6
35.8	68.5
36.0	90.4
36.0	130.8
36.0	99.0
36.0	65.8
35.3	79.1
36.1	40.8
35.8	33.8
35.3	61.0
35.8	73.1
35.5	2.2
36.1	61.3
34.8	67.6
35.8	96.1
35.0	72.8
36.0	69.7
35.6	58.2
35.6	58.1
35.3	104.0
36.0	111.9
35.2	93.3
35.3	105.7
35.5	102.3
35.0	136.0
35.3	156.1
35.1	130.0
35.3	120.1
35.0	101.4
35.1	109.8
35.2	93.4
35.4	94.1
35.1	92.7
34.7	68.9
35.0	60.1
35.0	47.6
34.9	24.5
35.2	40.0
34.8	50.4
34.7	66.4
34.7	93.9
35.0	91.4
34.7	94.1
34.7	80.5
34.8	118.6
34.6	100.9
35.1	112.7
34.6	107.1
34.2	83.5
34.3	111.9
34.4	94.1
34.2	92.2
34.1	81.1
34.4	75.2
34.1	62.4
34.2	74.6
34.5	43.6
34.0	39.1
34.1	17.7
34.1	33.8
33.7	26.6
33.7	64.0
33.7	32.7
33.8	28.8
33.6	29.9
33.6	43.5
33.8	52.5
33.6	2.9
33.2	34.1
33.6	17.3
33.7	37.1
33.4	33.3
33.4	28.1
33.4	93.8
33.0	55.1
33.3	9.3
33.2	91.5
33.3	42.0
32.9	48.4
32.8	44.0
32.9	41.4
32.8	57.3
32.7	66.0
32.8	101.0
32.6	78.0
32.3	79.8
32.5	91.5
32.4	89.2
32.4	75.8
32.4	98.7
32.2	67.0
32.2	169.5
32.0	183.5
32.1	248.5
32.1	208.8
32.2	191.6
37.7	104.9
37.1	149.6
37.1	180.4
37.5	257.1
36.7	235.7
37.2	305.4
37.4	387.7
37.4	512.9
36.4	473.4
37.0	342.6
36.6	407.5
36.0	311.4
36.6	278.4
36.8	263.4
37.7	197.1
36.2	173.7
36.7	140.5
36.9	23.3
37.4	31.3
36.0	66.5
35.9	48.3
37.0	126.0
37.0	161.4
36.2	207.5
36.3	219.1
36.2	356.6
36.0	239.6
35.3	253.9
35.9	305.3
36.3	244.3
36.0	218.6
36.4	224.4
35.4	211.3
35.8	203.8
35.5	167.7
36.7	131.9
36.0	163.7
35.3	150.2
36.0	87.6
35.7	53.8
35.6	35.2
35.8	47.6
36.0	66.0
35.4	69.4
35.5	58.3
35.8	71.5
36.0	103.4
36.4	140.8
36.0	119.0
35.8	156.5
35.3	114.9
35.2	160.9
35.5	134.6
35.2	118.3
35.7	106.3
35.1	88.8
35.8	91.5
35.0	59.8
37.4	28.2
37.9	54.2
38.1	78.2
36.7	92.4
37.9	110.3
37.6	163.3
37.3	171.2
37.1	160.8
36.7	123.8
37.8	137.2
37.2	213.3
37.1	176.1
37.5	161.5
37.2	129.8
37.5	196.7
38.0	171.4
37.6	163.9
37.2	135.1
37.0	165.9
37.4	56.3
37.4	129.4
37.2	153.6
37.3	124.9
36.9	127.5
37.3	121.9
36.3	108.8
37.8	100.8
38.0	48.4
37.7	121.5
36.9	58.3
37.6	96.9
37.5	81.7
36.9	138.9
36.8	176.1
37.6	214.4
37.1	169.5
36.8	257.5
37.4	165.6
36.9	161.1
36.6	159.3
36.5	150.1
37.8	146.0
37.6	147.0
37.6	121.4
35.8	133.2
37.1	139.3
37.8	190.3
36.4	269.3
37.2	257.5
37.7	334.3
37.1	353.5
37.1	326.6
37.4	136.8
37.2	144.5
37.2	235.8
36.9	284.6
37.4	254.3
38.3	306.1
37.5	155.4
37.6	47.1
37.3	73.5
38.1	92.0
37.9	121.7
37.6	78.5
37.3	6.6
37.9	43.0
38.0	73.1
37.6	100.0
38.0	127.7
37.9	223.0
37.7	239.1
36.9	272.9
36.9	340.7
37.4	384.6
37.9	240.4
37.3	293.1
38.1	353.3
37.6	297.2
37.8	207.0
36.5	284.4
37.5	319.7
37.3	297.3
37.6	231.5
37.5	189.7
37.2	96.0
37.4	48.7
37.6	90.0
37.6	101.2
36.6	150.2
36.8	174.5
37.1	203.6
35.9	181.2
36.9	242.5
37.0	256.4
37.5	217.5
36.6	285.6
37.5	237.8
36.5	221.7
35.8	181.1
36.8	160.7
36.5	192.4
36.8	191.5
37.0	158.1
36.5	117.0
36.7	123.7
36.3	110.5
36.5	89.3
36.8	81.3
36.3	41.1
36.3	76.4
36.1	103.2
35.4	87.1
35.3	116.9
36.4	123.9
36.3	112.8
36.0	95.2
35.9	87.1
36.0	137.5
36.0	146.6
35.7	154.7
35.7	126.2
36.4	118.1
36.5	115.8
35.7	99.5
35.1	100.8
35.3	102.1
35.9	86.9
35.3	97.2
35.4	63.3
35.2	16.3
35.1	22.5
34.7	35.2
34.9	74.4
34.7	72.9
34.7	86.8
34.5	116.3
34.8	114.6
34.8	136.0
34.5	130.1
34.3	132.9
34.3	123.8
34.8	104.7
34.3	124.7
34.4	144.4
35.0	96.2
34.0	106.5
34.2	91.4
34.2	85.5
34.2	98.6
34.1	85.0
38.1	21.9
37.2	36.9
37.0	49.3
37.8	73.0
36.6	143.4
38.2	160.9
37.0	202.7
37.6	289.0
37.1	318.2
37.1	390.2
36.6	485.4
37.5	464.9
37.4	356.4
37.1	445.7
36.8	476.7
37.3	525.5
36.4	441.0
37.3	413.0
38.4	337.4
37.1	348.9
37.5	260.1
36.7	201.5
36.7	159.0
37.3	157.1
36.9	47.4
36.9	64.1
37.0	73.3
35.8	123.8
37.1	101.5
37.0	160.7
36.4	116.0
37.7	150.2
37.0	165.9
36.3	139.2
35.8	183.6
36.7	166.5
36.1	160.7
36.9	103.3
36.7	163.9
36.2	121.5
35.4	132.4
35.5	122.9
36.7	102.3
35.9	73.4
35.6	68.6
35.8	73.7
36.1	75.8
35.6	46.3
35.6	62.1
35.4	61.0
34.8	69.9
35.0	104.4
35.0	101.8
34.8	137.0
34.1	127.0
35.2	71.7
35.7	145.0
35.0	108.4
34.3	101.0
34.2	150.5
30.3	85.1
30.3	92.7
30.3	65.8
30.3	48.7
30.3	51.8
30.3	6.0
36.3	54.7
37.7	118.2
37.5	133.2
36.7	182.7
37.4	179.4
36.5	182.0
37.1	255.4
37.1	247.2
36.5	324.0
36.5	427.4
37.4	268.4
38.0	421.2
37.3	342.3
37.4	344.0
37.5	341.2
37.1	372.5
37.1	357.4
37.3	214.7
36.9	232.7
36.7	179.8
36.6	191.0
36.7	116.5
36.1	99.6
35.8	45.0
36.3	73.6
35.3	86.2
36.0	106.3
36.1	130.4
36.8	136.4
35.1	144.3
35.9	141.6
35.7	182.8
36.1	176.2
36.5	138.8
35.5	140.7
35.3	132.2
35.4	152.6
36.6	128.4
36.0	123.0
34.6	146.4
35.9	86.5
35.5	117.3
35.4	80.7
34.9	70.8
35.6	59.8
34.2	48.6
34.4	31.5
33.8	65.8
34.0	142.2
34.0	172.1
33.9	176.8
33.8	207.2
33.8	255.7
33.5	288.8
33.7	246.5
33.4	253.7
33.3	241.5
33.2	208.8
33.2	152.9
32.9	175.5
32.9	158.4
32.8	203.1
32.8	208.7
32.8	204.1
32.7	162.9
32.7	119.2
32.6	93.5
32.6	70.0
32.6	50.6
31.8	28.4
31.8	47.3
31.6	69.8
31.5	93.3
31.6	102.5
31.4	90.8
31.3	89.5
31.3	111.1
31.1	95.0
31.0	82.6
31.0	112.8
30.9	92.6
30.9	73.4
30.8	81.6
30.8	57.2
30.6	70.6
30.6	72.9
30.7	79.4
30.6	60.7
30.6	50.0
30.6	52.8
30.5	45.5
30.6	33.2
30.6	31.1
30.6	26.4
30.6	32.6
30.5	40.5
30.5	45.3
30.5	59.2
30.5	63.1
30.4	42.3
30.4	61.4
30.4	42.0
30.4	43.1
30.3	69.5
30.3	192.3
30.4	430.7
30.3	235.4
30.3	177.3
30.3	166.4
30.4	61.6
30.4	98.0
30.5	68.0
30.4	67.4
30.4	258.9
30.4	235.9
30.4	253.5
30.5	187.2
30.4	140.0
30.4	107.5
30.4	113.7
30.4	101.2
30.4	63.9
30.4	81.6
30.4	76.9
30.4	48.1
30.4	38.7
30.5	66.7
30.5	79.0
30.5	77.7
30.5	69.4
30.5	92.9
30.4	79.9
30.4	101.9
30.3	100.4
30.3	86.1
30.3	83.6
30.2	85.2
30.2	77.0
30.2	83.1
30.2	70.4
30.1	63.4
30.1	47.2
30.1	47.8
30.1	41.7
30.1	47.7
30.1	51.3
30.2	26.2
30.1	27.2
30.1	28.8
30.4	131.1
30.3	77.9
30.4	87.1
30.4	157.0
30.4	138.0
30.4	177.3
30.4	131.9
30.4	127.8
30.4	155.8
30.4	121.6
30.4	130.5
30.5	96.6
30.4	99.9
30.7	112.3
30.6	135.9
30.6	135.5
30.6	237.7
30.6	254.2
30.6	258.1
30.6	218.2
30.5	272.8
30.5	305.6
30.5	211.2
30.5	209.0
30.4	186.0
30.4	200.5
30.4	169.7
30.3	156.4
30.3	158.9
30.3	119.1
30.3	119.8
30.3	104.1
30.3	78.6
30.3	70.9
30.3	57.6
30.3	74.9
30.5	60.9
30.4	94.1
30.5	67.8
30.4	67.0
30.4	82.0
30.4	91.8
30.3	100.6
30.3	86.5
30.2	119.5
30.2	74.3
30.2	104.2
30.2	110.9
30.2	123.2
30.1	113.6
30.1	89.6
30.1	87.8
30.1	84.0
30.1	75.9
30.1	68.7
30.1	43.7
30.1	87.8
30.1	38.3
30.2	35.1
30.2	25.3
30.2	49.2
30.2	62.2
30.2	54.7
30.2	50.7
30.1	44.5
30.1	60.6
30.1	48.3
30.1	59.4
30.1	61.0
30.1	55.3
30.1	71.3
30.1	54.7
30.0	47.4
30.0	48.3
30.0	29.4
30.1	21.2
30.0	44.4
30.1	44.6
35.4	85.5
36.3	117.8
36.7	130.4
36.3	200.2
36.1	249.3
37.3	247.0
35.7	305.6
36.2	353.5
36.0	305.1
35.9	305.6
35.5	318.3
35.4	401.4
35.4	312.9
35.2	271.6
35.0	290.4
35.7	230.9
34.5	204.0
35.4	178.0
34.9	194.8
34.9	176.7
34.2	155.3
35.0	128.2
33.8	106.1
33.0	68.3
33.1	79.5
32.9	94.5
32.9	92.5
32.7	91.6
32.7	89.9
32.5	93.3
32.4	160.6
32.5	100.3
32.3	129.3
32.2	123.6
32.1	179.1
31.8	110.3
31.8	65.6
31.7	65.4
31.4	56.2
31.4	61.7
31.4	37.4
31.2	54.3
31.1	26.4
30.7	216.7
30.7	205.4
30.7	57.2
30.7	47.8
30.7	46.8
30.7	100.4
30.6	224.2
30.6	67.3
30.6	169.4
30.6	39.2
30.5	51.6
37.4	50.1
37.6	65.6
36.6	667.8
37.6	59.2
36.3	71.2
37.3	64.9
37.4	92.6
36.4	85.5
37.3	25.5
37.3	37.2
36.9	72.2
36.7	148.3
36.2	168.4
37.3	221.3
36.4	362.9
37.0	429.1
36.8	435.6
37.0	284.3
36.9	272.7
37.1	221.1
37.5	189.8
36.7	208.3
37.1	254.3
37.1	236.0
36.5	278.3
38.0	237.6
36.6	260.8
37.5	273.6
35.0	216.6
36.0	242.0
37.1	107.0
36.3	146.8
35.8	160.2
36.1	171.0
35.5	235.8
36.1	277.1
36.8	253.1
36.4	238.4
36.5	269.5
36.5	237.2
36.8	269.3
35.6	214.0
36.6	213.7
36.4	219.2
36.5	182.8
36.0	147.1
36.2	178.1
36.5	141.8
35.3	111.6
35.3	128.9
35.4	86.1
35.1	114.1
34.8	67.4
35.1	47.9
34.8	60.8
35.0	81.2
35.9	91.2
34.8	94.1
34.4	122.7
35.4	113.6
34.8	160.3
34.6	132.8
34.3	168.7
34.8	127.7
34.0	155.9
34.5	154.4
34.2	131.1
34.4	112.6
33.6	86.1
34.0	125.5
34.1	127.5
33.8	89.3
33.7	67.8
33.5	94.3
34.0	71.3
33.3	62.4
33.2	49.3
33.3	30.6
33.1	62.5
33.1	42.5
32.9	60.6
32.8	64.7
32.7	47.3
32.9	87.0
32.7	86.0
32.7	61.0
32.8	87.4
32.6	99.3
32.5	79.2
32.3	100.9
32.5	90.0
32.2	82.8
32.3	59.9
32.2	29.2
32.1	42.2
32.1	50.5
32.1	46.1
31.9	64.0
31.8	69.3
31.7	49.5
31.2	39.1
31.1	57.0
31.1	73.5
30.9	84.5
31.1	80.9
31.0	94.4
31.0	101.5
31.0	103.2
30.9	71.7
30.8	128.0
30.8	93.4
30.8	79.7
30.6	97.2
30.7	103.8
30.7	116.6
30.6	101.9
30.6	68.2
30.6	68.5
30.5	88.9
30.4	68.5
30.5	46.2
30.4	40.6
30.5	51.3
30.5	64.4
30.5	60.6
30.6	79.6
30.5	125.8
30.5	89.4
30.4	79.1
30.4	96.6
30.4	181.1
30.4	119.2
30.3	131.3
30.4	96.2
30.4	99.9
30.3	116.6
30.3	112.9
30.3	80.9
30.3	74.4
30.3	72.1
30.3	69.4
30.3	83.1
30.3	38.7
30.3	32.5
30.3	30.1
30.3	57.5
30.3	82.8
30.4	35.1
30.3	57.5
30.3	51.5
30.3	37.6
38.8	67.9
35.8	188.8
36.9	226.5
37.1	253.2
36.0	226.8
37.5	136.0
35.8	91.5
36.1	94.1
37.0	51.4
37.0	54.1
36.4	60.8
37.6	76.4
37.4	193.1
36.8	279.4
36.3	266.9
36.7	312.2
37.5	320.3
37.2	326.9
36.6	290.7
37.4	328.1
37.6	293.0
36.3	305.5
37.1	237.9
36.6	314.0
37.7	258.1
36.6	179.7
37.4	143.2
37.0	46.0
37.2	58.1
37.5	79.6
37.9	188.0
36.0	150.9
36.9	241.8
36.6	263.8
37.4	329.5
37.0	358.7
37.3	293.3
37.0	354.0
36.9	375.5
36.3	326.0
36.8	464.3
37.3	366.4
36.8	310.7
37.7	270.3
37.1	299.8
37.6	213.2
37.4	193.2
37.9	244.2
38.1	237.4
35.6	141.0
36.5	45.5
36.5	42.4
36.5	78.6
36.9	98.5
36.5	74.5
36.4	146.0
36.6	274.3
36.9	285.5
37.0	350.1
37.2	305.6
37.4	276.8
36.4	369.3
36.2	297.7
35.8	246.5
36.2	297.8
36.0	261.5
36.8	196.4
36.6	266.9
36.4	226.2
37.4	41.4
36.4	57.3
37.3	93.6
36.8	169.7
36.8	199.1
37.0	271.8
37.6	216.6
37.2	294.8
37.1	336.7
37.0	368.7
37.6	403.0
37.3	354.4
36.3	349.6
37.4	303.5
36.9	380.3
36.6	264.1
37.2	337.6
36.5	299.4
36.2	287.5
36.4	152.9
38.0	188.0
35.6	135.0
36.7	120.6
35.9	84.3
36.8	129.6
36.0	118.2
36.3	83.8
36.3	99.3
37.2	71.1
37.0	258.9
36.2	244.3
35.8	216.4
36.3	224.8
37.1	294.0
35.3	299.1
37.6	205.8
36.4	175.1
36.5	147.8
36.4	56.7
36.3	80.0
35.8	120.6
35.8	180.7
36.9	117.3
36.6	237.5
37.8	287.1
36.6	325.9
37.0	395.9
36.5	300.2
36.1	361.1
36.9	480.3
37.0	458.1
36.4	431.2
36.5	367.0
36.4	406.5
37.1	293.6
36.8	193.9
36.6	264.9
35.4	246.4
37.3	194.0
37.6	158.6
36.6	35.0
35.9	61.7
36.6	82.4
36.2	134.3
36.2	186.9
35.9	195.1
35.8	223.1
35.4	256.3
35.8	312.8
35.5	345.1
34.7	286.0
36.8	270.5
36.3	383.6
35.9	231.8
35.9	69.8
36.3	226.8
37.6	81.0
36.7	87.3
36.2	53.3
35.9	51.1
36.5	73.8
36.3	62.7
36.8	94.4
36.0	160.1
37.8	118.9
36.6	199.7
36.1	223.0
36.1	354.1
35.6	280.3
35.8	281.9
36.4	288.1
35.9	255.8
35.7	268.1
35.9	321.4
36.6	185.0
36.0	206.6
36.2	187.2
36.0	177.6
35.5	153.7
35.6	133.2
36.4	87.1
35.5	41.4
35.9	63.8
35.1	101.3
35.5	147.5
35.8	197.3
35.9	170.2
35.9	285.4
34.5	311.5
36.2	255.2
34.9	297.8
35.9	285.9
34.6	363.1
35.1	223.6
35.3	211.7
35.8	248.0
36.0	180.3
35.6	187.7
35.3	186.1
34.8	171.6
34.8	185.0
34.8	144.2
34.5	183.9
35.0	75.1
34.0	102.8
33.8	161.1
34.6	156.5
34.7	153.7
34.0	171.2
33.8	193.0
33.8	248.2
33.8	179.7
34.4	204.9
33.8	182.8
34.2	172.7
34.7	238.4
34.0	159.2
33.6	198.1
34.6	160.2
33.8	146.5
34.1	120.9
34.2	137.1
34.0	114.6
33.5	71.7
34.1	78.4
38.0	83.0
37.0	111.5
37.4	116.2
37.1	132.2
37.2	191.4
37.8	268.1
38.0	285.7
38.1	308.9
37.5	258.0
37.2	307.5
37.1	367.6
36.6	319.9
37.9	332.3
37.1	253.5
38.3	319.2
37.0	252.7
37.9	259.8
36.6	283.5
37.0	310.9
36.7	226.4
37.8	180.9
37.2	179.9
36.2	108.5
36.8	86.0
37.4	92.8
35.9	151.1
36.7	156.2
38.0	177.7
36.6	103.8
37.1	117.6
37.5	120.3
36.9	174.6
36.6	193.4
37.7	265.1
37.0	295.9
37.6	390.1
36.9	428.7
38.1	383.6
37.5	229.8
36.9	167.5
36.5	114.4
37.3	95.1
37.3	54.3
37.7	92.8
37.1	270.4
37.7	249.8
37.7	296.0
36.4	355.9
37.4	398.4
37.4	397.0
36.3	511.8
38.0	356.6
37.0	466.3
36.8	326.9
36.2	422.9
38.2	364.0
37.3	410.3
37.4	347.4
36.7	323.8
37.2	233.7
36.5	261.8
36.8	188.4
37.0	177.7
36.9	94.2
37.2	150.5
36.7	193.7
37.5	232.7
36.9	237.0
36.6	287.3
36.7	291.6
36.8	325.1
36.7	324.7
37.1	192.7
36.6	235.1
36.6	212.1
38.0	190.4
37.3	68.6
37.6	87.2
36.2	133.0
37.5	182.9
37.6	181.5
37.6	271.3
37.8	343.8
37.6	359.2
36.5	438.2
38.0	387.9
36.6	456.5
37.2	455.9
37.4	443.9
37.9	387.2
36.8	412.4
37.8	282.0
36.8	186.3
36.9	146.6
36.7	141.2
37.1	146.4
36.9	99.0
36.4	78.1
37.0	65.1
36.9	144.8
36.7	166.0
37.6	202.0
37.3	196.1
36.4	229.9
36.7	329.5
36.8	337.7
35.5	241.7
36.9	310.6
37.5	291.3
35.6	238.0
37.2	372.0
37.8	272.6
37.4	301.8
36.9	290.8
36.3	243.9
36.6	256.8
36.2	203.5
36.3	173.1
35.9	115.7
36.1	64.8
36.3	102.9
36.3	108.7
36.3	168.1
37.4	241.2
36.2	255.3
35.6	218.4
36.5	212.8
35.3	231.7
35.7	225.0
35.6	216.2
35.8	182.0
36.1	208.9
35.8	212.2
35.5	173.1
35.8	158.6
35.4	216.4
36.3	168.9
36.2	141.7
36.9	94.0
35.5	64.3
35.1	89.1
35.6	101.9
35.8	141.7
34.7	230.8
35.1	209.8
35.5	192.8
34.4	141.6
35.8	105.1
34.8	162.2
34.9	219.8
35.4	236.1
34.9	175.9
34.8	259.6
35.2	253.5
34.9	154.2
34.8	183.7
34.8	114.7
34.9	73.7
37.1	66.6
37.2	130.3
36.6	116.5
36.7	209.2
36.4	243.9
37.5	345.1
37.1	344.3
36.5	311.3
36.6	316.5
36.5	441.3
38.0	443.1
37.2	554.0
36.9	487.7
37.0	512.1
36.8	518.4
37.1	422.9
37.3	397.3
38.3	320.9
37.8	319.7
38.0	268.2
37.6	196.2
37.6	220.6
37.3	154.8
37.5	117.0
37.3	112.3
36.9	181.5
37.7	150.2
37.2	243.5
38.1	321.3
38.1	415.5
37.8	415.9
36.6	483.7
37.4	404.0
37.7	425.3
35.7	416.4
37.0	489.4
36.9	415.7
37.7	423.1
38.4	366.3
37.9	373.2
37.2	366.9
36.8	301.8
37.1	293.7
36.8	242.0
36.6	199.5
35.8	179.3
36.3	44.0
36.0	74.4
37.0	108.8
37.1	169.6
35.7	187.4
36.6	283.9
37.0	273.9
37.1	286.0
37.6	312.3
36.6	306.3
36.2	364.3
36.8	356.0
36.5	345.7
36.3	320.3
37.3	366.7
36.8	306.5
36.7	291.7
36.7	302.2
37.1	271.0
36.5	275.6
36.5	209.6
35.9	162.4
37.0	183.5
36.4	143.8
35.7	49.0
34.8	84.7
35.0	109.9
35.0	108.6
35.6	119.5
34.8	203.3
35.6	202.2
35.0	221.4
35.1	172.8
34.5	282.0
34.3	243.8
34.6	231.3
35.1	210.3
34.4	245.1
34.8	227.7
34.8	248.8
34.3	278.0
34.4	162.3
34.0	262.8
34.0	187.8
33.8	174.3
33.9	100.0
34.1	87.8
33.8	64.0
33.8	110.9
33.6	110.5
33.5	157.6
33.5	205.7
33.5	193.1
33.6	210.4
33.3	217.9
33.5	229.7
33.4	217.7
33.1	240.8
32.7	254.9
32.7	234.2
32.8	156.1
32.8	214.1
32.6	227.7
32.5	132.5
32.5	134.2
32.5	84.4
32.5	98.8
37.1	217.7
36.8	194.2
37.6	176.5
36.8	177.1
38.5	173.3
36.5	130.1
37.7	175.4
37.5	197.7
36.5	135.2
36.7	60.6
38.1	61.1
37.0	78.9
36.8	119.1
37.7	219.1
37.2	237.7
37.2	431.8
36.6	346.4
38.3	398.3
37.0	412.5
36.6	511.0
37.3	426.8
37.1	399.2
37.0	583.5
36.3	412.7
38.2	480.6
37.6	375.1
37.0	283.8
36.9	302.5
37.1	227.2
37.3	174.4
37.1	98.8
36.4	110.4
36.5	206.0
36.6	406.8
37.3	394.8
37.5	414.1
37.9	442.8
37.2	538.6
37.3	414.6
37.1	339.2
36.5	294.7
35.6	234.0
37.7	199.8
36.9	150.2
36.4	71.7
36.8	87.6
36.4	95.2
37.1	137.5
36.7	173.8
36.6	241.4
36.2	255.0
36.5	219.7
36.1	225.6
36.9	202.6
36.6	309.0
36.0	283.2
36.0	210.1
35.7	278.1
35.7	222.8
36.8	209.3
36.3	213.4
36.3	244.3
36.2	203.9
36.2	146.1
36.8	136.8
35.6	100.2
35.5	14.7
35.5	85.7
34.7	145.4
35.0	151.6
35.2	272.2
35.2	242.9
35.2	285.0
35.5	241.3
35.0	258.6
34.9	309.2
35.6	272.1
34.7	265.1
34.7	236.7
34.5	279.4
34.9	214.5
34.6	182.6
34.7	224.7
34.4	222.9
34.4	190.8
34.5	189.5
34.0	190.7
33.9	107.2
33.9	126.3
33.8	55.0
33.8	55.1
33.7	152.8
33.9	181.6
33.7	197.9
33.7	214.0
33.4	229.4
33.5	186.4
33.5	125.8
33.3	173.6
33.5	239.1
33.0	245.3
33.2	238.7
33.1	141.1
33.3	221.8
32.8	275.0
32.8	236.1
33.1	206.6
32.9	143.2
32.8	125.4
33.1	74.4
32.8	66.4
32.9	60.8
32.9	144.4
32.9	156.0
32.8	189.1
32.7	153.2
32.6	261.3
32.4	123.7
32.4	257.2
32.5	298.3
32.2	186.5
32.0	299.0
32.1	260.0
31.9	283.0
31.9	266.5
31.8	250.1
31.6	266.7
31.6	198.0
31.5	96.2
31.6	76.9
31.4	83.2
31.4	119.1
31.4	185.9
31.4	247.8
31.2	268.1
31.3	270.0
31.1	162.9
31.1	275.6
31.0	289.0
30.9	237.0
30.9	251.1
30.9	231.3
30.9	281.4
30.8	302.0
30.8	278.9
30.8	204.0
30.8	196.0
30.8	154.8
30.8	163.5
30.8	162.1
30.8	76.9
30.9	47.6
30.9	97.4
30.9	130.5
30.8	185.2
30.8	238.1
30.8	193.7
30.7	177.8
30.7	291.3
30.6	228.6
30.6	230.2
30.6	199.6
30.5	240.5
30.5	292.0
30.5	267.4
30.5	255.2
30.5	226.9
30.5	202.2
30.5	205.0
30.4	181.7
30.5	162.5
30.5	122.8
30.5	83.2
30.6	88.3
30.6	94.9
30.6	118.9
30.6	167.8
30.5	218.8
30.6	216.0
30.4	283.9
30.4	248.1
30.4	296.4
30.4	269.2
30.3	243.1
30.3	299.3
30.2	270.3
30.3	216.7
30.2	249.7
30.3	233.9
30.3	217.5
30.3	237.2
30.2	174.8
30.2	141.4
30.3	84.4
30.3	71.3
30.3	82.6
30.4	109.4
30.3	126.6
30.3	140.2
30.3	158.8
30.3	166.8
30.3	204.3
30.3	135.7
30.3	181.1
30.3	184.3
30.2	221.4
30.2	219.0
30.2	275.3
30.1	215.2
30.2	253.3
30.2	211.6
30.1	192.1
30.1	169.2
30.1	183.5
30.1	88.0
30.2	109.9
30.1	63.2
31.0	100.7
30.9	136.0
30.9	178.5
30.9	184.0
30.8	232.3
30.8	277.8
30.7	316.5
30.7	332.4
30.6	277.7
30.5	328.6
30.5	345.7
30.5	339.2
30.4	321.0
30.3	326.6
30.4	305.5
30.3	260.5
30.4	257.8
30.3	198.0
30.4	210.6
30.3	190.7
30.4	138.8
30.4	103.0
30.4	65.7
30.4	120.5
30.4	145.1
30.4	221.3
30.4	237.4
30.4	220.0
30.3	267.3
30.3	316.9
30.3	260.0
30.2	301.4
30.2	330.0
30.1	313.5
30.2	354.9
30.1	336.6
30.1	284.1
30.2	298.5
30.1	249.9
30.2	212.7
30.2	217.4
30.2	156.1
30.2	141.9
30.2	117.7
30.2	42.6
30.3	77.8
30.3	128.4
30.2	96.3
30.2	60.5
30.2	68.7
30.2	88.6
30.2	100.8
30.2	164.6
30.2	215.3
30.2	170.0
30.2	157.6
30.2	159.3
30.2	132.1
30.1	89.3
30.1	79.1
30.2	100.8
30.2	71.4
30.2	70.5
30.2	117.3
30.2	78.2
30.2	58.9
30.2	74.2
30.2	112.2
30.2	131.4
30.2	197.9
30.2	160.2
30.1	178.2
30.1	105.6
30.2	182.1
30.1	259.7
30.1	286.2
30.1	237.0
30.1	243.4
30.1	133.7
30.1	177.7
30.1	147.4
30.1	78.1
30.1	159.1
30.1	142.5
30.1	53.4
30.1	83.5
30.2	66.1
30.2	141.7
30.1	176.8
30.1	217.7
30.2	267.2
30.1	293.8
30.1	317.0
30.0	433.4
30.0	340.6
30.0	366.3
30.0	349.6
30.0	329.9
30.0	332.9
30.0	294.8
30.0	281.2
30.1	297.1
30.0	224.5
30.0	141.8
30.0	189.3
30.0	122.2
30.1	105.6
30.1	88.3
30.1	79.7
30.1	82.3
30.1	112.0
30.1	162.8
30.1	137.5
30.1	172.6
30.0	218.4
30.0	208.5
30.0	188.7
30.0	255.6
29.9	233.7
30.0	237.3
30.0	247.5
30.0	251.2
30.0	196.5
30.0	125.1
30.0	137.8
30.0	134.6
30.0	117.4
30.0	82.4
30.0	66.5
30.0	85.1
30.1	87.9
30.1	151.2
30.1	134.4
30.1	179.9
30.1	170.8
30.1	213.0
30.0	291.8
30.0	262.2
29.9	280.9
29.9	226.6
29.9	286.5
29.9	314.8
29.9	262.3
29.9	270.2
29.9	212.2
29.9	230.4
29.9	137.4
29.9	98.3
30.0	162.2
30.0	86.6
30.0	100.8
30.0	55.4
30.0	73.0
30.0	87.9
30.0	129.3
30.0	151.0
30.0	194.5
30.0	188.9
29.9	247.1
30.0	277.0
29.9	240.3
29.9	299.6
29.8	286.9
29.9	291.2
29.9	258.5
29.9	149.4
29.9	186.4
29.9	235.6
29.9	239.3
29.9	245.5
29.9	124.8
29.9	133.8
29.9	130.9
29.9	116.5
30.0	63.6
30.0	100.8
30.0	157.9
29.9	173.9
30.0	170.6
29.9	187.4
29.9	260.3
29.9	297.0
29.9	236.1
29.9	268.9
29.9	281.9
29.9	317.5
29.9	244.9
29.9	251.1
29.9	269.8
29.9	288.7
29.9	225.9
29.9	226.0
29.9	171.0
29.9	139.9
29.9	112.8
29.9	82.2
30.0	103.1
29.9	93.8
29.9	119.5
29.9	184.1
29.9	152.6
29.9	130.3
29.9	142.5
29.9	245.7
29.9	285.6
29.9	277.6
29.8	282.2
29.8	323.3
29.8	273.3
29.8	280.7
29.9	317.5
29.8	180.0
29.9	424.0
29.9	33.1
29.9	110.1
29.9	137.3
29.9	62.3
30.0	66.0
29.9	73.9
29.9	122.5
29.9	151.0
29.9	190.0
29.9	221.1
29.9	239.6
29.8	306.1
29.8	273.2
29.8	275.3
29.8	287.5
29.8	248.2
29.8	235.7
29.8	245.8
29.8	245.1
29.8	220.3
29.8	224.7
29.8	227.9
29.8	245.2
29.8	141.0
29.8	108.2
29.8	73.7
29.9	35.4
29.9	86.6
29.9	141.6
29.9	182.4
29.8	234.8
29.8	236.1
29.8	286.5
29.8	290.4
29.8	336.5
29.8	213.3
29.8	377.8
29.8	233.0
29.8	233.9
29.8	280.8
29.8	322.1
29.8	257.2
29.8	271.3
29.8	205.5
29.8	222.6
29.8	151.1
29.8	92.6
29.8	97.8
29.9	55.9
29.9	59.6
29.9	127.9
29.8	147.8
29.9	169.1
29.8	182.1
29.8	272.1
29.8	242.3
29.8	292.3
29.8	314.4
29.8	326.3
29.8	302.9
29.8	287.1
29.8	344.7
29.8	307.7
29.8	314.7
29.8	274.0
29.7	232.7
29.8	171.2
29.8	120.7
36.7	45.6
36.0	66.7
37.0	64.2
35.9	55.2
36.9	54.2
36.6	45.5
36.3	77.1
36.4	135.7
36.2	202.3
36.5	362.2
36.4	298.6
36.1	345.3
36.5	446.0
35.9	231.9
35.3	319.6
35.9	249.3
36.2	135.2
35.3	103.6
35.4	109.6
34.9	145.6
34.5	82.2
34.8	112.8
34.3	144.8
34.6	141.6
34.6	125.8
34.6	225.4
34.5	255.8
34.4	279.0
34.1	245.2
34.4	266.8
34.3	248.9
34.4	189.4
34.2	317.1
34.0	315.8
33.7	276.8
34.1	258.5
33.8	259.3
33.8	293.4
34.1	246.1
33.7	206.9
33.4	124.5
32.9	51.5
33.0	100.9
32.8	118.6
32.8	146.1
32.7	184.6
32.5	191.4
32.6	222.9
32.4	261.6
32.5	276.6
32.5	239.8
32.5	315.6
32.2	316.6
32.2	335.5
32.0	302.6
32.0	229.8
31.8	264.0
31.7	223.7
31.7	223.5
31.7	175.1
31.4	112.1
31.5	122.1
31.4	60.1
30.9	114.0
31.0	142.0
30.9	164.9
30.9	148.5
30.8	192.9
30.9	216.4
30.8	305.8
30.7	301.2
30.6	332.9
30.7	250.2
30.6	281.6
30.6	318.4
30.6	308.1
30.5	260.3
30.6	344.0
30.5	278.9
30.5	305.8
30.5	190.2
30.5	196.7
30.5	141.1
30.5	125.3
30.5	97.6
30.5	115.3
30.4	141.4
30.5	198.6
30.5	220.9
30.5	286.7
30.3	260.3
30.3	230.9
30.3	299.2
30.3	310.6
30.3	331.8
30.3	343.4
30.3	360.8
30.3	380.5
30.3	285.3
30.3	264.8
30.3	290.5
30.3	253.8
30.3	218.0
30.3	162.9
30.3	120.0
30.3	90.0
30.3	62.9
30.3	86.9
30.3	132.5
30.3	184.9
30.3	171.4
30.3	180.3
30.3	193.2
30.2	207.2
30.3	287.1
30.2	379.7
30.2	391.4
30.2	264.4
30.2	175.3
30.2	154.8
30.2	110.3
30.2	100.8
30.2	90.0
30.2	113.9
30.2	76.7
37.7	61.5
37.4	37.4
37.3	126.6
37.3	97.6
36.3	93.5
37.1	105.5
36.6	92.3
38.1	90.7
37.2	121.4
36.4	361.7
37.0	245.9
37.6	317.3
36.4	368.4
37.8	309.1
36.4	204.2
36.6	241.4
37.1	217.7
36.8	174.5
36.1	99.0
36.6	123.3
36.7	222.4
37.9	238.0
37.6	211.1
37.4	127.6
36.8	165.1
37.6	169.4
36.5	160.4
37.3	166.7
36.9	162.2
36.8	204.2
36.7	125.1
36.9	112.2
36.0	87.8
36.7	117.0
37.1	150.1
37.4	199.4
37.5	267.4
36.4	283.3
36.0	338.2
35.8	393.9
36.6	347.1
36.9	326.4
35.9	450.5
35.4	313.1
36.1	301.0
36.9	344.4
36.9	345.9
35.6	382.2
37.1	357.6
36.8	263.8
36.1	102.1
35.5	125.2
35.4	141.6
36.9	197.6
36.3	272.7
36.0	265.1
36.0	263.5
35.6	298.0
35.5	241.7
36.3	221.1
36.0	328.1
35.9	442.6
35.2	372.6
35.5	338.6
36.3	366.3
36.1	227.1
35.6	295.0
35.6	247.7
35.0	210.0
35.5	146.7
35.2	123.0
35.2	31.1
35.1	90.6
34.9	177.7
35.3	245.0
35.0	238.1
35.1	234.6
34.8	258.8
34.7	288.4
35.0	275.6
35.0	381.1
34.7	314.6
35.4	356.5
34.2	364.0
34.8	479.0
35.1	361.1
34.5	288.5
34.0	237.8
35.7	310.3
34.5	204.7
35.0	175.6
34.4	78.9
34.5	58.9
34.4	96.5
33.8	119.7
33.7	126.2
34.2	86.1
33.5	128.3
33.8	132.2
34.0	135.7
33.5	188.4
34.2	139.0
33.8	200.2
33.5	184.2
33.5	174.8
33.5	228.4
33.6	248.1
33.5	189.0
33.0	185.4
33.8	148.1
33.2	134.1
33.1	49.2
33.0	61.8
32.9	74.3
32.9	95.6
33.4	108.8
33.0	189.6
33.3	216.9
32.7	297.4
32.9	278.4
32.6	284.8
32.7	265.5
32.5	306.0
32.6	223.5
32.6	132.0
32.7	146.6
32.6	125.5
32.4	138.9
32.4	129.3
32.4	84.1
32.1	70.7
31.9	47.5
31.8	88.3
31.8	90.6
31.7	137.0
31.8	176.9
31.6	210.5
31.5	271.7
31.7	260.0
31.6	265.0
31.5	279.3
31.5	325.5
31.3	268.6
31.4	263.0
31.2	296.4
31.2	223.1
31.2	132.6
31.2	108.3
30.9	90.5
30.9	75.8
31.0	97.1
30.9	88.2
30.9	148.6
30.8	121.4
30.8	97.2
30.8	105.6
30.9	146.3
30.8	171.9
30.7	184.4
30.7	248.3
30.7	306.8
30.8	260.0
30.8	361.6
30.7	329.4
30.7	271.0
30.7	300.0
30.7	224.1
30.7	137.5
30.7	59.0
30.7	77.5
30.6	116.4
30.7	198.5
30.7	208.7
30.7	209.1
30.7	263.6
30.6	243.0
30.6	303.7
30.5	288.6
30.4	275.3
30.5	338.9
30.5	351.2
30.4	350.3
30.5	280.1
30.5	297.5
30.5	250.8
30.4	176.8
30.4	176.7
30.4	110.2
30.5	125.1
38.2	43.5
37.6	71.9
36.6	91.7
37.8	5.9
36.4	64.1
36.9	121.9
37.1	199.2
37.3	144.0
36.5	66.9
37.5	56.7
36.8	65.8
36.7	69.7
38.2	111.1
37.3	100.4
36.4	110.6
37.3	93.9
36.8	211.0
37.7	164.8
36.3	243.3
37.5	342.2
36.8	339.2
36.4	289.0
37.4	268.2
36.9	340.4
36.5	260.5
37.2	114.7
36.5	110.8
37.2	131.4
36.9	91.0
36.7	52.9
35.8	137.9
36.9	173.7
37.3	130.2
36.2	131.9
37.0	159.0
35.8	154.0
37.9	117.0
36.4	66.7
36.5	47.1
35.9	73.6
37.1	110.0
37.3	129.6
36.9	151.5
37.2	165.4
36.8	229.0
37.4	224.8
37.5	282.0
36.4	307.1
37.4	354.0
37.6	372.3
36.8	269.0
37.1	277.9
37.1	301.2
37.2	300.2
37.0	236.6
37.1	213.4
36.7	172.4
36.2	143.3
36.5	108.7
37.4	35.4
36.5	90.1
37.6	113.3
36.5	159.8
37.0	202.1
37.5	262.8
36.9	178.2
36.3	119.0
36.5	50.8
36.6	53.2
36.1	100.5
36.0	139.0
37.3	99.1
36.7	234.9
36.1	108.9
36.9	155.1
37.6	419.9
36.4	289.5
36.9	354.6
36.6	305.4
37.7	337.0
36.6	301.3
36.8	261.5
36.4	229.5
36.6	255.0
37.5	187.8
35.9	81.4
37.2	55.4
36.9	90.7
37.3	153.9
36.5	177.0
36.0	205.0
36.2	186.4
36.9	242.1
35.6	278.9
36.8	315.7
35.6	369.5
36.1	387.8
35.8	373.2
36.6	312.8
36.2	374.4
36.2	253.9
36.0	179.0
36.2	167.7
37.0	112.8
36.0	127.8
36.1	100.4
36.2	56.4
35.8	117.8
36.7	171.9
35.3	230.4
35.7	221.8
35.2	245.0
35.2	319.5
36.2	326.6
36.0	270.1
35.0	411.8
36.4	250.2
35.8	334.4
35.6	367.4
35.1	372.7
35.2	369.0
35.0	248.6
34.8	291.5
34.9	235.2
35.3	141.4
36.1	63.3
36.5	53.4
36.2	117.5
35.5	164.1
36.3	166.5
35.7	127.9
35.8	113.5
36.5	230.0
35.8	226.6
35.8	189.4
35.2	267.8
34.8	207.4
36.5	317.6
35.6	323.7
35.4	341.9
36.7	259.3
35.4	213.9
36.1	178.7
34.8	176.6
35.2	97.3
38.2	71.7
36.8	93.6
37.2	167.3
37.4	116.7
37.6	124.4
37.2	296.2
37.7	354.0
36.8	391.0
36.9	231.5
37.7	287.4
36.7	238.3
37.2	243.8
37.4	210.2
36.7	183.9
38.1	202.3
37.6	160.9
37.2	167.9
38.2	39.7
37.1	48.6
37.0	104.2
37.6	199.2
37.2	320.1
37.1	226.8
37.0	288.0
36.4	281.0
36.7	326.3
37.2	310.0
37.3	323.0
37.6	314.8
37.3	287.2
36.8	346.0
36.4	251.7
38.4	255.4
36.0	216.3
37.3	203.5
36.0	139.3
36.8	98.2
36.8	87.1
37.0	90.9
36.4	135.2
36.4	224.8
36.6	345.5
37.2	429.8
36.5	284.4
36.1	249.3
36.5	312.3
36.4	271.8
36.5	220.1
36.1	195.0
36.5	151.8
35.8	56.1
36.0	104.7
35.9	142.8
36.0	228.5
36.5	225.3
36.2	311.5
35.6	420.2
36.0	380.5
36.5	332.0
36.0	369.3
36.3	458.8
36.1	432.0
36.4	380.6
36.6	435.4
36.5	292.4
35.8	245.9
36.6	218.9
35.7	253.6
36.6	179.4
36.6	124.3
35.7	45.3
36.6	84.3
35.7	137.1
36.6	152.7
36.3	219.0
36.5	269.3
36.4	279.9
35.1	386.3
35.8	292.1
36.7	326.0
36.2	276.7
35.4	321.2
36.2	378.5
35.7	380.6
35.9	304.2
35.8	282.4
34.9	238.8
35.4	211.7
35.4	154.2
34.7	107.8
35.4	115.1
36.7	138.1
37.7	200.4
37.3	266.8
37.2	199.3
37.0	178.8
36.2	237.8
37.2	156.0
37.4	113.0
37.9	83.4
36.5	116.2
37.2	116.8
37.0	165.6
37.2	212.9
37.1	231.5
36.9	205.4
36.3	165.3
37.4	158.7
37.8	202.1
37.8	277.1
37.5	317.3
36.4	301.2
37.0	299.3
37.3	87.2
37.0	114.5
36.4	130.2
37.2	213.2
37.3	238.7
36.3	301.1
36.7	249.4
37.7	286.2
36.9	362.8
36.6	368.2
37.3	343.8
37.0	273.2
37.4	365.2
37.5	293.0
36.3	276.7
36.9	286.6
36.7	206.1
37.1	182.2
36.7	126.5
36.5	114.0
36.3	41.4
36.7	168.6
36.4	222.7
36.0	226.9
35.9	263.3
36.5	249.2
36.6	321.5
35.6	289.4
38.4	314.2
36.0	197.9
35.7	276.0
35.6	320.9
35.8	413.8
36.0	278.2
36.9	284.6
37.2	232.0
36.5	80.5
36.1	61.4
36.1	106.5
35.6	121.1
35.3	178.6
34.9	206.2
34.8	293.9
35.7	264.9
36.0	305.6
35.1	233.2
35.3	289.1
35.0	299.7
35.6	302.0
34.7	361.0
35.9	196.6
35.2	189.9
34.4	193.2
35.3	167.9
34.5	144.2
34.9	79.8
34.9	87.7
34.2	49.2
34.5	43.5
35.5	56.7
35.3	63.5
35.0	220.8
34.5	275.0
34.6	262.5
34.6	292.6
35.0	290.4
34.5	287.4
34.2	241.4
35.5	215.1
34.3	264.6
34.3	163.0
34.7	144.7
34.1	144.0
34.9	94.7
36.8	113.3
37.1	198.1
37.0	231.3
37.3	237.7
37.8	164.6
37.0	154.5
36.9	162.9
37.1	229.4
36.9	179.4
37.2	123.6
37.7	62.9
37.3	72.3
37.0	69.2
37.9	69.4
37.1	80.7
36.9	81.7
36.9	89.4
37.2	94.0
37.7	84.1
37.0	102.5
38.2	118.8
36.1	76.4
37.8	78.3
36.5	98.3
38.2	101.1
36.9	124.8
36.4	120.1
37.0	112.8
36.8	96.2
37.7	75.0
37.2	77.7
38.0	86.0
37.4	72.0
37.6	71.7
38.2	102.4
36.9	153.5
37.2	113.6
36.8	155.4
37.2	112.8
37.7	176.6
36.8	193.8
37.3	197.6
36.5	201.6
37.4	201.8
37.3	201.2
37.2	205.7
36.8	204.9
37.5	197.0
36.9	131.4
37.4	138.1
37.0	132.9
36.1	53.5
38.5	130.7
37.2	120.5
37.1	149.9
37.3	136.3
36.6	185.4
37.7	203.4
37.1	241.3
36.4	180.9
36.9	254.6
36.8	252.8
36.7	225.5
37.3	252.4
36.4	235.1
37.1	198.0
36.9	167.9
36.4	161.9
36.8	101.6
36.5	84.0
37.6	56.1
36.5	122.4
36.6	48.7
36.0	52.5
37.9	103.1
36.8	111.4
36.9	173.4
36.5	221.8
36.2	195.8
37.7	229.8
37.1	257.0
36.0	257.6
36.6	248.4
35.3	276.2
36.6	289.4
36.2	268.5
36.9	298.0
36.5	256.7
36.8	204.0
36.4	167.8
36.9	109.9
36.8	86.0
36.8	130.3
35.8	327.2
36.9	185.8
36.3	130.9
35.7	138.4
36.0	191.0
36.2	214.5
36.1	172.0
36.6	254.5
37.2	220.5
36.4	173.9
36.5	220.9
35.9	208.2
37.4	234.6
36.8	189.6
36.6	193.3
35.6	105.9
36.0	138.7
35.4	94.9
36.2	39.9
35.8	86.9
35.9	95.2
35.7	148.6
35.9	175.3
35.5	173.6
35.3	175.8
36.0	204.7
35.9	181.6
35.4	250.4
35.8	204.9
35.6	237.1
35.2	179.4
35.6	117.2
36.0	138.1
35.7	139.7
35.8	130.0
35.6	73.7
35.3	60.5
35.4	103.2
35.5	106.8
35.1	165.3
35.6	208.1
34.8	214.2
35.3	229.3
35.5	227.2
35.8	233.0
34.5	248.7
35.4	234.0
34.8	230.8
34.6	211.6
35.1	153.8
34.7	182.3
34.3	138.6
34.8	113.8
34.4	31.1
34.9	47.0
34.3	100.6
35.3	94.4
34.3	134.1
34.6	176.3
34.9	199.0
34.4	77.0
34.6	66.0
34.0	105.8
34.2	94.4
34.3	85.9
37.8	115.7
37.2	111.8
36.8	143.3
37.3	107.1
37.8	102.0
36.3	123.4
36.5	104.8
37.7	82.8
37.6	120.1
36.6	157.7
37.1	200.2
37.3	135.5
37.5	109.0
37.7	159.8
36.8	102.3
37.3	120.4
37.6	133.8
37.2	65.3
37.0	99.3
36.2	139.0
36.7	144.3
37.6	150.8
37.6	138.1
37.0	175.6
37.4	202.2
36.5	183.3
37.3	189.1
37.0	204.6
36.5	188.7
36.9	190.1
37.2	157.5
36.4	165.3
37.7	126.5
37.2	123.3
37.3	106.0
38.4	73.9
36.0	109.8
36.4	155.2
36.5	157.9
37.1	150.4
36.7	191.1
36.8	186.6
36.3	199.1
36.7	173.0
36.9	186.5
35.9	210.9
37.1	202.0
37.7	208.8
37.5	163.9
35.8	156.1
37.2	144.6
36.2	114.9
36.8	109.4
36.6	77.3
37.2	79.0
36.7	94.7
37.7	108.7
37.0	179.7
37.0	144.6
37.4	170.3
37.2	164.0
35.9	181.1
36.3	143.3
35.9	141.1
36.0	199.3
36.3	170.9
36.2	162.6
36.7	162.3
36.5	140.6
36.4	131.7
36.4	85.6
37.1	41.7
36.2	50.4
36.3	133.4
36.6	112.5
36.0	177.1
36.4	187.1
35.1	150.7
35.5	115.8
36.6	104.8
36.4	132.0
36.5	114.8
35.2	83.4
37.0	91.3
36.2	91.5
36.2	46.2
36.1	69.0
35.5	65.4
36.8	89.7
35.5	117.7
35.6	120.3
36.1	109.3
35.3	211.8
35.0	201.9
36.8	176.3
36.0	225.1
35.3	174.2
36.5	167.0
35.5	144.4
36.3	159.5
36.4	140.2
34.5	115.1
35.3	103.7
35.0	88.6
35.1	62.0
35.4	72.5
35.6	88.3
35.4	109.5
35.1	121.2
35.7	138.9
35.2	137.6
34.6	172.2
35.7	123.2
35.6	170.2
34.7	132.2
34.9	148.3
34.9	131.5
35.5	133.1
34.9	134.6
34.6	94.5
34.5	59.8
35.0	86.1
35.1	104.5
35.0	135.1
35.1	134.4
35.0	93.4
34.3	116.1
34.8	83.3
35.5	117.1
34.9	170.2
34.6	144.8
35.7	158.8
34.9	135.0
34.8	79.8
34.6	106.4
34.8	110.0
34.2	65.3
34.3	64.7
34.1	66.9
35.1	97.0
34.3	109.9
34.1	94.9
34.6	93.1
34.6	106.8
34.0	111.4
33.8	108.2
34.0	129.9
34.3	131.8
33.8	138.2
33.8	124.1
34.1	112.9
34.3	82.3
33.8	91.5
34.4	89.5
34.2	59.2
33.6	36.6
33.8	44.7
33.8	47.2
33.7	52.3
33.7	51.9
33.6	55.1
33.9	82.0
33.4	61.7
34.1	66.7
33.7	59.9
33.9	57.9
33.7	51.2
33.7	49.1
33.5	46.5
33.5	43.2
33.4	46.8
33.6	48.5
33.5	54.9
33.6	66.6
33.4	65.3
33.3	77.7
33.2	74.0
33.2	68.5
33.5	60.9
33.3	68.2
33.3	73.8
33.3	70.6
33.1	64.1
33.0	53.0
33.3	89.4
33.1	39.3
33.6	23.4
33.0	38.3
33.4	31.6
32.7	43.2
33.0	46.1
33.0	50.0
32.8	40.4
33.0	36.0
33.0	25.4
32.9	26.3
37.8	113.3
37.4	104.4
37.6	126.0
37.2	110.2
37.2	114.3
37.8	103.8
37.5	81.9
36.8	25.6
37.7	92.4
37.6	71.2
38.0	54.9
37.1	48.5
37.6	62.9
37.9	71.9
37.3	79.2
37.3	80.2
37.5	90.3
37.8	80.9
37.4	86.2
37.7	98.1
37.0	95.2
36.4	71.8
37.8	59.6
37.4	56.5
37.8	40.1
37.3	44.7
38.0	84.7
36.8	86.3
37.1	88.1
37.3	72.1
36.7	65.1
38.1	85.1
37.5	106.9
37.3	72.7
37.5	102.8
37.5	78.1
38.0	92.4
37.3	65.0
37.1	49.7
37.3	28.8
37.5	37.7
37.5	38.9
37.0	33.2
36.7	39.3
36.8	57.2
37.1	67.2
37.0	46.9
37.6	89.7
38.1	82.5
38.1	70.8
37.6	54.7
37.7	76.6
36.2	72.8
36.7	65.7
37.0	52.6
37.3	43.4
37.5	55.3
36.8	91.1
37.8	88.9
37.7	89.4
36.6	88.5
36.6	89.8
37.6	99.1
37.8	97.8
36.6	102.6
36.9	88.4
36.9	91.1
37.2	84.6
37.1	72.3
37.1	32.7
37.2	36.6
37.3	55.0
36.8	66.8
37.0	66.7
35.9	60.4
37.3	59.5
37.0	84.7
36.6	76.1
36.4	81.0
37.1	89.7
36.7	73.0
38.3	75.3
36.6	73.3
36.7	53.1
37.6	34.8
36.4	40.6
36.6	49.8
36.6	50.0
36.5	56.8
36.4	41.1
36.9	46.7
36.9	53.3
36.4	63.3
36.4	68.7
36.6	38.2
37.1	33.0
36.9	72.4
37.5	33.8
37.5	49.8
36.6	43.8
37.6	38.0
35.7	42.8
36.2	80.3
37.2	47.8
37.1	63.9
37.8	41.9
36.4	94.8
35.5	55.6
37.2	58.0
36.9	48.5
35.6	57.3
36.4	54.0
36.1	51.7
36.6	28.6
36.9	33.3
36.7	44.3
37.0	45.3
36.2	45.2
36.5	41.3
36.1	50.8
37.3	40.8
36.7	54.8
36.2	61.2
36.7	49.8
36.7	39.0
35.6	46.3
37.0	38.2
36.6	25.7
35.6	21.8
36.2	38.2
36.8	38.1
37.7	137.1
38.0	71.4
38.0	56.7
37.6	50.8
37.8	94.6
36.9	99.0
37.5	50.5
37.7	55.6
37.6	51.5
38.2	36.9
37.7	44.5
37.4	41.2
37.7	43.4
36.8	32.4
38.1	32.7
36.9	44.5
37.2	58.6
37.6	66.1
38.4	65.2
37.9	74.4
37.1	79.6
37.0	85.6
37.5	86.8
37.4	67.2
37.4	50.4
37.4	49.6
36.8	81.6
37.4	42.9
36.9	37.7
36.6	40.6
37.6	40.4
37.6	62.4
37.0	46.1
37.7	52.8
37.3	46.4
37.5	47.2
37.3	45.0
37.4	16.0
37.8	52.6
37.6	45.1
37.8	57.7
37.3	45.8
37.2	64.3
36.5	66.5
38.3	59.1
37.6	67.8
36.5	59.1
36.4	55.2
37.6	61.1
37.6	54.7
37.3	36.0
37.0	46.8
37.6	44.8
36.6	49.7
37.5	56.1
36.8	56.7
37.0	62.6
37.3	55.8
37.8	87.1
37.7	71.6
38.0	77.8
38.0	72.9
37.3	69.7
38.0	69.1
38.4	63.2
36.8	42.6
33.9	66.0
34.0	70.2
33.8	74.7
33.8	100.1
33.6	64.8
33.6	64.2
33.8	45.2
33.6	31.9
33.6	32.7
33.6	30.5
33.8	32.9
33.6	29.2
33.6	26.7
33.7	32.2
33.6	31.7
33.6	23.6
33.6	26.2
33.6	18.0
33.6	33.8
33.6	47.0
33.5	46.2
33.5	43.0
33.5	37.7
33.5	50.9
33.4	34.9
33.4	29.4
33.6	28.8
33.6	21.8
33.7	22.8
33.9	32.1
33.9	42.8
33.7	54.0
33.8	64.4
33.6	64.8
33.6	53.4
33.5	42.4
31.6	36.8
31.6	35.1
31.6	28.9
31.3	9.5
31.3	19.5
31.3	20.3
31.3	29.6
31.3	28.2
31.4	29.9
31.4	20.3
31.2	21.2
31.2	24.9
31.2	33.1
31.2	39.4
31.2	42.2
31.3	44.4
31.3	42.4
31.3	41.3
31.3	38.3
31.3	32.5
31.3	29.4
31.0	19.1
30.9	24.9
30.9	28.3
30.9	26.8
30.9	31.1
30.9	34.0
31.0	33.4
31.0	26.5
30.9	21.2
37.1	4.6
37.9	13.0
37.1	23.9
36.8	33.8
38.0	20.8
37.6	43.4
38.5	48.7
38.0	35.8
35.9	63.6
36.0	57.8
36.1	66.0
35.7	66.1
35.3	58.3
36.2	64.7
35.3	61.6
35.3	26.5
36.1	35.7
35.8	51.4
36.3	56.6
36.4	56.7
38.0	52.8
37.2	74.1
37.1	61.8
37.0	44.5
36.4	54.3
37.5	37.0
36.3	29.9
36.3	48.8
37.3	60.4
37.2	70.6
36.7	95.7
36.8	79.8
37.3	82.5
37.2	91.7
37.4	96.7
36.6	80.8
37.4	86.0
37.2	74.8
36.5	31.6
36.3	26.5
36.6	28.4
36.5	39.7
36.1	35.9
37.5	47.9
36.6	39.4
36.9	35.2
37.8	32.2
36.9	23.6
37.2	28.9
36.6	35.4
37.1	29.7
36.3	28.0
36.3	33.8
36.4	32.6
37.1	43.1
36.7	44.0
35.9	61.3
37.1	48.7
37.1	57.6
37.0	49.7
37.0	13.3
36.6	15.0
36.5	27.0
36.4	37.4
37.0	44.1
37.1	51.8
37.5	70.2
37.2	54.4
36.6	16.3
36.8	21.2
37.2	25.1
36.5	26.9
37.8	28.1
37.2	33.2
37.0	25.2
30.6	5.4
30.6	6.6
30.6	8.1
30.6	6.5
30.7	7.9
30.7	9.1
31.0	20.2
31.0	25.6
31.0	38.2
31.0	52.3
31.0	47.9
31.0	74.2
31.0	72.9
31.0	48.9
31.0	47.1
31.1	45.7
31.3	19.7
31.2	26.0
31.3	38.2
31.3	50.1
31.3	28.5
31.3	27.1
31.3	21.9
31.3	21.3
31.3	19.6
31.2	21.3
31.2	28.0
31.2	26.4
31.2	32.2
31.2	27.2
31.2	32.6
30.9	11.9
30.9	18.3
30.9	22.9
30.9	30.0
30.9	50.4
31.0	67.4
31.0	50.8
31.0	34.5
31.0	36.9
31.1	44.7
31.0	56.8
31.0	51.8
30.6	24.5
30.4	45.7
30.5	37.6
30.3	36.4
30.3	37.3
30.3	39.5
30.3	40.8
30.3	39.0
30.3	42.4
30.3	50.0
30.3	8.2
30.3	8.9
30.3	12.7
30.3	12.6
30.3	13.9
30.3	11.6
30.3	9.0
30.3	9.5
30.3	17.0
30.7	7.5
30.7	16.0
30.7	2.0
30.7	7.7
30.7	11.2
30.7	4.2
30.7	7.9
30.7	11.1
30.7	16.0
30.7	17.8
30.7	18.3
30.7	31.8
30.7	19.2
30.7	25.3
30.7	19.4
30.7	26.0
31.0	11.1
30.9	8.9
31.0	26.5
30.9	24.9
31.0	68.0
30.9	70.3
31.0	54.2
31.0	45.8
31.0	42.7
31.0	18.9
31.2	14.4
31.2	50.2
31.1	81.7
31.1	121.9
31.1	154.7
31.1	170.6
31.1	172.2
31.2	154.8
31.1	194.3
31.1	201.3
31.1	217.9
31.1	187.0
31.2	154.8
31.2	155.2
31.1	137.5
31.2	133.4
31.2	82.9
31.3	24.0
31.4	34.0
31.3	56.3
31.4	92.4
36.8	17.4
37.6	14.9
37.0	28.2
37.2	39.0
37.5	69.5
37.6	87.8
36.9	119.5
37.4	148.5
36.5	199.5
36.7	188.8
36.7	198.3
36.4	256.7
35.8	224.3
36.8	174.3
36.7	187.6
36.0	167.2
36.2	47.2
37.3	62.3
37.1	102.0
37.9	110.5
37.6	117.9
37.4	126.8
37.4	169.0
36.9	168.6
36.9	181.5
36.9	188.4
36.7	134.1
36.8	141.9
37.1	114.4
37.0	107.0
37.4	85.3
37.1	86.6
37.2	32.3
36.7	41.7
36.2	71.3
37.1	79.8
36.8	113.8
36.8	152.2
37.3	121.8
36.5	93.8
36.7	75.6
36.5	68.6
36.4	67.6
36.9	77.5
36.3	75.8
36.4	93.7
37.2	75.2
36.8	92.9
35.7	67.3
36.4	25.8
37.1	49.9
36.3	72.9
36.8	107.5
35.6	119.7
37.2	129.9
37.0	173.9
35.8	172.2
35.6	159.1
36.2	233.6
36.0	247.1
35.2	227.5
35.6	247.0
35.6	190.0
35.3	229.9
36.4	164.9
35.8	75.2
35.8	81.4
36.8	35.1
36.7	40.8
36.5	43.1
35.9	40.3
36.5	82.3
36.2	125.6
36.1	121.6
36.1	152.1
35.5	168.8
36.2	121.3
36.1	68.0
36.1	82.4
36.9	74.1
35.5	63.1
35.9	77.3
35.7	71.8
36.7	60.6
36.2	34.0
36.1	34.3
35.7	35.5
36.6	46.6
37.2	27.0
38.2	32.2
37.8	46.7
38.6	37.0
38.9	30.8
37.5	39.9
37.0	44.6
37.7	57.3
37.5	45.5
38.5	47.8
37.8	53.0
38.4	22.2
38.5	41.8
38.1	84.7
38.8	139.4
38.5	169.6
37.6	194.6
37.2	224.2
38.2	249.4
38.8	270.4
37.5	212.1
37.9	253.4
37.0	203.6
38.4	289.1
37.0	147.9
37.9	151.7
37.4	132.4
37.4	106.3
38.4	84.1
37.5	81.9
37.9	44.2
37.5	63.0
38.7	89.3
38.1	87.7
37.9	116.7
37.6	136.2
37.9	171.1
37.5	148.3
36.9	187.8
36.7	201.9
38.3	186.1
37.7	174.1
37.4	180.5
36.9	191.2
36.5	144.3
37.4	117.5
37.5	138.9
36.6	119.1
37.9	64.7
37.1	57.8
38.2	43.1
38.6	61.5
37.1	77.7
37.8	101.6
36.7	120.1
37.5	124.7
37.0	104.8
37.2	142.1
37.4	142.7
36.4	120.8
37.2	96.7
36.3	114.0
37.3	100.2
37.7	73.2
37.4	78.7
36.8	55.5
37.1	49.3
36.4	40.1
37.5	49.0
38.4	40.7
37.3	54.8
36.4	81.7
38.5	96.7
37.7	79.6
36.9	87.8
37.9	92.2
37.5	12.6
37.1	29.4
37.5	86.2
37.4	94.0
37.8	151.6
37.5	244.8
38.8	246.6
38.1	237.5
37.6	193.9
36.9	136.1
37.6	98.8
37.6	63.6
38.4	146.9
37.7	173.5
38.7	130.5
37.5	117.6
37.5	155.4
36.4	202.3
37.6	239.2
37.8	139.2
37.7	139.8
36.9	117.8
38.3	176.1
37.4	153.3
37.9	101.9
37.5	108.9
38.4	44.3
36.7	56.9
37.2	68.9
37.3	99.1
37.2	99.9
37.0	91.2
37.9	93.3
36.1	104.9
37.4	88.9
37.1	80.2
37.6	94.7
37.7	76.9
37.6	71.6
37.0	51.7
37.4	63.1
37.0	44.5
36.9	21.1
36.7	29.2
37.7	25.7
37.2	30.3
37.4	40.2
37.2	31.3
35.7	38.5
36.9	52.4
37.3	57.8
37.2	65.8
37.0	40.9
36.1	29.5
36.5	18.6
36.9	15.0
36.2	43.0
37.5	28.9
36.8	24.6
36.0	59.0
36.8	70.9
37.2	69.2
36.3	118.4
36.3	70.3
37.1	106.7
36.2	71.0
36.2	77.5
36.4	64.6
36.8	79.7
37.0	48.5
37.3	38.5
36.2	31.7
36.8	30.5
37.5	31.0
36.3	60.5
36.7	104.2
36.7	136.2
36.8	92.5
37.1	44.1
36.8	45.8
36.3	70.8
36.8	53.5
37.4	50.7
37.4	54.9
38.3	99.4
37.9	131.5
37.7	0.4
37.4	34.5
37.2	36.6
38.1	41.9
36.9	54.3
37.1	70.6
37.2	18.2
36.6	46.1
36.2	60.8
36.6	70.1
35.2	76.4
36.0	70.0
36.6	85.1
35.4	62.3
36.2	57.8
35.1	53.2
35.1	35.2
35.5	15.5
35.0	20.7
34.9	32.1
35.5	65.7
35.2	75.4
35.3	69.5
35.5	88.8
35.3	42.4
35.1	66.7
35.5	90.3
35.2	29.5
34.8	54.9
34.7	67.7
34.6	32.5
34.6	33.6
34.4	18.2
34.4	30.8
34.5	44.0
34.4	31.0
34.4	55.1
34.2	50.1
34.5	58.0
34.5	56.1
34.2	47.5
34.3	24.3
34.4	35.1
34.2	26.7
34.4	24.9
34.0	29.9
38.0	125.2
37.6	80.3
38.8	115.6
36.9	82.0
37.0	62.0
37.7	49.0
37.3	53.6
37.6	67.0
37.1	66.0
37.4	52.4
37.0	54.6
37.7	48.7
37.4	90.8
37.0	67.8
37.7	51.3
36.9	71.1
37.4	67.2
37.3	62.8
37.4	58.7
37.0	61.4
36.8	51.9
36.4	45.9
37.4	44.8
36.5	49.3
37.0	26.2
36.9	45.0
36.6	54.9
36.9	76.3
37.2	95.7
37.6	88.9
36.1	98.5
37.1	94.9
37.1	94.4
36.1	87.3
36.4	83.1
36.9	84.8
37.4	84.3
36.4	82.1
36.2	87.5
36.6	72.5
36.7	52.9
36.7	64.1
36.3	50.9
36.5	51.6
36.6	37.5
36.2	23.4
36.2	35.9
36.2	201.9
35.5	217.5
36.2	137.6
35.8	94.0
37.1	80.8
36.1	67.5
36.0	70.4
37.0	68.4
36.9	93.3
36.6	72.6
36.5	80.0
36.8	90.3
36.8	69.0
35.9	44.4
38.0	197.2
37.3	81.4
38.4	64.2
38.2	106.7
37.5	148.3
37.8	179.4
38.3	244.1
38.3	248.8
37.7	289.0
38.2	312.9
37.6	342.0
37.7	373.2
37.9	385.0
37.4	356.5
37.9	307.4
37.6	310.2
38.3	241.0
38.2	191.1
37.8	171.3
37.1	163.9
37.6	101.6
38.5	91.5
36.9	54.7
37.6	73.6
37.9	102.3
37.7	121.7
38.8	170.6
38.6	163.3
38.1	123.4
37.7	183.3
38.0	118.9
37.5	152.6
37.6	168.5
38.4	138.1
37.1	145.6
37.4	139.5
36.9	120.4
36.9	92.6
37.7	76.1
38.1	64.7
37.7	52.4
37.8	34.7
37.8	63.0
37.3	59.3
36.7	84.1
37.7	90.1
37.3	104.4
36.6	108.7
38.0	123.5
37.0	156.2
37.7	128.6
38.1	123.4
37.0	115.2
38.2	124.6
37.4	102.9
37.3	123.7
37.6	109.3
37.6	59.1
36.8	45.5
37.3	69.3
37.2	60.1
36.4	40.7
36.0	58.0
36.5	50.0
36.0	35.3
36.3	14.9
36.2	28.2
35.8	48.3
36.4	66.2
37.0	67.6
36.3	76.2
36.1	90.5
37.2	78.2
36.5	104.7
36.1	97.0
36.3	80.3
37.0	101.7
36.4	87.1
37.2	76.9
36.4	76.6
36.3	60.8
36.7	95.0
36.7	73.2
36.0	46.9
37.2	37.0
36.6	68.5
36.6	73.7
36.0	68.2
36.3	92.6
35.6	77.0
36.0	83.7
36.0	80.6
35.5	88.3
36.4	90.5
36.8	66.7
35.7	64.9
35.8	50.5
36.4	44.1
37.0	43.0
36.1	39.9
35.6	41.7
35.5	32.2
35.2	44.0
35.8	42.1
35.4	36.1
35.0	56.5
35.5	72.8
36.9	60.6
35.0	62.3
35.8	43.5
35.5	119.7
35.7	81.2
34.9	75.3
37.4	26.9
36.1	58.8
37.1	101.7
37.2	111.8
36.7	214.8
36.8	164.1
37.4	134.0
38.0	110.9
36.9	82.2
38.1	103.2
37.6	142.2
37.3	94.4
36.6	53.8
38.1	76.2
38.4	65.1
37.8	91.6
38.0	116.0
37.7	90.8
36.5	71.5
37.2	129.4
37.9	186.7
38.3	146.6
37.9	124.2
38.4	130.1
38.0	111.2
37.3	100.2
38.5	70.4
37.6	6.8
38.4	60.1
37.0	75.5
37.7	151.7
36.8	161.5
37.7	212.0
37.9	311.6
37.2	334.0
37.9	266.6
37.8	193.1
36.9	160.5
37.4	151.6
36.7	88.3
38.0	98.9
38.2	101.0
37.9	113.3
36.1	146.1
37.5	113.8
37.2	129.0
37.7	185.1
37.9	145.9
37.6	178.5
38.3	194.5
37.4	197.2
36.9	146.5
37.7	124.8
38.0	81.5
38.0	66.2
38.0	84.0
36.9	101.4
37.0	135.2
36.2	170.4
37.1	155.2
37.2	164.7
37.0	179.5
37.6	177.0
37.3	148.9
36.8	162.9
37.3	136.8
37.4	133.8
37.2	84.8
37.2	62.0
37.7	57.1
36.9	55.9
35.8	40.7
37.0	22.6
37.2	35.0
36.4	44.3
37.0	51.5
35.7	52.8
36.4	76.6
36.3	66.7
36.7	61.5
35.5	67.0
36.6	65.6
36.0	76.1
36.5	74.8
36.7	95.4
37.1	120.8
36.1	91.5
36.3	67.4
36.1	52.6
36.4	29.3
37.1	41.7
37.1	36.7
36.5	46.3
36.5	40.2
37.2	52.6
36.5	131.7
36.1	368.3
36.8	229.4
36.4	223.1
37.2	173.8
36.7	55.8
36.7	92.2
36.1	75.0
36.8	80.1
36.0	78.0
36.5	77.0
37.2	60.8
36.3	58.4
37.4	200.6
36.9	166.1
36.5	134.4
38.1	134.3
36.2	76.3
36.8	67.8
36.3	70.7
35.4	95.1
35.1	70.4
34.9	53.6
35.1	61.3
35.1	92.3
35.0	104.8
34.9	105.1
33.6	25.7
33.6	33.8
33.5	44.6
33.5	44.4
33.4	53.5
33.3	29.5
33.4	46.0
33.4	26.0
33.3	35.7
33.4	49.6
33.5	29.4
33.4	33.9
33.4	40.4
33.3	53.7
33.3	70.3
33.2	58.3
33.1	53.9
33.0	22.8
33.1	83.0
33.1	118.5
33.1	83.4
33.1	112.2
33.0	130.4
32.7	94.9
32.8	67.3
32.9	80.2
32.8	65.7
32.7	61.1
32.8	61.3
32.9	66.3
32.7	42.8
32.6	55.7
32.7	108.0
32.5	182.7
32.5	175.7
32.4	181.6
32.4	152.4
32.3	100.6
32.3	110.7
32.1	111.5
32.0	104.6
32.0	108.0
31.9	95.3
31.7	77.8
31.7	107.0
31.6	123.8
31.5	69.9
31.6	59.5
31.5	45.0
31.4	42.6
31.6	34.5
31.4	52.1
31.5	59.6
31.4	53.8
31.4	51.6
31.3	75.1
31.2	69.4
31.1	68.2
31.1	73.8
31.1	83.3
31.0	77.6
30.9	76.5
30.8	65.4
30.8	67.6
30.7	53.7
30.6	58.3
30.6	66.2
30.6	44.3
30.6	33.2
30.6	39.3
30.5	36.4
30.5	20.2
30.7	44.2
30.6	52.4
30.6	35.2
30.5	50.4
30.5	42.8
30.4	44.9
30.4	55.7
30.4	38.8
30.3	34.9
30.3	49.1
30.2	42.5
30.2	38.2
30.2	23.3
30.2	18.6
30.2	23.1
30.2	16.1
30.4	40.1
30.4	60.4
30.3	22.5
30.3	29.6
30.3	50.5
30.3	55.8
30.3	45.8
30.3	15.6
30.2	30.8
30.3	19.0
30.3	56.8
30.3	143.6
30.4	88.9
33.7	302.0
34.0	437.4
34.9	331.7
35.4	197.2
35.8	228.3
36.1	49.0
36.1	65.2
36.5	56.9
36.1	97.3
38.8	335.8
37.0	252.3
36.4	187.3
37.9	124.2
37.0	85.9
38.7	152.7
37.3	198.3
37.2	190.2
37.2	226.3
37.3	217.4
36.6	212.2
36.5	244.9
37.6	239.7
37.2	145.6
36.2	133.2
36.8	100.7
36.3	142.3
36.2	209.0
36.6	183.2
36.5	289.4
36.5	292.5
36.5	75.4
36.5	34.0
36.0	75.4
36.0	91.5
36.0	89.1
36.3	120.1
35.3	106.7
35.4	204.6
36.0	239.1
36.2	143.6
36.4	83.5
36.0	64.4
36.5	75.2
37.8	74.6
38.2	58.7
37.4	89.7
37.7	145.7
38.5	142.4
37.2	157.1
37.6	205.7
37.5	242.9
37.1	251.3
37.5	218.0
37.6	251.9
38.4	190.0
37.7	212.6
37.3	165.5
38.0	194.0
37.4	215.7
36.7	129.8
38.1	134.3
37.8	138.3
37.0	124.8
37.6	109.3
37.5	67.6
37.4	83.0
37.3	96.4
37.4	107.9
36.9	174.0
36.8	203.8
36.6	184.1
37.4	159.5
37.4	144.1
37.9	164.3
36.0	144.1
37.4	147.3
36.3	113.1
36.5	133.4
37.3	107.6
36.7	95.4
37.6	95.8
37.6	96.0
37.3	73.8
37.3	52.2
36.6	58.0
38.0	43.7
37.4	62.0
36.3	64.8
37.2	74.3
37.9	91.1
36.5	146.8
37.0	134.9
36.8	105.8
37.1	110.4
36.2	123.7
37.2	96.8
37.3	121.8
37.6	96.7
36.5	64.8
38.1	81.9
37.2	42.6
36.2	51.5
36.2	31.6
36.8	60.7
37.4	73.4
37.1	82.7
37.5	96.9
36.5	107.3
37.5	85.9
36.9	90.8
36.3	83.2
37.1	112.2
36.5	75.5
38.2	87.5
36.9	94.1
37.1	65.3
36.2	72.4
36.4	61.7
36.8	36.3
37.0	57.8
37.3	31.3
37.0	39.7
36.7	36.6
36.2	23.1
36.4	39.8
36.0	43.9
36.4	43.3
36.1	32.8
36.6	49.4
35.7	43.2
36.5	70.4
36.2	67.2
36.7	90.6
36.8	92.3
36.6	88.4
36.6	93.1
36.4	77.6
36.9	79.3
36.5	61.0
35.7	60.7
36.6	55.7
35.5	32.3
36.7	50.4
36.4	55.3
36.2	33.1
35.2	20.7
35.2	23.8
36.3	51.4
35.6	31.1
35.9	37.6
35.3	66.4
34.9	63.9
35.9	83.3
35.6	88.6
35.4	82.9
35.9	77.7
35.4	87.5
35.2	88.6
35.1	83.5
35.2	65.9
36.4	77.5
34.6	57.3
35.5	65.9
35.7	39.2
35.0	32.6
35.8	41.3
35.5	28.1
34.3	22.6
34.8	47.8
33.9	66.8
34.1	64.7
34.3	74.0
33.8	71.8
34.1	82.6
33.8	100.6
33.8	83.8
33.8	89.8
33.8	83.2
33.9	99.0
34.0	85.5
33.8	68.8
34.3	74.2
33.7	74.1
34.1	72.0
34.1	62.0
33.3	47.8
33.9	52.2
33.7	38.4
33.3	28.9
35.7	163.5
36.3	167.2
35.7	187.6
36.8	116.4
35.9	128.3
34.6	121.9
34.5	81.5
35.6	75.1
35.7	101.0
35.7	68.3
33.8	36.6
33.5	56.0
33.8	54.1
33.4	55.3
33.4	59.2
33.5	64.1
33.3	62.9
33.0	37.0
33.3	52.4
32.9	108.9
32.8	117.6
33.0	132.9
32.6	70.8
32.3	50.6
32.1	49.9
37.3	105.7
37.6	29.3
36.0	85.2
37.7	65.8
36.9	131.5
37.4	133.2
37.3	212.9
36.5	294.3
37.2	363.4
38.1	318.5
36.6	262.9
36.5	277.1
38.1	279.9
37.0	345.4
36.9	235.0
38.3	225.1
36.6	323.3
36.8	256.1
37.4	126.4
37.0	109.2
36.6	97.9
37.5	206.0
37.4	245.3
38.1	229.8
37.2	264.5
37.6	319.7
37.3	372.9
36.8	379.8
36.5	349.0
37.0	191.8
36.7	291.5
37.2	285.4
37.9	314.5
36.1	271.4
36.8	143.6
37.8	136.5
37.1	216.4
36.9	340.8
36.6	356.0
37.4	260.5
37.9	249.5
36.6	65.4
38.1	38.3
37.8	106.0
37.7	152.6
37.5	166.6
36.8	202.8
36.7	197.6
36.6	287.2
36.8	307.0
38.1	349.8
37.5	381.0
37.7	460.2
37.0	335.2
35.8	415.0
36.8	389.1
37.3	477.3
37.0	455.7
37.1	390.1
36.6	406.9
37.8	344.7
37.4	293.4
36.5	347.7
36.9	313.6
36.9	281.3
37.3	170.9
38.0	67.4
36.3	103.3
37.1	101.4
37.8	74.0
37.6	80.6
37.1	64.1
36.9	91.8
36.9	87.2
37.9	58.4
37.7	63.1
37.7	100.7
36.9	81.8
36.9	58.3
37.0	72.9
36.5	109.1
37.6	62.5
37.6	97.8
36.9	119.4
37.3	128.5
36.3	170.6
38.6	236.7
37.3	218.5
37.4	213.3
37.2	212.2
36.8	214.3
36.5	176.2
38.1	149.6
36.7	148.8
36.4	112.1
36.3	122.1
37.1	94.6
36.6	54.9
37.1	64.5
36.8	88.3
36.7	85.0
37.2	123.2
35.8	145.1
36.7	177.2
36.8	202.6
36.7	181.0
36.1	331.7
36.9	237.5
36.0	273.0
38.1	304.6
37.1	229.7
35.9	227.9
36.6	287.7
36.2	202.9
37.1	262.3
36.6	219.2
36.7	183.3
36.8	155.0
36.1	149.3
36.6	107.7
35.9	26.1
37.1	29.2
35.3	41.7
36.5	53.6
36.6	73.1
36.8	78.5
35.9	103.1
35.3	63.9
36.5	93.4
36.6	142.8
36.6	114.2
35.4	177.5
36.4	197.8
36.5	333.3
35.7	189.9
35.4	124.5
36.2	186.8
37.1	34.3
37.1	55.2
36.6	81.4
36.7	82.5
36.9	115.0
36.7	187.1
36.5	233.4
36.3	424.4
36.4	379.2
36.3	289.1
37.4	383.6
37.2	453.5
37.0	500.0
37.3	393.8
37.3	363.5
36.5	359.1
36.5	336.2
36.0	197.3
35.7	147.7
36.5	90.7
36.3	21.9
37.1	44.2
36.7	41.9
36.7	51.7
36.5	69.3
36.3	158.1
36.1	85.0
36.6	125.9
35.8	182.7
36.2	99.0
36.7	77.6
35.7	92.1
37.5	126.1
36.1	143.1
36.7	160.0
36.8	180.3
36.8	201.1
35.6	226.1
36.1	259.1
37.0	259.1
36.4	384.0
37.6	428.4
36.3	360.4
35.6	418.1
36.6	340.0
36.9	379.5
36.1	302.0
36.1	228.5
37.3	299.6
35.8	248.6
36.0	231.2
35.8	227.8
36.0	179.7
36.2	165.3
35.9	148.3
35.1	48.6
35.6	65.8
36.1	90.1
34.7	152.3
35.4	197.9
34.9	213.8
35.8	221.8
36.0	202.2
34.5	200.8
35.0	200.5
35.9	208.2
35.5	207.3
35.4	166.2
35.3	123.0
35.8	118.6
35.1	90.4
37.3	35.9
37.3	66.9
36.8	93.9
36.4	88.7
37.1	124.5
36.9	233.0
37.9	227.8
36.4	124.3
35.7	166.0
36.1	175.1
35.9	177.0
36.0	229.1
35.4	206.9
35.7	190.1
35.7	132.5
35.0	147.2
34.5	133.0
35.8	118.4
35.8	88.3
34.2	58.2
34.2	87.7
34.0	103.9
34.3	116.9
33.9	152.4
33.9	185.8
33.9	203.1
34.4	192.4
33.4	192.5
33.3	194.2
33.9	219.0
33.6	171.9
33.4	216.3
33.4	191.0
32.9	136.4
33.1	156.1
33.1	133.0
33.3	122.1
32.9	87.3
32.9	65.0
32.4	35.3
32.3	76.7
32.4	104.1
32.2	90.6
32.1	125.7
32.2	100.5
36.9	65.2
37.0	66.4
36.9	75.0
37.2	76.7
36.5	94.6
37.0	99.4
37.1	108.6
37.4	82.8
36.1	100.3
37.0	116.5
37.3	116.9
36.1	175.4
35.9	137.9
36.7	127.5
36.8	83.7
38.0	91.9
36.5	92.5
37.5	31.4
37.0	83.1
37.0	81.1
37.5	83.9
36.7	107.9
36.5	164.0
36.1	184.5
37.1	218.2
36.8	233.8
36.0	281.8
36.5	341.3
36.5	246.4
36.5	348.2
37.9	357.8
37.0	230.3
37.2	323.9
37.8	266.4
36.8	154.5
38.1	119.6
36.8	118.8
35.9	16.3
36.9	41.2
37.6	96.4
36.5	212.5
36.1	158.2
35.8	176.6
36.0	233.5
36.8	178.7
36.7	237.6
36.6	303.2
36.3	265.5
36.9	306.1
36.2	363.9
36.0	336.9
36.7	278.0
37.3	266.2
36.2	239.2
36.2	250.7
36.3	156.0
37.0	227.3
36.6	126.4
36.2	103.4
37.0	29.5
36.2	47.9
36.0	67.2
35.6	99.8
35.6	145.5
35.6	149.2
35.9	152.3
36.2	202.3
36.8	181.4
36.6	192.9
35.8	226.5
35.8	194.2
37.2	118.0
36.6	129.6
36.6	85.5
36.0	68.3
36.5	42.7
36.2	68.5
36.7	74.4
37.2	69.2
35.6	93.6
36.1	110.8
36.2	117.8
36.2	220.6
36.8	227.6
35.4	246.2
35.6	224.2
36.4	389.1
37.0	353.2
35.9	330.7
36.6	352.2
36.9	301.3
37.4	288.7
35.9	141.0
36.9	217.1
36.5	236.0
37.0	228.0
36.9	148.1
37.4	43.3
36.5	110.6
36.9	98.9
37.2	136.2
37.2	181.1
38.1	325.3
36.9	310.7
38.1	254.1
37.5	279.4
36.9	332.5
38.3	386.5
37.5	338.7
37.3	349.8
37.2	355.9
37.9	163.5
36.8	132.1
37.6	179.8
36.8	176.6
38.0	165.5
37.4	92.0
38.3	68.2
36.6	122.1
36.7	182.0
37.0	189.1
36.8	212.2
37.4	208.2
37.6	184.1
36.1	222.5
37.1	253.9
37.5	366.0
37.4	304.9
36.5	379.5
36.7	373.0
38.4	371.8
37.3	376.4
37.6	437.6
36.7	259.3
37.1	286.0
36.7	149.1
36.7	114.2
37.6	121.5
37.1	83.5
37.9	103.5
36.5	56.0
37.9	95.0
35.9	131.7
37.1	150.3
35.9	180.9
36.7	233.1
36.4	253.5
36.2	286.2
35.9	263.7
37.2	344.5
36.7	310.8
36.4	363.3
36.5	298.0
36.9	370.7
37.1	342.8
35.9	277.6
35.9	252.1
37.1	280.6
36.3	287.7
36.5	182.4
37.8	145.7
36.0	108.0
36.8	102.7
37.1	55.1
35.2	101.8
35.6	136.3
35.9	104.9
36.8	55.6
36.3	31.0
36.8	116.2
37.4	101.8
36.1	125.8
35.6	178.8
36.0	170.4
36.0	116.9
36.7	49.5
36.8	70.3
37.5	100.5
38.1	171.8
38.6	182.9
37.7	226.1
37.5	291.5
37.8	293.9
37.2	280.0
36.4	361.2
37.4	370.0
36.7	467.3
36.9	350.2
37.7	457.2
37.1	376.2
37.2	176.4
37.4	224.9
37.5	301.6
37.7	275.1
35.8	221.8
37.2	126.6
37.4	89.6
36.4	110.0
37.9	48.2
36.3	62.8
37.7	117.1
37.4	112.8
37.1	191.4
37.2	109.3
36.8	179.6
37.7	288.3
38.2	234.4
37.8	320.5
36.0	230.9
36.4	281.7
37.2	292.9
38.0	243.1
37.1	183.2
36.1	422.6
37.8	348.6
37.1	276.8
36.4	9.4
37.1	135.1
37.6	111.8
36.1	72.9
38.1	89.2
37.4	89.8
37.6	141.2
36.3	186.8
37.8	300.6
37.1	290.6
37.3	320.4
36.8	261.6
37.3	268.3
37.3	314.0
36.9	309.8
38.0	269.5
37.5	365.4
37.0	371.2
37.1	452.5
37.7	395.4
36.1	294.4
37.6	292.7
37.3	322.2
36.8	314.7
37.3	218.6
38.6	158.4
36.6	53.2
36.3	56.8
36.8	103.5
37.6	127.3
37.2	236.8
37.5	289.3
37.5	192.2
36.8	150.1
36.7	189.6
37.5	276.2
37.2	298.6
37.6	350.4
37.6	429.1
36.2	397.5
36.3	364.6
36.3	207.6
37.1	191.8
36.8	129.8
37.9	118.7
37.6	124.1
36.7	67.0
35.9	85.4
36.4	107.9
37.2	142.4
37.5	200.6
37.3	251.6
36.8	302.9
36.7	314.5
36.8	322.8
36.2	374.8
36.9	381.7
36.2	435.3
36.5	389.2
35.4	410.5
36.5	431.2
36.6	524.1
36.4	438.1
35.9	326.1
36.6	361.3
36.7	345.9
35.2	335.0
36.3	239.5
35.6	201.0
36.7	153.2
35.1	65.1
34.9	56.2
35.2	110.7
35.0	115.1
34.8	184.7
34.8	157.7
35.0	278.1
34.4	401.7
34.6	398.0
34.5	275.7
34.3	218.1
34.5	403.7
34.5	256.9
34.0	146.3
34.5	256.3
34.6	300.5
34.0	136.1
34.3	153.2
34.6	164.0
33.8	211.9
34.0	114.7
33.6	64.6
33.0	39.0
33.4	99.8
33.4	246.2
33.3	223.3
33.2	190.2
33.1	327.1
32.8	337.8
30.4	67.0
30.4	123.6
30.4	149.7
30.4	130.3
30.4	237.6
30.4	237.3
30.3	276.5
30.2	265.8
30.2	232.7
30.2	291.2
30.2	341.8
30.1	276.1
30.2	442.2
30.1	379.7
30.1	352.7
30.1	328.7
30.1	334.4
30.1	399.3
30.1	292.6
30.1	257.0
30.1	172.7
30.2	56.7
30.2	58.0
30.1	94.5
30.2	17.8
30.2	60.6
30.2	150.1
30.1	81.5
30.2	119.2
30.1	103.9
30.1	118.3
30.1	95.1
30.1	94.6
30.1	127.6
30.1	96.1
30.1	67.8
30.1	44.4
30.2	72.1
30.1	114.7
30.1	143.8
30.1	182.4
30.1	196.6
30.1	226.4
30.0	249.0
30.0	320.5
29.9	354.5
29.9	342.1
29.9	338.1
29.9	328.5
29.9	307.1
29.9	367.1
29.9	410.4
29.9	339.0
29.9	283.0
29.9	182.1
29.9	166.7
29.9	175.0
30.0	104.6
30.0	76.2
30.0	107.1
30.0	165.3
29.9	167.8
29.9	258.1
29.9	263.2
29.8	341.1
29.9	243.2
29.9	365.5
29.8	222.1
29.8	331.5
29.8	357.7
29.8	316.2
29.8	408.2
29.8	378.5
29.8	326.7
29.8	197.8
29.8	330.7
29.8	188.7
29.8	109.7
29.8	76.4
29.9	66.7
29.9	120.3
29.9	205.3
29.9	238.2
29.8	408.0
29.8	387.3
29.8	400.9
29.7	387.8
29.7	375.7
29.7	468.6
29.7	405.0
29.7	475.5
29.7	399.9
29.7	404.8
29.7	379.5
29.7	261.2
29.7	263.0
29.8	251.5
29.7	178.6
29.7	159.2
29.8	82.6
29.8	127.9
29.8	178.2
29.8	246.9
29.7	311.4
29.8	363.4
29.7	393.6
29.7	431.9
29.7	441.8
29.6	424.9
29.6	470.5
29.6	463.0
29.6	406.1
29.6	398.1
29.6	378.8
29.6	391.4
29.7	401.3
29.7	323.8
29.7	308.1
29.7	228.0
29.7	207.5
29.7	154.1
29.7	140.6
29.7	172.7
29.7	253.3
29.6	280.1
29.6	314.3
29.6	415.8
29.6	442.2
29.6	385.8
29.6	402.9
29.6	394.0
29.6	415.6
29.6	392.9
29.6	393.3
29.6	367.8
29.6	298.0
29.6	281.7
29.6	285.2
29.6	232.0
29.6	216.4
29.6	132.6
29.7	65.7
29.7	148.2
29.7	152.5
29.6	251.6
29.6	307.9
29.6	291.7
29.6	284.6
29.6	244.3
29.6	296.5
29.6	374.4
29.6	442.2
29.5	454.4
29.5	380.0
29.5	348.7
29.5	326.9
29.5	304.0
29.6	240.6
29.6	249.4
29.6	217.3
29.6	177.0
29.6	147.2
29.6	93.3
29.6	113.9
29.6	166.0
29.6	207.1
29.6	229.3
29.6	230.2
29.6	237.5
29.6	363.2
29.6	305.0
29.5	338.1
29.5	324.5
29.5	336.4
29.5	325.5
29.5	309.4
29.6	287.9
29.6	249.7
29.6	234.6
29.6	167.6
29.5	139.2
29.7	75.4
29.7	120.7
29.6	279.5
29.7	260.3
29.7	329.8
29.7	344.5
29.6	394.7
29.6	482.7
29.6	488.5
29.6	539.6
29.6	473.0
29.6	485.4
29.6	400.2
29.6	418.1
29.6	349.8
29.6	386.1
29.6	324.8
29.6	272.0
29.6	247.2
29.6	206.9
29.6	161.0
29.7	37.1
29.7	89.5
29.7	126.0
29.7	139.9
29.7	201.8
29.7	253.8
29.6	364.9
29.6	331.0
29.6	329.4
29.6	432.6
29.6	349.6
29.6	357.2
29.6	450.1
29.5	383.0
29.5	421.4
29.6	342.3
29.6	299.5
29.6	238.9
29.6	198.7
29.6	232.8
29.6	187.1
29.6	133.0
29.6	105.3
29.7	45.9
29.7	27.6
29.6	104.9
29.7	69.3
29.7	206.2
29.6	205.5
29.6	269.8
29.6	284.3
29.6	280.0
29.6	285.0
29.6	373.2
29.6	377.5
29.5	232.9
29.5	311.6
29.5	230.6
29.5	337.8
29.5	275.6
29.5	176.2
29.6	198.1
29.6	176.0
29.6	156.6
29.6	146.7
29.6	107.0
29.6	158.5
29.6	224.1
29.6	183.9
29.6	246.5
29.6	275.0
29.6	314.8
29.5	287.8
29.5	261.9
29.5	325.8
29.5	256.9
29.5	228.0
29.6	371.9
29.5	276.3
29.5	160.2
29.5	208.3
29.6	250.3
29.6	268.5
29.6	172.4
29.6	124.6
29.6	79.4
29.5	331.7
29.5	340.2
29.5	331.4
29.5	250.7
29.5	312.3
29.5	297.7
29.5	255.9
29.5	212.2
29.5	211.1
29.5	113.1
29.5	92.6
29.6	24.9
29.6	66.2
29.6	87.8
29.6	114.4
29.6	159.6
29.6	217.6
29.6	314.3
29.5	296.4
29.5	270.1
29.5	188.6
29.5	188.0
29.5	223.7
29.5	199.2
29.5	140.1
29.5	100.9
29.5	113.2
29.5	151.1
29.5	116.6
29.5	86.5
29.6	44.8
29.6	77.9
29.6	110.8
29.6	145.7
29.6	140.8
29.5	272.1
29.5	201.9
29.5	84.6
29.5	65.9
29.5	138.0
29.5	157.1
29.5	175.3
29.5	217.1
29.5	294.3
29.5	278.4
29.5	323.5
29.5	137.2
29.5	179.7
29.6	63.9
29.6	108.1
29.6	147.6
29.6	196.4
29.6	213.7
29.6	218.7
29.6	273.6
29.6	373.3
29.6	231.2
29.6	233.2
29.6	307.0
29.6	390.0
29.5	274.6
29.5	232.2
29.6	328.9
29.6	235.8
29.6	174.2
29.5	165.9
29.6	144.4
29.6	115.3
29.6	105.9
29.6	115.0
29.6	166.8
29.6	188.5
29.6	266.0
29.6	158.8
29.6	222.6
29.6	226.4
29.6	302.6
29.6	405.2
29.6	327.1
29.5	355.7
29.5	307.3
29.5	406.9
29.5	326.6
29.5	367.4
29.5	269.2
29.5	275.6
29.5	220.5
29.6	160.3
29.5	150.8
29.6	121.2
29.6	49.7
29.6	102.5
29.6	174.2
29.6	201.9
29.6	221.0
29.6	271.4
29.6	303.7
29.5	359.6
29.5	313.2
29.5	248.2
29.5	269.2
29.5	229.9
29.5	360.5
29.5	317.5
29.5	276.0
29.5	289.2
29.5	249.4
29.5	210.5
29.5	181.5
29.5	163.1
29.6	75.2
29.5	243.5
29.5	168.5
29.6	311.4
29.5	173.7
29.5	368.9
29.5	279.5
29.5	210.6
29.5	216.7
29.5	196.1
29.5	178.3
29.5	169.7
29.5	218.7
29.5	116.4
29.7	94.6
29.7	117.1
29.7	153.0
29.7	153.8
29.7	145.8
29.7	264.8
29.7	306.9
29.7	283.7
29.7	253.4
29.6	385.8
29.7	349.3
29.6	347.6
29.6	355.9
29.6	281.0
29.6	169.1
29.7	165.3
29.7	33.7
29.8	46.4
29.8	73.5
29.8	125.9
29.7	139.4
29.7	213.0
29.7	266.9
29.7	261.2
29.7	330.7
29.7	352.4
29.7	424.8
29.7	394.2
29.6	368.7
29.6	349.1
29.6	328.1
29.6	332.0
29.6	303.5
29.6	239.4
29.6	245.9
29.6	242.0
29.6	204.1
29.6	168.9
29.6	117.7
29.7	59.7
29.7	116.5
29.7	139.4
29.7	143.5
29.7	234.4
29.6	275.3
29.7	377.8
29.6	268.2
29.6	197.2
29.6	155.4
29.6	345.8
29.6	278.6
29.6	307.1
29.6	277.6
29.6	379.4
29.6	260.5
29.6	232.9
29.8	44.4
29.8	98.1
29.8	105.0
29.8	171.7
29.8	174.5
29.8	200.0
29.8	173.4
29.8	184.8
29.8	240.4
29.8	303.1
29.7	237.1
29.7	293.7
29.7	303.3
29.7	220.8
29.7	208.9
29.7	256.1
29.7	177.7
29.7	122.3
29.7	104.4
34.4	115.8
34.0	261.2
34.8	268.3
34.7	296.5
34.9	322.7
33.9	263.7
34.1	300.1
33.7	350.1
33.7	349.1
33.7	347.2
33.5	338.2
33.5	352.9
33.2	288.5
32.9	268.1
32.9	184.3
32.9	160.5
32.8	149.2
32.7	134.3
32.6	111.1
32.7	78.7
32.7	145.8
32.7	158.8
32.4	190.1
32.4	286.6
32.5	260.3
32.3	314.1
32.1	331.7
32.1	350.5
31.9	370.3
31.9	352.3
31.6	369.7
31.5	360.8
31.4	326.1
31.3	307.1
31.1	294.8
31.0	228.2
31.0	202.8
30.9	159.0
30.7	44.6
30.7	84.4
30.7	145.5
30.6	154.7
30.6	282.8
30.5	291.3
30.4	316.8
30.3	316.8
30.3	359.8
30.2	341.8
30.2	306.4
30.1	403.0
30.1	316.8
30.0	379.7
30.0	281.2
30.0	146.2
30.0	233.9
30.0	87.3
30.0	108.5
30.0	99.0
30.0	125.8
30.0	84.6
30.1	46.6
30.1	87.7
30.1	176.1
30.1	163.2
30.0	203.9
30.0	269.0
30.0	318.9
30.0	378.2
29.9	320.8
29.9	368.7
29.9	335.0
29.9	348.2
29.8	306.1
29.8	292.9
29.9	320.1
29.8	298.5
29.8	337.4
29.8	261.5
29.8	223.6
29.8	156.9
29.8	135.2
29.9	278.6
29.9	429.1
29.9	393.9
29.8	366.0
29.8	356.6
29.8	327.9
29.8	323.2
29.8	351.2
29.8	258.9
29.8	231.3
29.8	185.1
29.8	149.2
29.8	112.0
29.9	77.2
29.9	98.8
29.9	123.4
29.9	169.6
29.9	190.2
29.9	234.0
29.9	269.0
29.8	301.9
29.8	283.4
29.8	333.8
29.8	341.3
29.8	319.4
29.7	306.5
29.7	304.0
29.8	291.2
29.7	262.3
29.8	229.4
29.8	172.4
29.8	151.8
29.8	123.0
29.8	69.1
29.8	90.7
29.8	99.4
29.8	91.9
29.8	112.4
29.8	135.4
29.8	160.8
29.8	164.5
29.8	165.9
29.8	261.2
29.8	247.0
29.8	246.9
29.7	278.3
29.8	196.9
29.8	280.4
29.7	177.2
29.8	164.2
29.7	143.0
29.7	98.1
29.8	57.6
29.8	64.4
29.8	69.6
29.8	87.5
29.8	93.9
29.8	133.1
29.8	149.4
29.8	128.9
29.8	116.5
29.8	120.9
29.8	104.1
29.8	94.1
29.8	97.2
29.8	113.6
29.8	158.7
29.8	174.4
29.8	157.5
29.8	192.4
29.8	245.7
29.8	218.8
29.8	186.0
29.8	183.3
29.7	302.1
29.7	264.2
29.7	215.2
29.7	232.0
29.7	241.2
29.7	234.0
29.7	165.0
29.7	71.3
29.7	66.6
29.8	29.0
29.8	69.9
29.8	59.8
29.8	50.1
29.8	67.3
29.8	98.9
29.7	73.7
29.7	77.0
29.7	86.1
29.7	55.9
29.7	64.1
29.7	62.2
31.8	48.9
35.4	78.4
35.6	74.0
35.3	124.1
34.9	118.7
35.4	116.7
35.8	124.0
35.6	123.5
35.6	168.3
35.2	279.8
35.4	285.9
35.7	285.2
35.5	224.1
34.5	156.6
34.9	233.7
34.5	149.9
34.0	184.2
34.9	126.7
34.1	90.9
34.0	55.8
34.5	101.7
34.1	88.8
34.1	164.9
34.3	153.7
33.8	254.6
33.7	290.8
33.5	231.9
33.6	375.2
33.5	275.4
33.2	272.1
33.0	293.0
32.8	306.2
32.9	265.6
32.5	190.6
32.7	156.4
32.5	121.0
32.2	90.2
32.3	72.8
31.9	58.6
32.0	78.9
31.7	135.5
31.7	187.1
31.7	174.2
31.6	219.1
31.5	203.0
31.4	282.9
31.2	273.1
31.2	323.1
31.1	234.4
30.9	314.6
30.8	259.9
30.7	283.9
30.6	224.8
30.5	222.2
30.4	200.1
30.3	137.2
30.3	136.5
30.2	100.7
30.2	63.1
30.2	109.5
30.2	147.5
30.2	151.2
30.2	205.5
30.1	266.6
30.1	291.3
30.1	350.9
30.0	321.1
30.0	307.5
29.9	223.0
30.0	331.0
29.9	311.4
29.9	359.4
29.9	310.2
29.9	224.1
29.8	137.6
29.8	214.4
30.0	102.9
29.9	173.9
29.9	191.3
29.9	169.9
29.9	188.7
29.9	269.9
29.8	317.5
29.9	294.5
29.8	321.9
29.8	408.7
29.8	329.3
29.8	364.8
29.8	326.6
29.8	279.3
29.8	260.1
29.7	227.0
29.7	239.6
29.8	161.5
29.8	179.3
29.8	111.6
29.9	44.1
29.8	81.5
29.9	94.9
29.9	185.9
29.8	163.9
29.8	199.1
29.8	228.3
29.8	170.7
29.8	308.2
29.8	302.6
29.8	246.5
29.8	206.7
29.8	231.8
29.7	223.1
29.7	292.6
29.7	229.6
29.7	150.1
29.7	202.7
29.7	118.0
29.8	68.8
29.8	108.1
29.8	149.4
29.8	196.2
29.8	159.9
29.8	168.2
29.7	230.0
29.7	224.2
29.7	244.7
29.7	239.3
29.7	136.8
29.7	198.4
29.7	235.5
29.7	183.6
29.7	215.7
29.7	172.2
29.7	131.4
29.7	65.6
29.7	76.6
29.8	44.1
29.8	122.8
29.8	155.3
29.7	191.7
29.7	228.7
29.7	210.6
29.7	230.0
29.7	309.0
29.7	331.5
29.7	264.6
29.7	318.0
29.7	279.8
29.7	270.5
29.7	276.3
29.7	224.3
29.7	223.8
29.7	224.1
29.7	187.4
29.7	138.6
29.7	112.8
29.7	38.1
29.7	86.0
29.7	94.4
29.7	149.6
29.7	194.1
29.7	177.0
29.7	224.4
29.7	153.8
29.7	100.1
29.7	108.4
29.7	180.5
29.7	215.2
29.7	314.7
29.7	173.7
29.6	137.5
29.6	103.7
29.7	60.9
29.7	73.9
29.7	87.7
29.7	80.0
29.7	67.7
29.7	157.3
29.7	107.5
30.0	73.1
30.0	130.2
30.0	176.9
30.0	193.8
30.0	182.9
30.0	216.9
30.0	219.3
30.0	171.5
30.0	194.2
29.9	204.3
29.9	200.7
29.9	258.5
29.9	240.1
29.9	184.1
29.9	221.0
29.9	156.7
29.9	147.5
29.8	120.8
30.0	107.4
30.0	111.7
30.0	165.6
30.0	195.9
29.9	172.4
29.9	176.5
30.3	176.2
30.3	99.4
30.4	46.1
30.9	92.0
31.0	114.9
31.1	138.7
31.1	147.2
31.2	122.2
31.2	154.2
31.1	164.1
31.2	93.5
31.2	132.5
31.2	97.4
35.4	82.3
35.4	115.7
35.3	127.6
35.3	126.9
35.8	149.1
35.6	135.0
36.1	154.3
35.1	127.3
35.5	138.8
36.0	136.5
35.8	134.3
35.7	169.7
34.7	136.2
34.8	109.3
35.4	80.1
35.1	128.3
34.5	81.5
35.1	89.5
35.2	64.7
35.3	105.0
35.1	129.6
34.9	120.3
35.1	99.0
35.2	106.1
34.8	91.0
34.8	116.5
34.7	142.2
34.4	137.5
34.8	144.6
34.4	102.3
34.2	115.7
34.4	86.2
34.2	104.9
34.1	91.9
34.1	94.3
33.9	95.7
34.1	75.7
33.8	78.3
33.7	86.7
33.7	71.6
33.4	51.0
33.6	75.5
33.6	98.4
33.4	91.7
33.0	103.9
32.3	77.3
31.7	30.7
31.8	44.2
31.9	46.7
31.8	79.0
31.6	83.6
31.3	79.0
30.5	39.8
30.4	48.7
30.5	48.9
30.4	64.4
30.3	87.6
30.0	71.3
29.9	78.7
34.8	30.7
37.0	75.5
37.0	81.9
37.0	81.6
37.1	77.3
36.5	116.8
36.4	133.3
36.9	152.7
37.2	165.2
37.2	148.9
36.0	145.1
36.4	133.1
36.8	141.7
36.2	116.6
36.9	115.9
37.8	87.5
37.7	80.9
36.5	61.6
36.6	91.0
35.6	79.1
35.6	82.5
36.8	92.8
35.1	81.9
36.2	98.4
36.0	121.1
35.8	123.1
36.1	82.5
36.3	67.0
35.9	67.9
36.4	58.7
35.8	43.6
35.3	63.8
35.1	61.5
35.0	74.9
35.5	85.7
36.1	82.6
35.6	59.5
35.5	120.9
35.6	118.1
35.9	104.6
35.5	113.1
36.4	85.2
35.7	74.5
35.3	62.8
35.6	32.8
34.7	52.9
35.1	63.9
35.2	89.3
34.8	67.0
34.9	85.7
34.9	75.0
34.4	92.2
35.1	122.2
35.0	95.4
35.0	86.9
35.3	78.6
34.4	53.2
34.8	52.9
35.2	47.0
35.0	26.7
35.4	46.0
34.7	76.1
34.8	64.7
34.5	73.0
35.0	70.1
34.7	86.3
35.0	94.4
34.6	87.0
34.4	94.6
34.7	60.6
34.5	44.6
34.4	37.6
34.4	63.0
34.7	60.1
34.4	43.9
34.8	58.6
34.4	77.0
34.5	68.7
34.4	78.4
34.4	78.2
34.3	52.5
34.2	54.8
34.4	60.7
34.3	66.7
34.2	37.6
34.3	49.9
34.3	70.8
34.1	60.9
34.2	58.8
34.3	62.5
34.4	100.4
34.2	71.7
34.3	79.1
34.3	85.5
35.0	67.9
34.7	71.7
34.6	46.8
35.0	36.6
34.3	75.1
33.9	77.3
34.0	76.8
34.0	80.8
34.1	70.6
33.8	42.5
34.3	46.9
33.9	24.6
33.9	29.6
34.0	12.9
33.9	19.4
33.8	17.2
34.0	27.4
33.9	26.5
34.3	42.4
33.9	52.0
33.9	44.4
33.8	48.8
33.8	37.7
33.8	38.1
33.7	34.3
33.6	25.9
33.9	30.6
33.5	26.9
33.6	27.0
33.6	24.1
33.7	44.1
33.5	44.6
33.7	49.0
33.5	35.4
33.5	46.0
33.5	42.5
33.6	32.0
33.6	20.1
33.9	49.9
34.0	86.6
33.8	45.8
33.9	100.3
33.8	96.8
33.9	119.9
34.0	108.3
33.9	60.0
34.0	41.8
34.2	49.7
34.1	47.1
33.9	35.7
34.4	74.8
33.9	73.9
33.8	66.9
34.1	66.8
34.0	50.7
33.9	71.2
33.9	74.6
33.5	27.7
33.5	31.6
33.7	40.4
33.5	35.7
33.3	35.8
33.4	35.1
33.4	41.1
33.3	30.3
33.4	27.8
33.2	28.9
33.3	29.3
33.0	27.3
32.9	18.9
32.8	23.0
33.0	27.4
32.9	29.1
32.9	25.5
32.9	20.0
32.9	24.3
33.0	20.1
32.8	23.3
32.9	18.0
32.5	14.5
32.6	11.1
32.5	17.2
32.6	20.3
32.6	17.6
32.5	12.5
32.6	13.9
32.4	37.3
32.3	20.1
32.4	46.4
32.5	36.6
32.3	37.2
32.2	60.6
32.2	86.8
32.2	92.2
32.3	70.5
32.3	66.2
32.3	68.1
32.1	59.3
32.3	45.2
32.5	40.1
32.3	24.9
32.0	50.1
31.9	48.6
32.0	66.4
32.1	70.3
32.0	70.0
32.0	84.2
31.9	66.3
32.2	77.7
32.0	66.6
32.1	24.2
32.2	35.5
32.2	19.3
32.1	35.9
31.9	53.1
31.7	34.7
31.7	48.7
31.7	47.4
31.8	43.9
31.7	49.3
31.7	50.7
31.8	58.3
31.9	40.2
31.7	53.9
31.6	33.2
31.8	30.5
31.8	27.9
31.8	37.0
31.7	59.9
31.6	52.4
31.6	46.3
31.7	58.9
31.6	53.0
31.7	52.5
31.6	52.6
31.6	39.7
31.7	44.7
31.5	62.6
31.7	38.8
31.5	47.1
31.7	33.0
31.6	38.7
31.6	55.2
31.5	62.5
31.4	72.0
31.3	57.0
31.3	43.1
31.4	56.2
31.3	48.5
31.2	53.7
31.3	51.6
31.3	46.1
31.2	46.3
31.3	42.0
31.3	37.8
31.3	31.6
31.4	26.8
31.3	26.8
31.3	30.8
31.3	36.8
31.2	35.5
31.2	41.8
31.1	45.1
31.2	46.8
31.1	45.1
31.1	52.2
31.1	56.4
31.1	70.8
31.0	60.7
31.0	48.7
31.1	57.2
31.1	40.9
31.1	39.4
31.1	34.1
31.1	30.9
31.2	9.4
31.1	22.5
31.1	48.5
31.0	35.3
31.0	36.7
31.0	24.2
31.0	37.3
31.0	26.1
31.0	58.4
30.9	30.8
31.0	21.8
30.9	25.4
30.9	26.6
30.9	24.5
30.8	28.1
30.9	39.3
30.8	30.3
30.8	40.0
30.8	35.7
30.8	31.9
30.8	34.7
30.8	31.6
30.7	31.8
30.7	21.7
30.8	15.4
31.0	54.6
31.0	58.0
30.9	54.9
30.9	53.4
30.8	51.1
30.7	51.5
30.7	41.7
30.7	36.9
30.7	35.2
30.6	48.8
30.6	48.8
30.6	35.2
30.6	31.8
30.7	36.4
30.7	28.0
30.7	30.0
30.8	28.9
30.8	40.3
30.8	28.1
30.7	27.3
30.7	49.2
30.7	46.9
30.6	37.0
30.5	26.0
30.5	30.2
30.5	46.0
30.5	41.0
30.6	37.2
30.8	38.2
30.8	32.5
30.7	43.1
30.7	46.9
30.7	32.7
30.6	43.0
30.5	39.6
30.5	32.2
30.4	27.9
30.4	34.6
30.4	24.9
30.4	34.8
30.4	27.7
30.5	21.9
30.5	20.7
30.5	16.7
30.9	38.1
30.8	39.7
30.8	44.7
30.7	29.8
30.6	36.1
30.6	38.4
30.5	30.3
30.5	38.8
30.4	28.0
30.4	29.8
30.4	24.4
30.4	27.6
30.3	25.6
30.4	22.4
30.4	18.5
30.4	20.2
30.8	28.8
30.7	45.5
30.6	33.5
30.6	40.8
30.5	28.5
30.4	34.4
30.3	36.7
30.3	42.2
30.3	28.0
30.3	32.3
30.3	36.2
30.3	15.0
30.2	24.8
30.3	25.9
30.3	25.1
30.3	16.6
30.5	24.7
30.4	22.8
30.4	28.0
30.4	31.7
30.3	30.1
30.2	38.5
30.3	31.1
30.2	34.1
30.2	32.7
30.2	27.3
30.2	31.8
30.2	26.7
30.2	25.9
30.2	22.7
30.2	17.1
30.3	20.7
30.3	11.4
30.3	22.9
30.3	21.3
30.2	23.5
30.2	25.8
30.2	39.1
30.2	31.1
30.1	23.0
30.1	24.0
30.2	16.7
30.2	23.1
30.2	24.1
30.3	63.7
30.3	44.2
30.3	70.4
30.2	52.7
30.2	38.3
30.2	50.9
30.5	36.1
30.5	46.8
30.4	37.9
30.4	32.1
30.4	63.4
30.4	35.1
30.3	48.9
30.3	56.6
30.3	46.4
30.3	37.3
30.3	23.7
30.3	23.1
30.4	25.4
30.4	21.9
30.4	17.5
30.4	19.4
30.4	22.6
30.3	10.6
35.6	58.1
36.4	50.1
37.2	65.0
36.3	66.0
36.5	64.7
37.2	76.9
36.3	97.4
36.7	77.0
36.2	104.0
37.1	93.6
37.4	88.7
36.1	80.5
36.3	82.6
36.0	48.3
36.1	47.4
36.7	60.0
35.7	63.6
35.6	72.0
35.7	94.5
36.3	72.6
37.0	73.5
36.2	83.8
36.3	80.9
37.2	63.7
35.8	50.8
36.1	75.6
35.4	57.3
35.6	55.7
36.7	35.0
35.9	38.4
37.5	54.5
37.4	76.9
38.4	76.2
37.8	69.1
37.9	67.2
37.9	60.8
37.1	46.6
37.8	45.1
38.2	50.6
38.4	55.8
37.6	90.2
37.1	77.4
38.2	80.1
36.7	74.0
37.5	55.6
36.9	45.8
37.1	58.3
37.5	80.4
38.3	85.6
37.8	134.3
37.1	142.7
36.9	161.4
36.9	161.4
37.6	102.5
37.8	102.6
37.4	105.8
36.9	123.7
36.9	86.4
37.8	81.8
38.2	79.9
37.0	51.9
36.8	39.1
37.5	49.0
37.5	43.6
37.0	65.9
37.6	78.8
37.5	82.9
37.8	68.4
37.2	108.1
37.0	103.3
38.3	105.2
37.3	100.1
38.1	84.7
37.8	68.4
37.9	34.5
37.0	48.7
37.4	59.3
36.9	42.0
37.3	59.7
37.4	34.5
37.2	31.7
36.8	30.7
37.3	45.3
35.9	46.2
36.5	65.2
37.0	67.1
36.7	45.0
36.6	50.5
35.8	37.7
36.0	40.9
37.0	60.0
36.9	58.9
36.8	39.8
37.0	33.6
36.6	53.0
37.7	69.5
36.7	78.1
35.8	61.5
36.0	61.4
36.5	64.8
36.3	76.1
36.4	64.4
36.3	63.3
36.4	54.2
36.5	9.7
36.6	34.5
36.5	64.2
36.8	81.9
36.9	92.9
36.8	88.9
36.7	83.3
37.5	86.0
36.5	83.8
36.2	68.3
36.4	92.7
36.8	94.9
36.7	65.7
35.4	63.4
37.3	57.9
36.1	14.4
36.8	81.1
36.8	71.7
35.9	71.4
36.6	79.3
36.3	71.8
36.7	77.5
36.5	56.7
36.1	69.0
36.3	60.1
36.6	63.4
36.9	47.8
36.0	44.6
36.6	13.6
36.4	51.7
36.2	59.1
35.7	67.0
35.3	58.8
36.2	49.6
36.7	49.9
36.6	63.4
36.4	47.6
36.3	45.5
36.8	41.8
35.8	27.4
35.8	50.7
36.0	47.0
35.7	64.9
35.1	69.6
36.2	52.9
35.2	63.6
35.5	49.2
36.2	50.2
36.2	35.9
35.5	43.3
35.9	35.1
36.0	28.7
35.5	42.2
35.3	45.9
35.6	36.2
35.8	44.7
35.3	40.2
34.8	53.8
35.1	41.1
35.5	38.9
35.5	27.8
35.2	35.4
38.1	55.2
37.9	79.2
36.9	76.2
37.2	90.5
37.8	91.4
37.2	83.9
37.3	70.8
37.6	48.1
36.7	49.0
37.6	55.5
37.9	53.5
37.4	86.4
37.4	77.4
37.0	74.6
36.9	69.1
37.3	72.9
37.9	63.6
37.0	51.1
37.2	43.3
37.8	43.7
36.5	30.3
37.1	55.5
37.0	56.6
36.1	52.9
36.7	60.0
37.2	60.8
37.6	75.1
37.1	68.1
36.7	83.3
36.5	69.0
37.7	68.3
36.5	56.1
37.0	73.6
36.1	48.5
37.1	36.5
37.0	35.6
36.8	43.8
36.8	52.2
36.3	36.2
37.6	38.0
36.3	38.1
37.4	39.5
36.7	82.2
36.8	80.4
37.8	37.7
37.5	40.8
37.6	53.9
37.9	44.1
37.5	50.7
37.2	58.9
38.2	47.7
36.4	49.6
36.2	39.8
36.4	3.3
38.2	6.6
37.2	1.9
38.2	6.4
36.6	40.6
36.7	51.0
36.8	62.5
37.5	87.3
36.7	78.5
36.7	86.7
36.8	61.9
37.1	19.1
36.6	26.1
36.5	30.1
37.1	49.3
36.8	63.0
37.1	54.6
36.4	55.8
36.5	61.1
37.2	52.6
35.8	39.6
36.3	54.7
37.8	67.9
36.1	124.8
36.4	121.3
36.6	121.8
37.5	107.8
36.5	114.4
35.8	128.3
36.5	76.3
36.4	78.1
36.7	73.4
36.1	28.2
36.5	28.5
36.9	71.5
36.3	91.6
36.4	83.9
36.8	82.2
36.9	87.8
36.6	64.8
35.8	72.0
36.5	81.8
36.1	78.2
37.0	88.6
36.8	65.0
36.1	43.0
36.4	29.0
36.5	19.2
36.0	31.7
36.5	47.3
36.6	66.2
35.7	73.2
36.7	82.8
36.4	73.0
36.1	31.1
36.9	27.9
36.5	40.7
36.5	30.1
36.5	37.9
36.9	42.0
36.2	38.3
35.9	37.2
36.1	46.0
35.7	39.6
36.7	14.5
37.4	35.1
36.1	44.2
36.3	51.3
35.6	56.5
36.7	57.3
35.9	78.1
35.8	70.3
35.6	66.4
36.7	64.5
35.8	54.0
35.6	39.6
36.4	54.3
36.3	62.7
36.5	60.8
36.1	57.5
38.7	30.0
38.1	28.6
38.8	29.7
38.8	33.0
38.6	34.2
38.2	45.5
38.6	36.5
37.9	28.0
38.4	26.2
38.7	29.6
38.0	10.2
38.7	21.7
38.2	22.2
38.8	16.1
38.6	8.3
38.1	54.7
38.5	48.2
38.1	59.8
38.1	35.4
38.1	40.7
38.3	53.0
38.2	72.6
38.4	78.6
38.4	47.3
38.9	56.7
38.5	69.0
38.5	77.6
38.8	78.9
38.2	65.5
37.9	69.0
38.7	64.6
38.4	66.6
39.2	73.2
38.9	73.4
38.5	84.1
37.8	65.5
38.7	78.1
38.6	55.2
38.9	51.3
38.5	45.2
37.4	58.9
38.9	55.8
38.9	50.9
38.3	64.4
38.2	48.8
38.9	58.5
38.5	53.7
39.9	54.9
39.0	42.9
39.1	42.9
38.6	21.6
39.0	30.3
38.9	31.0
39.0	49.2
39.0	46.3
39.1	72.7
39.3	56.7
38.6	71.2
38.8	62.4
37.7	47.7
38.0	43.7
38.5	73.5
38.3	76.3
38.2	74.4
38.0	76.9
37.8	99.8
37.6	95.2
39.2	20.1
38.9	40.0
38.4	62.0
37.3	59.8
37.7	59.9
38.2	94.9
38.2	97.8
38.3	99.1
38.3	93.6
38.8	77.7
38.8	78.0
39.1	70.4
38.3	66.1
37.9	50.9
39.8	48.7
40.0	51.8
39.7	57.9
39.9	71.8
40.1	77.3
39.4	82.4
39.6	84.3
39.2	31.3
38.9	37.3
38.9	20.0
38.6	25.1
39.5	44.6
38.8	58.5
39.2	58.9
39.6	68.0
39.2	62.2
39.2	55.1
39.3	55.5
39.2	8.6
39.5	29.9
39.1	24.0
39.1	21.2
38.8	24.4
38.8	18.4
38.9	18.5
38.8	5.9
39.1	9.6
40.1	15.3
39.6	34.6
40.1	42.2
39.3	41.7
39.4	32.4
39.5	62.8
39.2	56.8
39.3	73.9
40.1	84.8
38.7	61.1
38.6	43.1
38.6	35.4
39.7	42.1
39.6	53.4
39.5	50.1
39.4	63.5
39.2	77.6
39.8	102.6
39.7	89.4
38.4	91.4
39.1	103.0
38.6	74.0
39.4	86.6
39.8	77.1
39.6	62.5
39.6	63.3
39.1	28.9
39.4	28.7
39.2	41.6
39.3	67.7
39.1	74.8
39.7	53.6
38.7	83.9
38.7	81.9
39.0	70.7
38.7	45.0
39.2	52.1
39.2	20.2
39.1	37.5
39.1	50.2
39.3	47.9
38.7	46.9
38.8	35.9
38.9	63.3
38.3	68.5
40.0	118.9
38.5	83.0
37.8	79.1
39.1	77.9
38.9	70.3
39.5	53.9
38.9	23.4
39.8	39.0
39.5	51.6
40.1	54.6
39.8	45.8
38.9	64.2
38.7	73.7
39.0	63.9
39.3	57.7
38.6	55.2
38.6	43.2
39.3	54.0
38.6	47.0
39.0	57.2
38.6	39.0
39.7	42.6
39.0	41.8
38.9	40.1
39.2	32.0
39.3	36.4
39.1	30.3
39.0	52.0
39.2	27.8
39.8	34.7
39.3	31.9
39.3	35.9
39.8	48.9
39.5	41.4
38.7	47.7
40.0	55.9
39.9	56.9
40.1	42.3
40.2	52.0
39.9	61.4
39.8	74.8
39.9	85.2
39.6	58.8
38.9	75.2
40.6	22.4
40.6	31.7
40.3	31.7
40.4	35.6
40.1	39.6
40.1	41.3
39.8	51.3
39.8	40.8
40.0	47.1
39.7	40.0
40.1	43.5
40.1	36.7
39.4	16.8
39.5	46.5
39.3	55.3
39.1	98.1
38.5	106.6
38.9	135.3
38.6	126.5
38.8	141.2
39.4	142.5
38.8	171.9
37.6	142.5
39.0	161.2
38.8	145.8
38.6	137.8
38.6	104.0
37.9	86.4
38.7	80.3
38.9	12.5
39.3	27.6
39.5	41.9
39.0	41.5
38.2	32.7
39.1	33.0
38.6	24.2
38.8	42.4
39.1	40.2
38.5	52.8
39.4	56.8
38.5	56.0
39.4	71.2
38.7	58.7
39.1	2.9
39.9	26.1
40.0	35.8
39.1	36.4
39.5	46.6
39.1	74.1
39.0	85.2
38.8	93.7
39.3	89.6
39.1	99.1
38.7	83.9
38.9	123.7
39.1	93.3
39.9	6.7
39.1	34.8
39.2	55.6
38.9	70.2
39.3	84.1
38.9	126.2
38.8	140.9
39.3	128.8
37.8	159.9
38.6	130.1
38.9	96.2
38.1	98.4
38.2	89.1
39.0	54.2
39.5	85.1
38.3	98.2
39.1	138.4
38.4	151.1
39.2	100.1
39.7	71.0
39.2	40.0
38.8	30.0
39.1	39.2
39.3	34.2
39.7	47.4
39.0	52.3
38.7	56.7
38.6	56.7
39.0	65.9
38.9	54.3
39.5	42.7
38.4	47.3
39.9	23.8
39.2	28.9
38.2	35.1
39.2	52.3
39.2	72.3
39.0	64.9
38.9	80.4
39.4	106.2
39.5	119.6
38.3	122.6
38.9	101.5
39.4	139.7
39.0	107.3
38.9	99.5
38.4	99.3
38.6	77.0
38.8	64.4
40.0	28.8
38.6	33.9
38.9	60.4
38.7	73.4
38.9	113.6
38.7	141.8
38.3	69.5
38.6	55.6
39.0	25.6
39.1	33.7
38.7	45.2
38.2	55.7
38.6	84.2
38.8	80.2
38.2	91.7
38.6	138.7
39.1	116.1
38.2	76.4
38.4	89.9
39.2	105.1
38.0	92.1
39.1	34.9
39.8	42.4
39.1	49.2
38.8	64.4
39.2	70.4
38.8	69.7
39.2	96.2
39.1	87.8
39.7	115.1
39.2	120.4
38.2	97.8
39.3	66.9
38.8	53.4
39.2	61.1
38.9	44.3
38.7	55.4
39.4	74.0
38.6	72.5
38.9	115.7
39.2	101.1
38.6	109.8
38.9	134.5
38.7	146.5
39.6	86.4
40.1	84.0
38.2	78.1
38.9	79.1
38.7	48.2
39.1	45.8
38.8	15.6
39.0	35.2
39.1	57.5
39.2	38.7
39.3	40.8
39.6	45.4
38.9	46.7
38.8	35.1
38.7	15.4
39.3	27.6
38.4	30.6
39.8	77.1
39.1	89.7
39.2	104.7
38.7	105.1
39.0	106.8
39.1	98.3
37.5	127.3
38.4	108.3
38.8	90.9
38.4	86.7
38.2	96.7
38.5	60.8
38.9	67.2
38.2	64.6
39.0	60.1
39.1	18.0
39.1	26.5
38.6	34.9
38.5	42.0
38.3	38.5
38.3	55.3
39.0	123.4
37.9	108.0
38.9	89.9
38.2	80.5
37.2	79.2
38.8	53.5
38.8	18.1
39.2	40.1
38.5	69.1
39.1	86.5
38.8	104.4
38.6	120.1
39.0	79.0
39.6	108.4
38.2	101.0
39.0	80.0
38.1	90.7
37.7	89.0
37.8	83.4
38.6	69.9
37.8	66.3
39.0	59.2
38.7	45.9
38.4	37.7
38.4	35.1
38.6	30.6
38.2	40.8
37.6	153.0
38.0	74.3
38.0	56.4
38.6	50.8
38.8	67.1
39.2	86.4
38.4	83.3
38.2	66.5
38.9	56.1
38.2	60.4
38.7	64.0
38.0	73.6
38.0	55.3
38.3	63.7
38.9	61.7
39.0	54.1
38.5	53.9
38.7	32.0
38.7	57.1
39.4	84.1
38.1	84.8
39.7	88.6
38.6	104.5
38.1	115.3
38.4	112.6
38.6	122.3
37.9	135.2
37.8	111.5
39.1	119.3
37.9	103.5
38.6	82.0
39.1	84.6
39.5	73.2
38.2	46.9
38.4	13.9
39.2	29.8
38.8	31.8
39.2	19.2
39.6	38.6
39.2	65.3
38.5	74.6
39.3	70.0
38.3	101.3
39.0	114.9
38.4	80.3
39.1	68.9
37.8	65.7
38.0	49.6
38.1	31.9
38.3	25.3
38.6	18.9
39.1	75.5
38.5	55.3
38.0	55.2
39.2	42.4
39.6	63.7
38.3	49.3
39.0	50.8
39.0	36.8
38.7	29.2
38.8	18.9
38.7	26.7
38.8	37.2
38.2	43.7
38.9	42.7
39.5	66.5
38.6	81.4
38.7	98.0
39.1	141.6
38.2	130.6
38.6	74.2
38.6	84.7
39.0	86.6
38.9	60.5
39.1	68.5
38.1	83.7
38.3	102.0
38.4	117.5
39.2	160.1
38.9	155.7
39.5	182.2
38.7	168.7
38.9	189.9
38.5	127.4
38.4	140.3
37.9	175.8
38.7	138.4
38.5	158.7
38.0	108.0
38.4	120.0
39.1	46.0
38.7	52.7
38.6	63.6
39.0	74.4
38.7	82.1
38.6	95.8
38.2	110.2
38.8	112.5
38.4	80.2
38.2	94.8
38.2	140.9
38.4	67.4
38.1	56.9
38.1	48.6
38.1	44.7
37.6	45.8
39.1	27.6
39.0	41.5
39.3	38.5
38.3	42.2
39.3	58.7
38.5	51.6
38.9	45.8
38.6	28.8
37.4	51.6
38.8	44.9
39.3	35.1
39.5	38.4
38.6	62.9
38.4	82.4
38.2	112.5
38.7	101.5
37.5	93.8
39.1	104.0
38.4	118.7
38.6	126.9
37.7	75.5
38.6	92.7
38.2	83.6
38.7	70.7
38.8	76.2
38.4	58.6
38.8	53.3
38.3	46.8
39.6	34.8
39.6	36.4
38.2	64.0
39.1	47.9
38.5	69.5
38.9	73.8
38.6	90.6
38.9	92.0
38.2	124.9
39.1	107.7
38.7	119.1
37.4	102.7
37.8	98.8
38.0	120.9
38.2	92.0
38.0	69.6
38.2	73.3
38.3	52.8
38.7	37.0
38.8	49.7
39.1	38.5
38.4	40.7
38.4	49.8
39.4	65.8
37.4	68.3
38.8	57.6
39.2	69.4
39.4	71.9
38.7	78.5
37.9	65.9
38.7	55.7
38.7	54.4
38.3	58.9
38.4	51.4
38.3	32.5
38.6	39.2
38.4	23.4
39.0	40.6
39.2	44.7
38.9	45.6
39.2	39.6
38.4	54.7
39.2	45.2
37.9	34.2
38.3	34.2
37.7	28.6
38.9	100.1
39.3	15.1
39.5	30.4
38.6	41.9
37.9	69.6
38.6	94.7
38.2	136.2
38.9	138.7
39.1	155.5
38.0	177.0
38.0	107.8
38.8	197.2
38.6	196.5
38.4	174.5
37.9	143.3
38.4	182.5
38.2	162.2
37.6	108.0
38.3	106.7
38.4	74.5
39.0	22.7
39.0	43.6
39.0	66.5
38.0	87.7
38.8	108.3
38.7	120.8
38.4	165.6
37.9	144.6
38.5	138.5
37.9	146.1
38.1	145.5
39.2	168.3
38.1	152.9
38.1	143.2
38.1	94.1
38.3	94.5
38.8	67.4
38.2	43.7
38.4	37.5
38.4	52.5
38.8	72.9
39.1	74.1
39.7	63.3
38.6	78.7
38.8	68.3
38.8	88.4
38.5	114.1
38.1	113.5
38.6	86.6
38.2	83.6
38.4	67.0
38.6	60.9
38.9	74.3
38.7	96.8
38.8	100.7
38.7	93.0
38.7	122.6
38.3	127.6
37.7	157.9
37.7	125.3
38.3	156.4
38.5	121.1
38.5	115.5
39.3	87.3
38.6	122.7
38.1	150.4
38.4	144.8
38.6	102.6
38.1	102.9
37.5	64.0
39.1	-1.7
39.5	74.0
38.5	116.6
37.2	144.7
37.4	157.7
38.5	208.9
37.6	158.4
38.7	139.5
38.7	137.0
38.4	145.6
39.2	112.4
39.0	132.8
37.9	64.0
37.9	92.6
37.3	61.1
38.6	81.2
39.1	91.0
38.9	78.3
38.7	89.5
38.1	94.6
39.2	169.1
38.9	164.3
38.7	198.9
38.5	127.2
38.9	111.8
38.3	125.7
38.9	129.6
37.5	170.1
39.2	86.6
38.4	88.7
39.2	188.9
37.8	147.1
39.5	182.8
38.2	118.0
38.4	89.7
38.3	136.0
39.4	110.4
38.7	101.0
39.0	109.1
38.5	47.8
39.8	60.2
38.6	92.1
39.1	123.4
39.2	123.8
39.6	166.2
38.9	209.3
38.6	107.1
38.8	47.4
38.1	40.0
37.8	40.8
40.0	53.2
38.8	41.2
38.8	47.5
39.0	14.1
39.4	47.2
39.2	53.8
39.0	62.8
38.2	64.7
38.3	89.0
38.6	105.2
37.9	87.8
37.9	94.3
37.8	105.6
37.7	115.3
38.6	140.7
38.0	74.4
38.4	65.1
38.2	89.1
37.8	70.9
39.1	60.5
37.6	44.6
38.4	53.1
39.7	99.4
38.9	84.6
38.3	81.2
38.9	93.2
38.6	115.4
39.1	96.9
39.0	113.0
38.7	70.0
38.8	83.8
38.6	92.2
38.8	89.8
38.7	82.0
38.7	210.9
39.0	186.2
38.6	96.2
38.5	183.9
38.8	154.2
38.4	154.6
38.5	187.3
38.9	200.2
38.7	93.4
39.6	51.1
38.7	83.7
39.2	86.0
38.9	97.7
38.9	112.1
38.7	128.2
39.1	150.2
38.9	164.2
38.4	168.3
38.4	172.7
38.7	186.8
38.3	186.5
38.8	172.3
39.0	133.6
38.4	107.2
38.0	131.9
38.3	123.3
38.6	92.0
38.8	80.7
38.7	71.3
38.1	86.7
38.3	71.8
38.5	59.7
38.9	90.8
38.7	133.0
38.4	134.8
37.9	143.9
38.1	130.5
38.0	176.6
39.0	171.6
37.4	178.3
37.6	152.4
38.0	185.1
38.5	161.1
37.8	159.7
37.8	154.6
38.0	114.3
38.6	110.5
38.9	93.8
38.4	85.5
38.9	37.6
39.5	51.2
38.4	68.4
39.5	72.3
38.7	83.8
39.0	103.0
38.8	97.1
37.9	113.8
37.6	111.6
38.5	106.9
38.7	106.0
38.1	140.6
38.5	115.6
39.0	127.6
37.6	93.4
37.6	95.9
37.6	88.5
38.8	70.6
38.5	61.3
38.5	45.0
38.8	58.3
39.5	60.8
38.4	87.0
37.5	72.7
38.3	79.7
38.3	106.6
38.5	83.4
38.2	85.6
38.0	85.9
39.0	88.8
39.5	74.0
38.5	65.4
38.2	71.2
38.3	62.7
37.7	45.9
38.7	46.8
38.1	41.8
39.0	36.3
39.1	61.4
39.3	54.1
38.9	58.9
39.6	69.3
38.2	58.3
39.7	63.9
38.2	73.7
38.6	56.3
38.7	80.4
38.6	73.6
37.9	81.5
38.3	75.2
38.0	74.4
38.4	66.0
37.7	70.8
38.1	45.8
38.8	42.1
37.0	37.5
38.5	50.2
38.9	42.9
38.8	48.6
38.4	54.2
38.2	54.1
38.0	50.0
37.0	64.7
37.7	54.9
38.4	61.8
38.6	80.3
39.0	75.8
38.0	86.5
38.2	56.7
38.1	66.5
37.9	67.0
37.4	67.2
37.6	59.2
37.8	48.6
38.5	41.3
37.3	32.3
37.9	32.6
37.9	33.8
38.7	41.4
39.6	47.7
37.5	64.9
38.4	45.6
39.3	82.5
38.4	68.6
38.2	71.1
38.3	44.3
38.4	62.4
37.5	65.4
38.6	53.2
37.8	46.5
38.0	56.3
39.1	57.9
38.7	46.9
39.1	28.1
38.2	38.7
38.8	42.9
39.2	43.7
38.9	46.4
38.5	66.1
37.9	61.9
37.9	53.1
38.5	73.6
37.9	71.0
37.8	74.5
38.3	95.0
38.5	88.7
38.4	76.1
38.8	62.1
37.9	86.2
38.6	74.3
37.7	97.4
38.4	60.3
38.4	61.9
38.2	24.5
37.6	23.4
38.2	34.7
38.1	63.4
37.8	58.0
38.2	87.1
37.9	62.2
38.6	57.6
37.3	93.0
37.4	72.6
37.8	63.5
38.2	69.4
37.8	87.5
38.4	82.2
38.7	63.3
38.4	57.1
38.0	33.1
38.1	31.4
38.9	70.6
39.0	99.2
38.7	83.9
38.4	63.5
39.2	97.0
38.0	84.7
39.1	52.2
38.3	38.1
38.9	34.1
38.3	69.9
38.8	54.3
37.7	105.0
38.4	71.3
38.3	54.6
38.9	54.0
38.3	56.0
38.0	57.2
37.5	46.2
37.4	58.4
38.0	60.7
38.1	32.6
37.6	35.5
37.3	28.6
37.5	35.4
36.9	40.8
37.9	32.2
37.8	177.9
38.6	44.8
38.7	157.8
38.0	213.6
38.4	289.6
38.5	250.3
38.2	255.6
38.4	328.6
38.9	293.5
38.4	285.7
37.4	206.4
38.0	192.3
38.1	248.3
38.7	174.5
38.3	157.5
38.3	160.9
37.8	106.5
38.8	91.0
38.4	44.0
39.1	56.6
38.3	68.7
37.7	87.9
38.4	83.5
38.7	101.3
38.0	120.5
38.6	142.6
38.4	144.9
38.3	194.9
38.7	185.4
38.4	166.7
37.7	125.2
38.3	116.8
38.4	109.9
37.8	110.6
38.9	68.0
38.6	61.2
38.2	54.8
39.6	42.0
38.1	41.2
38.7	74.1
38.5	99.8
38.1	93.3
38.5	93.6
37.5	106.0
37.6	104.2
38.8	93.7
37.6	88.5
37.9	74.1
36.1	63.9
38.1	64.8
38.1	55.2
39.0	51.2
38.2	48.7
38.2	42.0
37.8	49.2
38.1	75.8
39.0	81.7
38.0	82.8
38.8	91.6
37.6	80.8
38.9	84.6
38.3	95.3
38.2	89.1
37.3	74.6
37.8	45.8
38.5	54.8
37.8	23.0
37.7	31.1
39.1	46.4
38.8	48.6
38.4	52.0
38.9	62.9
38.3	67.6
38.8	58.5
38.6	56.7
38.4	37.9
37.8	28.6
38.5	30.3
38.4	18.0
38.3	27.3
37.6	22.5
38.1	24.5
38.9	26.7
39.7	42.2
38.1	44.6
38.7	39.8
38.5	30.9
38.0	42.2
38.6	55.3
37.8	70.4
38.9	98.2
39.5	88.8
38.1	160.8
37.5	144.6
38.6	130.8
38.1	97.3
39.0	96.3
38.6	144.9
38.3	116.5
37.8	177.1
38.2	150.8
38.1	111.6
38.2	78.5
38.3	80.9
38.2	70.4
38.0	93.4
38.8	76.9
38.2	61.2
39.0	61.6
38.9	53.2
38.5	82.6
39.1	70.4
38.8	64.5
38.5	105.9
39.1	170.0
38.3	104.1
39.0	65.7
38.8	62.2
38.7	62.6
39.1	71.2
38.8	82.5
38.4	75.4
38.6	68.8
38.3	62.9
38.4	60.1
38.4	97.4
39.2	151.8
38.7	181.3
38.6	207.1
38.9	239.7
39.0	183.5
37.9	346.6
38.5	388.7
37.6	352.6
38.1	417.3
37.9	399.2
39.2	419.9
37.6	317.9
37.6	273.2
38.7	225.3
37.7	197.1
38.5	142.0
38.4	110.0
39.2	110.0
38.8	146.8
38.4	162.4
38.5	131.2
38.2	220.0
37.6	188.2
39.2	259.8
37.7	358.2
37.6	205.9
38.4	236.0
39.2	162.0
38.3	179.5
38.5	277.5
38.2	291.9
38.7	172.8
38.5	222.0
38.8	145.6
38.6	115.9
38.2	72.1
38.2	136.7
38.6	183.9
38.3	241.2
38.3	231.5
37.8	167.0
38.7	170.5
37.6	243.6
39.0	176.9
39.1	180.8
38.6	170.0
37.2	152.8
38.8	173.5
37.8	180.4
37.9	120.7
38.4	158.8
38.8	134.0
37.9	127.3
39.2	112.5
38.4	48.9
38.5	74.8
39.1	108.0
38.6	200.2
37.7	229.1
38.4	267.6
38.8	284.1
38.2	293.2
38.4	255.1
39.3	286.8
37.7	301.8
38.1	251.4
38.2	252.8
38.7	234.2
38.9	199.4
37.1	135.7
37.9	120.1
37.8	92.5
38.5	114.8
37.7	73.5
37.8	21.1
38.2	68.4
39.1	164.5
38.3	216.6
38.0	213.1
38.4	219.1
39.1	255.9
38.0	201.4
37.9	200.0
39.2	209.9
37.3	170.6
38.2	205.9
38.3	146.4
38.3	132.3
37.7	122.8
37.6	75.0
39.3	63.0
38.4	220.6
39.0	175.3
38.3	172.8
38.1	94.3
38.5	82.4
37.7	120.9
37.9	124.1
38.3	97.0
38.9	124.3
38.2	66.1
37.9	82.9
37.9	64.9
37.6	58.5
38.1	64.3
38.2	64.3
38.4	40.1
38.2	40.8
38.1	61.3
38.3	73.2
38.0	67.4
38.0	113.2
37.4	77.0
38.0	88.4
38.1	80.1
38.2	53.9
38.1	77.4
38.2	52.0
38.3	47.6
38.6	33.2
37.8	35.1
38.4	85.7
37.6	42.6
38.2	72.0
38.2	39.5
37.5	37.5
38.5	52.5
39.3	30.6
38.1	43.1
38.5	33.8
37.1	32.0
38.0	31.1
38.7	45.4
39.1	32.4
38.6	24.4
38.5	157.5
38.0	177.2
37.5	179.0
37.6	159.9
38.2	142.9
37.5	146.6
38.2	162.0
38.0	30.8
38.5	42.1
37.5	47.1
38.6	69.5
38.5	102.5
39.1	157.4
37.9	190.9
38.7	171.0
38.6	178.0
37.6	152.7
38.2	166.4
37.9	218.2
38.1	86.0
38.8	102.7
37.8	82.9
38.4	72.8
39.0	60.9
37.3	131.4
39.1	246.1
38.1	241.1
38.2	212.5
37.4	321.9
38.3	286.4
37.4	314.9
36.8	315.9
37.8	166.7
38.5	57.5
38.3	94.6
38.7	138.5
38.3	156.6
38.0	185.0
37.7	239.2
38.3	311.3
38.9	355.1
37.9	343.6
38.0	370.6
38.0	429.9
38.4	430.2
38.0	382.7
38.4	408.3
38.4	210.3
37.2	134.4
38.4	92.2
39.1	114.3
38.9	160.4
38.4	190.1
39.1	215.4
37.3	179.9
38.6	200.5
38.5	188.2
39.1	178.1
39.2	165.1
37.3	180.4
37.3	165.2
38.4	244.0
39.2	219.2
38.6	203.8
38.4	154.1
38.1	170.2
38.5	172.3
38.0	148.2
38.6	114.5
38.7	44.5
38.8	156.8
38.6	172.6
38.7	221.3
38.5	260.4
38.0	308.4
38.8	324.7
38.1	339.9
38.2	394.7
38.4	343.7
38.1	356.7
37.8	357.4
38.2	292.7
38.1	269.6
38.5	317.2
38.0	306.2
37.9	293.1
37.9	240.6
38.0	200.4
38.2	194.2
37.9	217.9
38.3	149.6
37.2	63.8
37.9	97.5
38.9	135.9
37.5	170.9
38.1	194.3
38.5	199.3
38.4	213.2
38.1	257.7
38.7	355.5
38.9	291.4
37.7	313.0
37.8	320.5
38.3	359.2
37.9	314.4
38.3	291.9
37.7	239.6
37.9	264.2
37.1	183.4
38.8	175.5
38.6	163.3
38.2	135.0
37.5	66.5
37.9	87.4
37.6	76.7
38.2	112.3
38.9	145.8
37.9	208.9
37.6	191.3
38.7	241.2
37.3	254.5
38.0	203.7
38.5	140.7
37.6	163.3
38.4	205.6
38.7	162.7
38.6	100.9
38.7	141.7
38.0	116.5
38.8	55.8
38.2	77.2
37.9	74.1
39.3	71.2
38.2	96.8
38.6	149.1
38.8	189.5
38.5	134.9
37.8	185.4
39.1	145.1
38.2	166.7
37.6	151.5
38.1	103.1
37.7	90.9
37.5	119.6
38.6	161.5
38.1	88.5
37.7	74.6
38.9	82.9
37.8	69.3
38.5	56.0
38.8	54.9
38.1	41.4
38.2	51.1
38.2	90.4
38.6	120.7
38.6	111.9
38.5	227.4
37.9	166.5
38.2	158.0
38.5	152.1
38.5	152.8
38.1	111.6
37.9	105.8
38.5	104.4
38.0	90.8
37.4	87.4
37.9	76.4
37.7	64.0
38.1	61.6
38.4	50.9
39.0	60.4
37.6	47.0
37.8	52.0
38.4	47.8
37.7	66.6
38.7	77.8
38.3	60.6
37.8	64.8
38.9	76.6
38.4	68.2
38.1	61.6
37.5	54.9
38.3	42.3
38.6	31.9
37.5	30.1
39.6	78.2
38.9	91.3
37.6	85.8
38.9	111.7
38.6	95.0
38.1	108.0
38.4	128.7
37.4	122.3
38.1	117.6
37.4	124.2
38.6	111.5
38.2	108.1
37.5	104.3
38.1	98.4
37.9	117.2
37.6	85.4
37.7	77.9
37.6	78.4
38.5	68.9
38.0	52.2
37.5	47.6
38.0	43.9
38.1	63.5
38.1	72.6
38.0	76.7
37.8	107.8
39.5	97.5
37.8	93.8
38.1	126.8
39.1	135.0
38.5	112.7
38.5	99.3
37.7	120.0
37.7	104.6
37.8	119.8
38.6	77.6
38.2	75.8
37.6	81.5
38.7	73.2
37.8	69.2
38.1	45.2
38.6	39.2
38.5	74.7
38.3	79.6
38.0	87.3
37.9	96.9
38.2	85.9
38.1	77.8
38.1	91.8
38.9	90.6
37.8	97.0
38.7	75.5
37.9	98.8
38.3	80.5
38.4	59.2
37.8	84.1
37.6	64.8
37.4	77.8
37.9	53.7
38.3	21.9
38.9	39.1
38.4	36.8
37.9	57.9
38.2	56.5
39.3	71.4
38.5	79.0
38.6	99.2
38.0	99.9
38.4	81.8
38.0	94.0
38.3	90.9
38.5	115.9
37.6	64.1
37.9	116.9
38.2	103.0
38.1	89.2
39.3	82.5
37.8	89.7
38.2	74.9
38.4	60.4
38.0	43.5
38.3	26.8
37.3	34.3
37.9	29.8
37.7	33.7
38.2	42.3
38.1	49.9
38.5	58.8
37.9	69.3
37.7	80.9
38.7	66.4
38.9	93.5
37.7	64.5
38.5	84.7
38.3	60.0
38.1	71.8
37.5	86.2
38.5	73.1
38.3	34.2
39.2	25.3
38.9	49.0
38.1	68.4
38.0	132.1
39.2	163.4
37.7	245.1
38.2	322.2
38.2	355.5
38.2	314.5
38.1	254.4
38.3	312.9
37.7	303.1
38.3	337.6
37.7	306.5
38.5	234.6
37.9	161.4
38.6	124.1
38.5	56.7
38.5	97.1
38.2	181.5
38.0	117.5
37.7	200.5
37.9	286.2
38.4	341.4
38.2	392.7
37.4	360.2
38.5	355.6
37.6	243.2
38.2	294.3
37.7	227.7
38.1	132.9
37.7	62.8
38.1	157.6
38.5	155.7
37.5	224.0
38.1	192.0
37.0	173.3
38.5	174.3
37.7	164.2
39.1	218.2
37.8	291.8
38.1	270.1
38.5	389.2
38.1	274.2
38.4	243.3
37.9	281.7
39.0	305.8
37.9	246.3
38.1	206.8
38.1	191.9
37.5	118.4
37.2	61.1
37.6	101.9
38.3	181.7
38.4	185.8
38.1	255.1
38.2	284.1
38.0	397.5
38.4	346.7
38.5	394.8
38.6	384.2
39.1	362.4
38.4	334.6
38.2	255.1
38.7	316.1
38.1	285.6
37.4	208.1
37.8	196.1
37.5	159.0
38.9	133.2
37.7	121.2
38.5	40.3
38.9	64.1
38.8	96.4
38.7	155.8
38.4	211.8
38.4	187.4
38.1	222.9
38.5	203.6
38.0	199.2
36.4	248.0
37.6	200.8
38.1	225.3
37.7	199.2
38.6	145.3
37.6	171.0
37.3	132.7
37.7	164.2
37.6	127.3
38.3	145.8
39.2	89.3
38.3	87.2
38.2	80.4
37.9	82.5
37.6	62.5
37.9	46.7
38.5	59.8
38.7	52.1
37.3	78.1
37.6	90.7
38.8	94.4
37.4	116.1
37.5	121.1
37.8	155.0
38.2	147.1
38.2	100.7
38.5	54.9
38.5	62.8
38.6	97.7
36.9	226.9
39.1	238.4
37.7	273.3
37.7	261.4
38.0	376.6
38.2	286.3
37.7	321.2
38.4	310.0
38.1	282.6
37.8	355.8
37.9	232.7
38.1	259.3
39.3	173.9
37.7	222.0
38.2	175.7
38.6	114.7
38.0	21.1
37.8	52.2
38.4	73.3
37.9	141.8
37.4	150.9
37.3	223.8
37.7	242.0
38.0	305.3
38.8	490.7
38.6	415.2
38.3	413.2
37.7	347.7
38.1	353.4
37.9	412.0
37.9	350.8
37.9	277.9
37.7	251.9
37.5	218.0
38.7	218.6
37.8	188.2
37.9	161.1
37.5	104.8
38.3	50.8
38.2	84.5
38.0	114.9
37.9	167.8
38.5	132.6
38.5	152.0
37.7	150.3
37.8	232.9
38.0	223.7
37.3	213.9
38.2	280.4
37.6	282.9
38.5	208.0
37.9	230.1
38.0	193.9
37.6	193.4
37.7	190.5
37.6	152.3
37.2	130.3
35.1	164.3
34.6	117.3
35.2	97.5
35.4	78.8
34.7	46.8
34.7	59.6
34.3	67.8
34.2	58.4
34.3	71.6
36.7	166.2
36.6	156.1
35.9	145.1
36.7	103.8
37.1	61.8
37.6	79.9
36.9	109.4
36.5	104.1
35.7	153.4
35.8	157.7
36.3	235.1
36.9	274.5
35.5	384.2
36.1	407.7
35.8	431.9
36.7	451.9
36.0	376.3
36.4	392.9
36.7	391.4
36.1	314.1
36.1	262.3
36.6	264.7
35.5	202.3
35.6	185.2
35.8	148.5
37.3	111.9
37.2	166.5
35.5	217.1
35.9	225.7
37.1	228.5
36.2	251.8
36.4	347.0
35.9	427.3
36.6	390.2
36.8	448.0
36.3	323.6
36.0	342.8
35.5	294.8
36.0	270.3
34.8	280.5
35.7	260.3
35.8	215.0
35.6	182.8
35.9	145.6
35.2	127.6
36.7	69.0
35.5	79.3
35.5	107.8
35.8	75.3
35.8	73.8
35.4	116.9
35.6	146.6
35.8	145.8
35.3	159.6
34.7	199.8
35.0	168.3
35.6	196.6
34.8	191.8
35.3	168.6
35.1	153.8
35.0	140.2
35.6	131.9
35.1	111.8
35.1	156.6
35.2	119.3
35.1	88.6
34.7	120.8
35.1	73.9
34.4	59.6
34.9	96.3
34.2	85.5
34.2	115.5
34.2	121.7
33.6	127.4
33.7	197.0
34.1	152.2
33.9	232.1
33.9	228.4
34.0	248.0
33.6	176.2
33.3	197.2
33.8	180.1
33.9	170.7
33.3	196.8
33.3	126.3
33.6	159.1
33.4	145.7
33.4	131.3
33.6	-95.9
33.2	92.1
33.4	74.8
32.8	39.6
32.8	98.1
32.6	74.5
32.5	23.2
33.1	67.2
33.2	62.3
33.0	46.8
32.9	73.7
33.8	40.8
33.7	62.2
33.7	69.5
33.6	77.8
33.4	165.2
33.7	263.3
33.5	306.6
33.2	391.4
33.2	373.1
33.0	332.6
32.8	399.4
33.2	346.8
32.9	294.6
32.8	260.6
32.5	304.9
32.4	242.4
32.8	221.3
32.6	195.0
32.9	184.7
32.6	147.1
32.5	130.8
32.9	57.7
32.7	74.7
32.9	93.0
32.6	148.4
32.8	170.8
32.5	194.9
32.7	224.8
32.5	220.5
32.3	160.6
32.2	148.1
32.4	221.1
32.2	201.6
32.2	265.2
32.0	245.7
32.1	210.0
31.9	267.1
31.9	207.0
32.0	241.0
31.7	245.6
31.6	161.4
31.8	160.0
31.7	129.0
31.8	144.4
31.5	96.6
31.7	89.6
31.5	89.2
31.5	111.6
31.6	114.2
31.4	160.6
31.4	158.7
31.4	159.6
31.3	136.2
31.2	102.6
31.2	119.7
31.1	158.6
31.2	176.0
31.0	182.8
31.0	145.2
31.0	139.2
30.9	201.8
30.9	163.3
30.8	190.8
30.8	136.8
30.9	183.4
30.8	162.1
30.8	127.5
30.7	110.3
30.7	105.1
30.7	51.5
30.8	55.7
30.7	76.6
30.7	98.6
30.6	113.9
30.6	146.6
30.7	156.4
30.5	171.4
30.5	189.8
30.5	234.4
30.4	134.3
30.3	197.6
30.4	168.8
30.3	224.2
30.2	190.7
30.3	171.7
30.2	202.9
30.2	192.1
30.2	181.0
30.2	208.6
30.2	165.2
30.2	137.6
30.1	112.3
30.1	104.9
30.3	74.0
30.3	120.7
30.3	113.1
30.2	92.1
30.3	133.8
30.2	163.1
30.2	213.7
30.2	216.4
30.1	242.3
30.1	237.3
30.1	177.7
30.1	228.2
30.0	227.3
30.0	284.0
30.0	238.4
30.0	187.2
30.0	126.2
30.0	133.6
36.5	49.7
38.4	82.1
37.8	109.0
37.2	158.3
35.9	221.3
35.9	258.4
35.8	243.3
36.8	306.7
37.0	355.2
36.5	355.6
37.0	332.6
36.9	394.3
36.4	404.5
36.2	426.1
36.5	409.9
36.0	386.3
36.5	408.3
35.7	375.3
36.5	422.1
36.3	330.7
36.9	273.1
36.2	208.1
35.9	147.7
35.1	90.8
35.7	85.0
36.6	115.0
36.1	115.3
35.0	129.9
35.0	118.0
35.1	116.5
36.4	121.3
35.5	100.0
36.2	208.2
35.2	167.6
34.9	194.7
35.3	217.8
35.3	280.0
35.9	158.5
36.7	145.0
35.4	154.4
35.8	105.3
35.7	105.9
35.2	109.0
35.1	144.2
36.5	140.6
36.0	135.9
35.3	114.8
35.5	90.9
34.6	104.3
35.2	165.0
35.1	201.0
34.8	219.5
35.6	253.6
34.3	268.0
34.2	290.6
34.4	316.3
34.8	382.5
34.4	397.8
34.1	359.0
34.1	397.9
33.7	410.2
34.3	406.5
34.1	462.6
34.2	421.0
33.8	339.6
34.0	309.6
33.7	304.4
33.9	253.0
33.8	202.8
33.8	162.8
33.7	122.9
33.3	108.3
33.2	134.6
33.1	184.5
33.0	219.3
32.9	174.7
32.8	231.2
32.6	226.8
32.7	283.7
32.7	335.2
32.2	349.8
32.3	341.9
32.2	328.4
31.9	315.2
32.1	366.4
31.8	302.3
31.8	286.1
31.9	190.8
31.6	159.3
31.6	207.1
31.8	161.4
31.6	132.5
31.5	138.7
31.4	47.9
31.3	75.3
31.4	99.9
31.3	159.1
31.2	177.2
31.2	228.7
31.1	210.8
31.1	319.3
31.0	260.0
30.9	342.4
30.9	352.5
30.7	326.0
30.7	316.8
30.6	360.3
30.5	270.5
30.4	273.2
30.4	285.2
30.4	284.8
30.4	229.6
30.4	264.7
30.3	196.2
30.3	143.3
30.3	133.8
30.2	92.3
30.3	56.2
30.3	63.0
30.3	93.9
30.3	69.4
30.2	54.3
30.2	85.3
30.2	184.3
30.2	236.1
30.2	263.4
30.2	242.2
30.2	167.6
30.2	201.1
30.1	181.2
30.1	175.3
30.1	208.5
30.1	296.7
30.1	285.1
30.0	247.7
30.0	262.7
30.0	300.6
30.1	309.5
30.1	217.6
30.0	166.4
30.1	121.7
30.1	68.9
30.1	101.2
30.1	135.9
30.1	185.3
30.1	208.8
30.1	259.8
30.0	263.9
30.0	310.2
30.0	299.6
30.0	342.4
30.0	340.9
30.0	337.5
30.0	357.3
29.9	331.5
29.9	341.9
29.9	305.1
29.9	330.4
29.9	290.6
30.0	274.0
29.9	233.9
30.0	169.1
29.9	181.5
29.9	127.5
29.9	99.3
30.0	75.7
30.0	121.1
30.0	130.7
30.0	145.3
30.0	20.0
30.0	166.4
30.0	78.6
30.1	72.8
30.1	55.2
36.3	40.8
36.1	40.0
36.3	114.5
36.1	95.0
36.5	133.4
36.6	71.9
36.2	78.4
36.6	83.4
36.6	246.4
35.7	237.4
36.3	249.5
36.1	191.2
35.6	246.0
35.9	195.5
35.5	105.2
35.5	111.5
36.1	116.7
35.1	60.1
36.2	66.5
34.8	120.8
34.7	163.8
35.6	184.2
35.2	208.2
35.7	223.1
35.1	267.0
35.1	330.1
35.0	298.4
34.4	317.7
34.3	346.8
35.1	343.5
34.7	323.6
34.9	372.8
34.1	312.7
34.4	275.2
34.3	285.8
34.4	272.4
34.0	220.2
34.3	206.2
34.1	165.3
34.3	105.4
33.2	64.3
33.4	109.4
33.4	150.3
33.3	160.4
33.1	219.7
33.0	200.0
33.0	273.3
32.8	238.0
32.7	287.5
32.6	305.9
32.6	343.6
32.4	347.8
32.1	356.8
32.0	300.3
32.3	297.2
32.2	341.4
31.9	290.5
31.7	347.8
31.9	257.9
31.5	228.3
31.6	187.0
31.5	117.7
31.5	139.8
30.7	0.3
30.6	54.6
30.6	45.3
30.7	114.3
30.6	125.5
30.6	230.7
30.5	117.5
30.5	115.9
30.5	212.3
30.4	325.2
30.4	139.3
30.3	177.2
30.4	279.4
30.3	292.8
30.3	305.8
30.3	342.8
30.2	363.8
30.2	410.2
30.1	300.3
30.1	284.9
30.1	165.9
30.1	169.6
30.1	79.1
30.1	94.9
30.1	119.1
30.0	157.5
30.1	197.5
30.1	219.3
30.0	277.2
30.0	315.9
30.0	302.4
30.0	361.3
30.0	334.5
30.0	411.3
30.0	411.2
29.9	423.4
29.9	321.5
29.9	431.1
29.9	403.0
29.9	409.8
29.9	378.9
29.9	285.5
29.9	272.3
29.8	227.1
29.9	185.4
29.9	139.3
29.9	110.2
29.9	65.5
29.9	86.2
29.9	76.0
30.0	118.4
29.9	122.2
30.0	123.5
29.9	114.2
29.9	105.6
29.9	111.7
29.9	122.0
29.9	158.3
29.9	141.0
29.9	170.8
29.9	194.3
29.9	277.3
29.8	207.2
29.9	182.0
29.9	204.7
29.9	147.6
29.9	203.2
29.9	160.5
29.9	140.5
29.9	106.9
29.9	62.8
29.9	61.4
29.9	124.5
30.0	121.9
29.9	119.0
29.9	139.9
29.9	200.4
29.9	201.8
29.9	272.5
29.9	227.1
29.9	289.4
29.8	297.4
29.8	245.8
29.8	351.3
29.8	354.9
29.8	309.1
29.8	157.6
29.8	124.2
29.8	143.8
29.8	143.1
29.8	192.7
29.8	129.0
29.8	69.7
29.9	88.6
29.8	112.2
29.9	97.9
29.9	105.6
29.9	160.9
29.9	212.5
29.9	214.1
29.9	247.3
29.8	187.5
29.8	180.9
29.9	213.1
29.9	202.0
29.8	239.4
29.8	141.2
29.8	168.1
29.8	207.4
29.8	156.4
29.8	127.7
29.8	125.7
29.8	151.3
29.8	168.9
29.8	131.0
29.8	99.2
29.8	81.4
29.8	49.0
29.9	94.1
29.9	71.3
29.9	124.2
29.9	141.4
29.8	197.9
29.8	172.3
29.8	189.4
29.8	212.8
29.8	195.5
29.8	252.2
29.8	262.2
29.8	259.0
29.8	185.9
29.8	273.3
29.7	196.9
29.8	229.6
29.8	204.9
29.8	184.3
29.8	142.8
29.8	129.7
29.8	103.9
29.8	75.0
29.8	43.8
29.9	65.2
29.9	80.7
29.9	103.8
29.8	133.0
29.8	167.8
29.8	181.1
29.8	200.2
29.8	205.5
29.8	212.2
29.8	215.9
29.8	244.4
29.8	204.5
29.8	230.2
29.8	225.6
29.8	214.3
29.7	208.4
29.7	159.6
29.8	105.2
29.8	103.8
29.8	76.2
29.8	57.7
29.8	50.8
29.8	66.1
29.9	77.4
29.8	103.3
29.8	140.4
29.8	158.4
29.8	175.0
29.8	160.5
29.8	243.3
29.8	260.3
29.8	225.6
29.8	201.0
29.7	222.4
29.7	223.6
29.7	217.9
29.8	230.9
29.7	190.4
29.7	127.8
29.7	138.7
29.7	176.5
29.7	180.1
29.8	118.8
29.8	86.7
29.7	62.5
29.8	35.1
29.8	46.8
29.8	38.4
29.8	60.3
29.8	94.7
29.8	106.1
29.8	98.4
29.8	120.1
29.8	130.2
29.8	130.0
29.7	177.1
29.8	171.1
29.8	114.7
29.7	110.3
29.7	75.5
29.7	58.4
29.7	54.8
29.8	57.5
29.8	38.3
29.8	57.9
29.8	72.4
29.8	114.3
29.8	183.0
29.7	153.5
29.7	244.6
29.8	188.3
29.7	274.3
29.7	221.8
29.7	306.6
29.7	241.4
29.7	253.8
29.7	301.8
29.7	261.8
29.7	230.1
29.7	217.2
29.7	309.7
29.7	257.7
29.7	156.8
29.7	195.2
29.7	91.4
38.2	126.3
36.5	225.4
36.4	309.5
36.8	349.9
36.6	364.7
36.2	375.3
37.0	420.5
36.6	385.4
36.0	433.7
36.4	384.5
37.0	318.2
36.9	317.5
35.8	291.7
36.2	194.8
37.0	133.4
36.9	111.7
36.6	109.5
35.8	51.2
35.8	97.6
36.0	102.1
35.7	145.5
35.2	147.0
36.1	153.6
35.3	124.1
35.2	77.2
35.9	90.9
35.9	92.5
36.5	115.7
35.6	61.1
35.1	88.3
35.0	173.7
36.1	94.3
35.8	45.1
35.3	155.4
35.3	108.5
35.8	63.5
37.5	33.1
36.9	64.1
37.3	64.5
37.7	134.1
36.9	185.2
37.1	264.8
36.1	249.8
36.3	284.8
37.2	382.9
36.1	330.4
37.3	509.9
37.1	492.9
36.3	502.7
37.7	455.4
36.8	436.7
36.5	385.5
36.7	302.0
36.3	342.8
37.3	314.4
37.4	240.3
36.5	214.4
35.7	176.6
35.2	141.3
36.1	54.5
36.9	75.2
35.9	99.7
36.3	136.7
35.8	187.4
35.3	212.7
36.2	214.2
35.5	228.1
35.5	261.3
34.9	315.5
35.5	376.5
35.8	320.5
34.9	373.2
35.6	358.5
34.7	286.5
35.4	342.7
35.7	272.8
35.9	253.3
35.2	211.7
34.9	207.1
35.0	161.1
34.9	196.3
35.6	123.2
35.1	129.6
34.2	133.6
34.6	165.3
34.3	218.9
34.6	269.7
34.4	303.8
34.8	328.4
34.5	346.5
34.3	361.9
33.8	317.5
34.8	338.7
33.9	335.1
33.5	360.2
33.4	224.2
33.6	254.7
33.5	269.9
33.4	191.3
33.5	131.5
33.9	111.2
33.1	86.6
33.5	91.0
33.0	114.9
33.1	158.6
32.9	178.2
33.3	251.1
33.3	280.5
33.0	349.0
32.8	371.8
32.7	302.1
32.7	365.1
32.5	410.0
32.7	426.0
32.4	527.8
32.6	507.1
32.4	418.8
32.1	475.6
32.3	423.2
32.1	297.0
32.2	231.1
32.1	218.9
32.3	214.7
32.1	150.2
31.7	55.3
31.7	53.5
31.7	94.8
31.5	143.5
31.6	239.3
31.7	319.4
31.5	333.8
31.4	462.9
31.4	419.5
31.4	253.1
31.4	346.8
31.1	464.7
31.2	289.8
31.1	425.0
31.0	372.8
31.1	247.9
30.9	211.3
31.0	135.2
30.9	197.1
30.9	189.0
30.9	155.7
30.9	108.3
30.6	70.3
30.6	104.3
30.6	145.4
30.7	172.0
30.7	230.9
30.6	311.6
30.5	145.4
30.5	111.1
30.5	154.5
30.5	227.0
30.5	294.3
30.4	220.4
30.4	179.2
30.4	216.8
30.4	289.4
30.3	274.5
30.3	137.7
30.4	88.6
30.3	82.0
30.3	104.7
30.3	164.4
30.3	221.1
30.3	307.3
30.3	376.6
30.3	358.0
30.2	443.9
30.2	434.6
30.2	452.3
30.2	471.4
30.1	457.7
30.1	370.0
30.1	436.9
30.1	343.2
30.1	368.5
30.0	321.9
30.1	257.9
30.1	194.9
30.1	148.0
30.1	102.2
30.1	137.7
30.1	155.3
30.1	158.3
30.1	198.3
30.1	210.8
30.1	300.6
30.1	244.1
30.0	243.2
30.0	187.5
30.0	148.8
30.0	187.1
30.0	264.1
30.0	176.1
30.0	130.8
30.1	78.5
30.1	143.5
30.1	139.5
30.1	165.3
30.1	190.8
30.0	194.9
30.1	252.6
30.0	253.6
30.0	306.9
30.0	251.2
30.0	351.2
30.0	415.9
30.0	323.1
29.9	411.9
29.9	346.2
29.9	364.2
29.9	307.3
29.9	281.2
29.9	212.3
29.9	153.0
29.9	172.6
30.0	138.0
29.9	103.2
30.1	87.3
30.0	176.2
30.1	303.2
30.1	333.4
30.1	355.2
30.1	315.3
30.1	368.3
30.1	383.0
30.2	307.6
30.2	173.9
30.2	255.8
30.2	235.9
30.3	123.1
30.2	93.6
30.3	111.0
30.3	75.5
36.2	70.2
34.7	95.0
35.8	149.1
36.1	189.9
35.7	157.9
35.6	128.4
35.5	91.5
35.8	155.2
36.1	142.8
35.5	279.8
36.2	219.9
35.4	220.7
35.2	254.5
36.2	371.7
35.3	224.4
35.3	333.8
36.2	261.7
36.2	270.5
35.8	195.5
35.5	250.9
35.0	163.3
36.0	135.8
34.9	61.6
34.6	86.5
34.3	133.8
35.1	162.8
35.7	235.9
34.4	258.4
34.7	303.5
34.4	367.2
35.6	367.6
34.8	412.2
34.5	336.6
34.6	324.5
34.2	337.5
34.1	428.3
34.0	262.5
34.1	282.7
34.2	219.9
33.9	198.7
34.3	153.6
34.1	143.8
33.6	110.7
33.9	56.9
33.3	163.6
33.1	284.0
33.2	283.4
33.0	366.6
33.2	422.6
33.2	427.5
32.9	491.4
32.7	414.5
32.5	280.2
32.6	169.6
32.7	98.2
32.4	219.5
32.2	201.4
32.2	274.7
32.4	210.3
32.3	215.4
32.1	134.4
31.9	92.8
31.8	131.6
31.7	164.5
31.7	195.7
31.7	179.5
31.5	240.7
31.5	217.7
31.5	324.5
31.5	267.6
31.5	234.6
31.5	213.8
31.3	398.1
31.3	456.8
31.3	201.2
31.3	303.7
31.2	245.3
31.2	238.8
31.1	205.1
31.0	191.2
31.1	286.2
37.7	36.0
36.7	91.2
37.1	135.6
35.7	135.6
36.7	214.9
36.3	272.1
35.6	304.6
36.8	402.0
36.9	364.0
36.7	431.2
36.1	375.4
37.6	404.1
36.9	414.0
36.4	371.2
36.0	409.1
36.9	367.3
37.0	318.6
37.3	305.6
36.9	293.0
36.0	245.6
37.0	157.7
36.1	108.3
37.0	100.2
36.7	143.2
36.9	215.2
36.0	267.0
37.0	380.3
34.9	339.5
36.2	313.1
35.5	312.3
36.5	471.7
35.7	441.6
35.6	387.0
36.3	347.6
36.8	248.5
36.7	398.9
35.6	290.0
35.9	284.7
35.7	241.3
35.1	206.0
36.1	93.8
37.3	137.1
36.3	171.5
36.7	202.1
37.8	253.4
36.5	278.9
37.2	345.8
36.3	366.0
35.6	415.0
36.2	444.2
37.1	446.3
37.7	497.2
37.5	462.5
37.3	588.5
36.0	376.3
36.3	235.9
37.7	273.5
36.7	165.3
35.9	135.3
35.8	73.2
36.9	97.8
35.7	110.7
36.5	144.9
37.1	162.1
36.9	180.6
37.2	190.7
37.3	204.8
36.9	235.7
36.8	298.0
36.0	348.0
37.2	281.6
36.0	561.0
35.9	430.7
35.3	316.8
35.8	394.3
36.8	458.8
36.4	408.4
36.4	282.9
35.5	194.0
35.5	214.9
36.6	199.4
35.6	125.3
36.6	76.3
36.2	105.5
35.0	190.1
35.4	202.3
35.4	285.6
34.9	280.8
35.2	331.2
36.0	353.4
35.1	212.0
36.2	333.3
36.1	295.3
34.9	477.4
35.6	585.2
35.2	483.2
35.4	239.6
35.3	382.5
35.9	396.2
34.4	265.3
35.2	301.8
34.5	215.0
34.4	123.0
34.9	104.0
34.4	94.5
34.4	33.6
34.3	170.8
34.7	231.0
34.6	212.4
33.7	310.6
34.2	337.9
34.2	432.0
33.5	342.3
33.0	400.9
33.4	500.6
33.7	441.2
33.2	474.0
33.4	475.4
33.6	437.1
33.2	300.8
33.5	303.7
33.3	305.5
33.1	201.2
33.0	90.3
33.0	38.3
32.3	90.3
32.2	121.8
32.2	192.6
32.4	209.1
32.6	261.3
32.6	195.9
32.2	182.6
32.2	119.9
32.1	128.2
32.2	123.5
37.0	49.3
37.3	48.4
36.3	76.4
37.3	85.7
37.0	104.6
36.2	192.9
37.1	243.4
36.8	241.4
36.7	241.7
37.7	55.4
36.6	99.9
37.4	110.1
36.5	125.0
37.7	92.7
36.3	145.2
37.6	89.5
37.0	103.0
37.1	193.1
35.8	278.9
37.2	311.5
36.7	246.0
36.5	338.7
36.5	279.3
36.4	268.1
36.1	291.2
36.1	246.4
36.3	220.4
36.0	257.0
37.0	177.3
37.1	119.9
36.4	100.2
35.7	13.7
35.8	49.6
36.1	86.9
37.6	87.9
35.0	107.4
36.2	129.1
36.3	236.8
36.4	228.6
36.6	263.8
35.6	154.2
36.4	349.9
36.0	193.8
36.3	377.8
36.0	223.5
36.0	183.5
35.9	347.1
36.5	349.5
35.3	192.9
36.0	168.0
36.4	233.8
36.7	165.6
36.1	159.2
37.0	137.1
35.9	21.1
35.1	82.7
35.4	149.0
35.5	179.2
36.3	157.9
36.0	257.4
36.2	224.3
35.7	249.0
35.6	262.1
35.3	285.1
35.5	386.0
35.3	362.0
35.1	380.5
34.8	251.1
35.9	418.1
34.8	330.2
34.4	270.6
35.1	276.9
34.6	232.7
35.1	127.6
34.1	220.9
34.6	171.9
34.0	167.6
34.0	207.2
34.2	279.0
33.8	325.1
34.3	338.3
34.2	360.4
34.2	425.3
33.6	291.5
34.0	322.3
34.2	363.7
33.6	419.0
33.7	465.4
34.1	420.3
33.2	532.9
34.4	402.3
33.4	255.6
34.0	194.5
33.6	255.3
33.5	291.4
33.5	138.6
32.6	144.8
32.8	193.6
32.8	269.0
32.5	317.3
32.6	350.5
32.3	437.2
32.5	388.1
32.6	432.0
32.0	438.2
32.5	417.8
32.1	553.7
32.1	445.5
31.9	435.0
32.0	483.4
32.0	388.3
32.0	326.7
31.8	255.9
31.6	10.0
31.4	269.3
31.4	322.2
31.4	386.8
31.2	446.0
31.3	493.0
31.4	553.0
31.3	557.7
31.2	422.7
31.1	609.5
31.1	655.4
31.1	589.6
31.1	535.2
31.0	564.9
30.9	491.6
30.8	403.6
30.8	349.0
30.8	271.5
30.8	214.2
30.6	68.8
30.6	74.8
30.6	87.0
30.5	50.6
30.4	100.3
30.6	165.6
30.5	238.0
30.5	231.2
30.5	386.6
30.5	270.2
30.5	258.7
30.4	297.4
30.4	369.0
30.4	326.1
30.4	309.2
30.4	214.6
30.4	214.7
30.4	140.1
30.4	93.4
30.4	72.0
30.4	64.9
30.4	84.6
30.4	114.4
30.4	145.4
30.3	128.9
30.4	174.4
30.4	167.5
30.3	171.7
30.3	252.2
30.4	279.8
30.3	230.9
30.2	415.0
30.2	251.4
30.2	245.9
30.2	391.4
30.2	343.0
30.2	296.4
30.2	321.7
30.2	211.1
30.2	234.5
30.2	154.2
30.2	122.4
30.2	106.5
30.2	66.1
30.2	143.8
30.2	218.4
30.2	216.8
30.2	248.4
30.2	236.7
30.1	274.7
30.1	375.2
30.1	265.1
30.0	266.3
30.1	236.5
30.1	163.2
30.1	337.4
30.1	177.0
30.1	254.1
30.1	158.4
30.1	141.2
30.0	155.2
30.0	160.8
30.1	90.0
30.1	119.9
30.1	126.6
30.1	174.2
30.1	206.6
30.1	231.8
30.1	273.6
30.0	253.5
30.1	358.2
30.0	399.0
30.0	288.4
30.0	313.4
30.0	264.4
30.0	285.5
30.0	214.9
30.0	238.0
30.0	189.0
30.0	215.9
30.0	114.1
30.0	142.2
30.0	145.9
30.0	122.2
30.1	23.7
30.0	71.3
30.0	132.4
30.0	199.0
30.0	247.8
30.0	300.8
30.0	314.4
30.0	488.1
30.0	363.7
30.0	356.7
30.0	350.6
30.0	544.2
29.9	502.9
29.9	354.4
29.9	333.2
30.0	292.1
29.9	266.9
29.9	322.6
29.9	279.5
29.9	269.8
30.0	185.6
30.0	267.7
29.9	269.7
29.9	370.4
29.9	520.0
29.9	344.9
29.9	355.3
29.9	405.5
29.9	375.2
29.9	379.1
29.9	273.5
29.9	344.6
29.9	359.6
29.9	166.0
29.9	209.2
29.9	205.2
29.9	169.6
29.9	225.2
29.9	247.7
29.9	327.4
29.9	399.3
29.9	380.3
29.9	392.3
29.9	386.8
29.8	428.6
29.9	434.1
29.8	453.0
29.8	515.2
29.8	436.0
29.8	285.3
29.8	247.0
29.9	77.6
29.9	74.1
29.9	315.3
29.9	121.8
29.9	119.4
29.9	83.5
29.9	133.8
29.9	125.3
29.9	169.2
29.9	174.9
30.0	71.7
30.0	93.3
30.0	96.9
30.0	141.3
30.0	240.3
30.0	246.0
30.0	201.7
30.0	240.0
30.0	244.3
30.0	179.5
30.0	217.9
30.0	295.5
30.0	173.7
30.0	207.8
30.0	226.3
30.0	294.7
30.0	247.0
30.0	186.8
30.0	127.9
30.0	129.9
30.0	74.3
30.1	157.2
30.1	147.4
30.1	246.0
30.1	254.1
30.1	292.0
30.1	197.3
30.0	293.7
30.0	377.0
30.1	379.4
30.0	328.5
30.0	476.9
30.0	444.4
30.0	478.2
30.0	336.5
30.0	273.1
30.0	343.4
30.0	265.8
30.0	165.7
30.0	137.5
30.0	114.6
30.0	74.1
30.0	44.3
30.0	62.3
30.1	112.6
30.0	120.5
30.0	88.5
30.1	114.1
30.0	143.1
30.0	116.9
30.0	111.5
30.0	129.5
30.0	113.7
30.0	112.8
30.0	93.6
30.0	103.8
30.0	76.4
30.0	81.0
30.0	100.2
30.0	159.8
30.0	230.2
30.0	270.9
30.0	340.5
30.0	362.8
30.0	409.9
29.9	311.4
29.9	443.6
30.0	333.3
30.0	253.3
29.9	375.0
29.9	277.3
29.9	246.9
29.9	223.4
29.9	160.4
29.9	127.5
30.0	79.6
29.9	188.2
29.9	257.7
29.9	316.6
29.9	369.8
29.9	355.0
29.9	464.9
29.9	400.6
29.9	349.7
29.8	384.0
29.8	331.9
29.8	306.4
29.9	311.3
29.8	306.2
29.9	279.1
29.9	191.2
29.9	103.4
29.9	175.2
29.9	185.7
29.9	208.7
29.9	329.6
29.9	310.9
29.8	344.0
29.8	427.9
29.8	446.3
29.8	380.3
29.8	293.8
29.8	267.0
29.8	331.7
29.8	145.8
29.8	270.1
29.8	237.5
29.8	204.3
29.8	227.2
29.9	115.3
29.9	130.4
29.9	210.7
29.8	257.7
29.9	190.5
29.8	299.9
29.8	373.0
29.9	346.5
29.8	493.5
29.8	384.2
29.8	417.8
29.8	352.1
29.8	376.6
29.8	369.2
29.9	242.7
29.8	179.6
34.0	4.6
35.4	147.1
35.6	185.3
35.7	128.2
35.8	171.2
36.1	286.2
36.2	249.3
35.3	252.5
35.3	253.8
36.1	256.9
35.1	180.2
36.7	187.0
37.4	147.7
35.4	209.9
36.0	113.6
35.6	121.7
35.8	133.0
35.5	144.5
35.8	180.1
36.1	213.1
35.0	266.2
35.9	262.2
35.5	289.1
35.9	316.7
34.4	245.4
34.8	299.8
35.4	221.8
36.2	184.5
35.7	183.3
35.5	137.8
36.0	191.8
35.1	223.1
35.3	127.4
34.5	119.7
35.1	37.9
34.7	217.8
34.7	200.8
34.8	307.5
34.0	309.0
34.2	343.4
34.7	394.4
34.3	422.1
34.5	340.1
35.1	413.9
34.9	350.7
34.6	345.7
34.4	309.6
34.5	312.9
34.4	335.1
34.4	315.8
34.6	220.6
34.4	219.4
34.9	174.7
33.6	117.0
33.8	158.3
33.6	184.6
34.3	245.0
33.9	279.4
34.0	310.6
33.6	318.6
33.4	346.9
33.8	376.3
33.4	410.0
33.6	380.4
33.7	388.8
33.4	372.1
33.5	392.9
33.0	332.9
33.2	299.8
33.3	228.6
33.9	241.3
33.3	211.4
32.8	174.8
32.8	55.7
32.7	202.1
32.5	138.8
33.2	220.6
32.8	186.1
33.6	257.1
34.0	247.6
33.7	247.0
34.1	253.4
34.5	240.4
34.3	178.7
34.5	163.0
34.5	145.6
35.3	78.6
35.0	46.0
36.0	36.3
35.7	132.7
35.6	122.1
36.2	179.5
36.5	217.3
36.7	275.3
35.3	285.5
35.6	255.6
36.2	328.8
36.5	278.3
35.6	246.0
36.4	244.5
36.1	140.1
35.5	113.3
35.0	58.9
35.1	64.4
34.7	102.2
35.5	149.0
36.1	183.1
35.4	167.3
35.2	194.7
35.4	257.2
35.3	347.9
35.1	294.5
34.5	216.9
35.6	350.5
34.6	245.0
35.7	156.6
34.5	230.5
34.7	209.7
35.4	165.1
35.0	167.5
35.3	117.9
35.0	90.0
37.1	74.5
37.0	107.4
37.6	115.8
37.1	126.6
36.0	148.6
37.1	213.9
36.5	200.8
37.0	279.6
38.1	309.8
36.6	394.5
36.1	271.4
36.8	240.8
36.8	259.5
37.0	191.2
36.6	142.4
37.6	69.1
37.0	84.6
36.5	132.8
36.4	170.3
37.4	128.2
36.0	159.1
36.2	228.5
37.5	238.3
37.0	253.8
36.6	350.3
35.9	318.1
36.4	276.6
36.7	214.8
36.1	210.4
36.9	160.1
36.4	193.4
37.0	63.4
36.0	72.7
36.1	44.5
36.8	84.4
36.8	105.6
35.0	152.3
35.9	148.4
35.1	192.0
36.0	213.5
36.4	230.5
36.0	195.7
36.0	110.4
35.7	136.3
35.4	76.4
35.7	228.0
36.0	297.5
35.7	219.1
36.7	66.5
36.2	102.7
37.7	152.7
38.3	127.8
37.7	139.9
36.9	186.4
36.6	211.1
36.1	242.3
37.1	255.9
37.0	240.2
36.6	296.6
36.5	264.3
36.8	315.9
36.9	276.1
37.5	189.5
38.0	160.3
36.3	159.0
36.4	103.2
37.8	64.6
37.3	50.2
37.8	90.1
36.9	101.0
36.5	114.2
37.0	142.8
36.5	170.1
37.2	150.7
37.3	187.7
36.1	169.9
36.4	186.3
37.4	175.1
35.8	238.0
36.6	197.3
36.4	207.7
36.8	229.9
35.9	252.0
36.8	148.8
36.5	206.5
36.1	165.2
36.5	126.5
35.8	34.1
35.6	54.5
36.8	96.3
36.0	90.0
36.0	108.7
36.2	150.4
36.6	193.4
36.3	100.4
36.6	190.8
36.6	141.0
35.4	52.9
35.5	207.0
35.3	177.9
35.6	145.6
35.8	154.2
35.9	209.9
35.3	124.7
36.7	127.2
35.8	125.8
35.5	67.6
35.6	93.1
34.5	23.6
35.9	83.9
36.0	108.4
34.9	156.4
35.4	165.8
35.5	143.9
35.3	155.2
35.2	241.7
36.2	240.6
35.4	228.7
34.9	254.6
35.3	273.6
35.6	221.9
35.3	259.2
35.3	234.9
35.5	248.0
35.3	204.4
35.6	187.1
35.1	163.1
35.9	128.5
34.6	88.0
35.6	95.5
34.3	118.8
34.1	150.9
34.4	165.8
34.0	213.7
34.7	205.1
34.7	221.8
34.0	228.7
35.0	230.5
34.3	212.3
34.1	309.0
34.7	212.7
34.2	233.8
34.2	226.7
34.2	219.9
34.1	190.1
33.9	171.5
34.5	138.2
34.1	90.5
33.5	31.1
33.2	75.7
33.7	114.6
33.4	130.5
33.3	159.4
33.6	238.2
33.1	225.4
33.7	185.9
33.4	316.6
33.4	293.0
33.3	393.4
33.2	308.1
33.2	258.6
32.8	257.4
32.9	259.3
33.2	272.4
32.8	258.3
32.9	204.3
32.5	156.1
32.8	144.8
32.5	125.7
32.6	68.2
32.6	103.3
32.3	141.0
32.4	158.7
32.3	167.3
32.3	166.2
32.1	236.9
32.2	276.3
32.1	255.7
32.1	234.9
32.1	306.4
32.1	304.7
32.3	261.6
32.0	229.4
32.0	223.8
31.9	213.5
32.0	209.2
31.8	167.5
32.2	171.0
31.7	83.0
31.4	126.9
31.7	119.6
31.5	160.3
31.6	224.6
31.5	227.0
31.3	240.6
31.4	286.7
31.5	279.3
31.4	340.9
31.3	331.6
31.3	301.3
31.3	271.1
31.2	303.4
31.2	263.1
31.4	265.6
31.3	245.9
31.3	168.3
31.3	185.9
31.0	53.8
30.9	101.4
30.9	123.1
30.9	150.7
31.0	104.4
30.8	179.1
30.9	161.2
31.8	241.2
32.0	302.4
32.5	221.9
33.3	344.1
33.4	235.5
33.6	281.5
33.5	183.8
36.8	24.7
36.7	78.8
36.3	147.3
36.7	117.8
36.2	138.3
36.3	223.6
35.9	218.0
37.2	190.3
36.6	116.0
35.7	105.4
36.0	189.5
35.2	123.2
36.4	121.1
35.7	124.9
35.7	74.3
37.0	77.0
35.3	23.7
36.2	70.3
35.4	83.1
36.4	94.7
35.6	74.3
35.8	99.2
36.3	62.1
35.7	84.6
35.5	146.3
37.4	126.3
36.3	139.6
35.5	149.4
37.0	137.3
36.4	87.1
37.3	-5.9
36.9	101.6
36.7	260.8
36.6	265.9
36.2	234.9
36.1	195.5
36.6	219.1
36.6	180.0
36.4	128.5
36.0	114.6
35.9	162.4
36.9	132.1
36.3	36.5
35.7	112.8
36.6	137.7
36.8	187.7
38.1	219.4
37.5	155.7
35.7	214.0
37.3	231.5
36.2	228.1
36.0	192.1
36.4	231.2
37.0	244.9
36.6	194.1
35.5	226.3
36.1	247.0
36.3	200.1
36.4	166.2
36.1	111.1
36.1	103.6
36.5	84.3
35.5	147.2
35.9	156.6
35.6	186.3
35.6	192.9
35.4	202.4
35.4	219.2
36.4	261.0
36.1	255.0
35.2	267.9
36.4	280.8
35.3	304.3
35.4	257.9
35.2	233.3
36.0	249.2
35.4	225.0
35.7	152.6
35.7	144.6
35.4	39.6
34.9	68.8
35.1	122.1
35.9	107.9
36.4	117.9
35.4	157.7
34.6	150.4
34.3	164.4
35.0	131.8
34.6	134.1
35.0	204.5
36.0	155.4
35.2	182.0
36.5	141.1
34.4	98.6
35.4	191.8
35.7	150.3
35.0	137.4
35.4	113.7
35.9	66.2
35.2	66.0
34.7	83.2
34.9	115.7
34.9	88.8
33.8	151.2
35.2	109.1
34.4	136.5
34.6	145.0
34.1	124.9
34.2	142.4
33.7	148.5
34.0	144.8
34.8	136.8
34.0	126.1
35.0	101.9
34.4	96.1
33.9	93.0
34.1	57.5
33.7	92.1
33.4	102.6
33.7	101.6
33.3	122.0
33.7	133.1
33.3	138.6
33.6	132.0
33.7	169.2
33.5	155.5
33.4	156.6
33.0	151.7
33.2	136.9
33.0	134.9
33.0	117.4
33.4	93.0
33.1	80.3
33.8	68.1
33.3	57.1
32.8	49.7
32.9	37.1
32.8	68.1
32.5	65.4
32.6	125.6
32.6	106.5
32.4	141.9
32.9	92.9
32.6	96.5
32.4	141.9
32.1	197.5
32.6	169.1
32.2	140.6
32.4	106.8
32.3	110.2
31.9	77.5
32.3	77.3
32.1	75.3
32.3	126.0
32.0	112.9
31.9	125.6
32.1	136.1
31.7	134.0
32.0	111.2
31.8	169.7
31.8	182.3
31.8	174.4
31.7	178.3
31.6	125.1
31.8	168.1
31.5	164.2
31.8	122.8
31.5	116.6
31.5	111.7
31.7	96.3
31.4	55.9
31.3	104.8
31.2	140.9
31.2	67.8
31.3	123.7
31.2	104.4
31.2	110.1
31.1	89.6
31.1	143.1
31.0	95.4
31.1	139.1
30.9	133.3
30.9	97.4
31.0	71.3
30.9	102.7
30.9	100.3
30.9	77.4
30.7	48.2
30.7	124.3
30.7	132.0
30.7	127.5
30.6	132.5
30.6	132.8
30.5	124.9
30.5	150.4
30.7	156.0
30.5	177.2
30.7	177.5
30.5	155.6
30.5	137.3
30.5	140.1
30.5	137.3
30.5	96.9
30.5	110.2
30.4	42.0
30.4	53.4
30.4	86.3
30.4	73.0
30.4	83.6
30.4	94.8
30.3	100.6
30.3	66.2
30.3	125.9
30.3	134.6
30.3	107.4
30.3	121.3
30.3	106.7
30.3	113.5
30.3	110.8
30.2	115.5
30.3	83.8
30.4	90.1
30.3	76.6
30.5	0.5
30.5	141.9
30.5	58.6
36.8	46.2
37.8	83.7
36.9	94.2
36.9	89.7
37.0	67.4
36.5	55.6
36.2	76.4
36.4	55.7
36.8	83.6
36.0	75.0
37.7	79.2
36.2	70.6
36.8	67.2
36.5	34.2
37.2	47.0
36.6	38.2
36.8	42.3
35.9	54.2
37.1	80.8
37.4	77.5
37.0	73.2
35.6	76.3
36.7	47.4
36.9	59.1
36.1	51.5
37.0	44.7
37.5	42.7
36.9	39.8
36.4	36.5
37.1	39.1
35.3	48.5
36.7	47.1
37.1	53.0
37.0	50.3
37.3	69.7
36.5	92.3
36.9	94.3
37.6	87.8
36.9	109.5
36.8	103.2
35.6	88.1
36.1	73.7
36.5	73.0
35.5	64.0
36.4	44.4
36.5	52.0
37.1	47.6
36.3	50.3
35.8	62.6
36.1	64.0
36.9	59.7
35.9	50.1
36.1	62.7
36.0	100.5
35.3	100.3
36.3	84.9
36.9	85.6
35.3	75.0
36.3	89.6
35.9	124.5
36.3	50.9
37.2	59.3
35.8	69.7
36.1	64.6
35.7	81.7
35.1	31.6
36.5	90.2
35.2	80.1
35.5	54.7
36.2	60.2
36.5	50.5
35.6	38.0
36.3	57.2
35.3	55.3
36.0	58.2
35.9	47.3
34.9	36.6
35.4	42.7
36.1	66.9
34.5	55.2
37.3	74.8
37.8	51.4
37.2	58.1
37.0	49.6
37.3	51.8
36.7	45.5
37.1	57.2
36.9	72.9
36.4	98.6
36.8	106.3
36.4	99.2
36.9	98.4
37.9	100.4
36.9	96.2
36.6	47.8
36.4	96.9
36.9	46.6
36.9	81.2
37.1	54.4
36.6	39.6
37.1	31.1
36.8	35.2
37.8	44.5
36.8	31.8
37.5	34.1
37.1	41.7
37.3	55.5
36.8	38.4
37.4	32.3
37.5	31.9
36.1	22.7
37.0	26.0
36.8	39.2
36.4	37.7
36.4	49.0
37.1	40.8
36.3	41.9
36.7	59.4
36.8	60.0
37.2	61.6
37.3	52.1
37.5	32.3
37.1	45.1
36.8	36.7
38.1	32.7
37.0	28.0
36.4	33.3
36.8	30.5
37.0	42.6
36.6	48.5
36.2	41.8
36.5	64.0
36.8	61.7
36.5	51.6
36.1	65.0
36.9	43.3
37.5	37.4
37.0	34.2
38.7	36.2
37.2	36.3
38.2	38.9
36.9	93.8
37.2	49.7
37.2	88.2
37.4	81.4
37.5	65.8
36.8	85.1
37.0	114.8
36.7	85.1
36.9	75.4
36.2	87.3
36.9	74.0
37.8	67.8
37.3	68.5
36.8	59.0
36.8	43.8
37.7	84.3
36.5	105.0
36.4	97.0
36.6	78.7
36.9	97.8
36.3	103.0
37.7	107.2
37.1	118.8
36.9	91.8
36.2	75.0
36.8	75.9
37.0	73.1
37.6	55.9
37.4	39.3
37.6	29.8
36.6	72.0
36.5	63.7
37.1	81.6
36.8	85.1
37.2	92.8
36.1	62.9
36.4	71.4
36.8	72.1
36.5	75.4
36.1	52.0
36.0	40.1
35.8	32.9
37.8	54.8
36.9	61.0
37.0	51.9
36.1	42.1
36.9	41.6
36.3	46.8
36.0	45.6
36.0	56.6
36.6	60.7
37.3	37.1
36.7	58.4
36.1	44.8
36.7	36.1
37.0	32.1
35.5	28.5
36.5	23.4
36.1	31.5
36.3	27.7
35.8	30.8
36.5	41.4
36.3	37.0
35.4	42.1
36.9	65.3
36.0	66.3
36.3	68.2
36.7	61.2
36.2	74.7
36.0	61.1
36.4	55.5
36.1	38.7
36.4	56.7
36.0	52.7
36.6	41.9
36.3	40.0
36.3	40.7
37.9	76.4
36.4	76.4
37.7	87.4
36.6	76.6
36.6	62.5
37.9	79.5
37.0	87.6
36.1	78.9
37.7	75.8
36.9	69.2
37.2	53.9
37.1	38.7
37.3	47.5
37.9	34.8
37.1	27.6
38.1	24.3
37.8	20.9
37.0	69.5
37.3	84.9
37.2	58.0
36.9	50.5
37.2	41.8
36.9	45.8
37.5	58.4
37.5	58.9
37.1	53.5
36.5	59.1
36.7	43.8
37.0	33.9
37.8	33.3
36.4	39.7
36.7	21.9
36.9	27.6
37.6	28.8
36.7	10.4
36.8	25.1
36.8	26.3
36.9	15.5
38.1	54.5
37.5	71.4
36.4	45.5
37.2	43.5
36.7	34.8
37.3	31.8
37.1	22.0
36.8	28.4
37.2	27.0
37.2	18.8
36.8	26.6
37.9	35.3
36.8	36.6
36.2	42.4
37.0	60.4
37.7	38.4
37.3	59.6
37.1	56.0
36.3	51.6
36.4	73.2
37.0	65.6
36.4	53.2
37.2	50.8
36.7	33.7
36.9	60.7
36.8	108.6
37.4	56.7
37.4	65.8
37.0	58.1
36.4	40.5
36.7	35.9
36.6	24.8
37.6	51.1
36.2	38.7
37.2	37.1
37.6	63.9
37.6	90.8
36.5	79.1
37.2	58.9
36.2	54.6
37.9	50.5
37.0	48.9
35.6	44.1
36.9	47.7
36.5	36.0
36.5	58.0
36.5	59.9
36.3	49.2
37.2	49.7
36.6	50.6
36.9	62.7
37.8	54.5
35.6	52.8
36.4	49.6
36.0	39.7
36.3	54.5
36.8	44.7
36.6	57.2
37.0	60.8
36.7	59.3
35.5	62.5
36.3	43.8
36.8	42.1
36.7	46.3
36.5	36.8
36.4	36.9
36.0	42.1
35.8	47.4
35.8	39.0
36.1	24.6
36.0	53.2
37.2	56.9
35.8	35.7
35.6	44.7
35.5	46.6
35.7	51.6
36.2	52.3
36.0	69.7
35.4	74.8
35.6	46.1
36.1	44.7
35.9	64.9
35.8	53.2
35.5	45.9
36.8	56.2
36.2	45.2
36.0	39.2
36.4	49.1
35.4	42.5
36.6	40.0
35.9	33.2
35.4	23.8
35.5	44.5
35.6	25.8
35.8	28.0
35.8	31.5
35.5	37.6
35.3	28.3
34.3	26.0
34.8	23.8
35.0	27.2
36.5	83.9
38.0	55.8
38.1	56.9
36.3	54.1
36.4	50.0
37.4	47.2
36.7	44.6
37.6	76.4
36.8	116.4
37.2	92.7
37.4	124.5
37.4	117.9
36.6	133.9
36.6	123.7
36.8	104.3
36.4	94.2
36.0	85.4
46.1	35.9
46.1	59.4
46.1	57.8
46.1	54.3
46.2	69.7
46.2	64.0
46.2	73.5
46.2	80.0
46.2	78.9
46.2	60.4
46.2	71.1
46.2	61.1
46.1	64.6
46.2	97.2
46.2	103.8
45.5	127.0
45.5	144.4
45.5	119.7
45.6	114.5
45.6	106.0
45.6	107.8
45.6	76.8
45.6	73.5
45.6	81.2
45.6	47.2
45.6	33.4
45.8	104.4
45.8	92.3
45.8	80.6
45.9	79.3
45.9	102.9
45.9	73.0
46.0	74.2
46.0	59.0
46.0	52.0
46.1	55.5
46.1	32.7
46.1	66.3
46.1	76.1
46.1	71.1
46.1	70.3
46.2	64.7
46.2	71.4
46.2	66.9
46.2	57.0
46.2	61.2
46.2	66.3
46.2	53.8
46.2	46.8
46.2	38.8
46.2	24.8
46.2	29.7
46.2	78.8
46.2	84.8
46.2	77.9
46.2	71.4
46.2	77.8
46.1	88.6
46.1	79.2
46.0	73.7
45.9	58.2
45.8	42.8
45.8	62.3
45.7	39.0
45.9	70.0
45.9	69.0
45.8	61.3
45.8	69.5
45.6	70.2
45.5	79.5
45.4	61.7
45.3	60.3
45.2	43.4
45.1	56.1
45.0	36.1
45.2	46.4
45.2	68.8
45.1	70.2
45.1	91.8
45.0	79.7
44.9	94.5
44.8	67.7
44.7	65.6
44.7	53.4
44.6	18.6
45.1	62.1
45.1	61.2
45.1	43.3
45.0	63.7
45.0	61.9
44.9	73.0
44.8	65.7
44.7	61.1
44.6	46.3
44.5	61.7
44.4	48.9
44.4	24.2
44.3	30.8
44.7	35.9
44.6	53.3
44.5	50.1
44.4	55.9
44.3	51.5
44.2	72.0
44.0	58.4
43.9	61.1
43.8	56.0
43.7	49.3
43.7	45.4
43.6	47.0
43.5	37.8
43.5	50.2
43.5	59.7
43.3	56.6
43.3	55.8
43.2	55.2
43.1	51.9
43.1	56.2
43.0	60.3
42.9	40.0
42.8	40.9
43.4	71.6
43.4	55.5
43.3	53.6
43.3	52.6
43.2	51.0
43.1	51.3
43.0	45.5
42.9	39.2
42.8	45.4
42.7	35.8
42.6	32.6
42.5	26.2
43.0	43.5
43.0	49.2
43.0	44.0
42.9	44.6
42.8	47.4
42.7	49.7
42.6	58.5
42.5	48.0
42.4	37.4
42.3	37.1
42.2	42.0
42.1	27.8
42.4	34.8
42.4	39.4
42.3	49.1
42.2	38.6
42.1	55.6
42.0	46.9
41.9	44.1
41.8	42.2
41.7	25.4
41.6	28.0
41.9	5.2
41.8	37.7
41.8	52.2
41.7	39.5
41.6	41.7
41.5	33.2
41.4	32.6
41.4	20.9
41.8	50.6
41.7	56.5
41.7	46.3
41.6	42.7
41.6	56.2
41.5	60.6
41.4	37.8
41.2	50.2
41.1	41.2
41.0	30.7
41.3	28.4
41.3	36.3
41.2	44.7
41.1	42.3
41.0	40.1
40.9	46.0
40.8	41.2
40.6	42.2
40.5	43.2
40.4	28.0
40.3	32.1
40.0	18.6
39.9	21.0
43.7	38.6
43.6	37.9
43.6	51.1
43.5	34.1
43.4	36.5
43.2	21.4
43.2	33.5
43.1	26.6
43.1	30.0
43.0	23.9
43.0	35.8
43.0	29.7
42.9	25.6
42.8	28.5
42.8	21.7
42.7	17.4
43.2	38.4
43.2	60.8
43.2	50.9
43.1	43.7
43.1	39.0
43.1	35.6
43.0	32.5
43.0	30.4
42.9	30.1
42.8	24.6
42.8	23.2
42.7	22.0
42.6	21.3
42.6	17.9
45.2	26.5
45.2	44.5
45.2	31.9
45.2	28.9
45.3	32.0
45.3	29.5
45.3	32.3
45.3	27.2
45.3	25.1
45.3	37.3
45.3	32.9
45.4	29.2
45.4	44.3
45.4	26.2
45.4	12.7
45.6	40.1
45.6	60.6
45.6	76.3
45.6	76.9
45.6	87.5
45.6	73.4
45.6	59.5
45.6	55.9
45.6	47.6
45.6	34.4
45.6	51.8
45.6	51.5
45.6	36.6
45.8	22.4
45.8	31.0
46.0	26.4
45.4	20.7
45.4	21.3
45.4	27.4
45.4	42.4
45.4	40.0
45.4	34.7
45.4	35.2
45.5	33.5
46.0	26.1
46.0	39.1
46.0	31.2
46.0	29.2
46.2	15.0
46.2	23.1
46.2	23.2
46.2	31.6
46.2	19.3
46.2	10.3
46.2	13.2
46.2	15.4
46.2	14.6
46.2	14.0
46.2	13.5
46.2	7.1
46.2	6.7
46.2	5.3
46.2	5.8
46.2	7.9
46.2	9.8
46.2	9.0
46.2	21.5
46.2	26.0
46.2	20.1
46.2	22.2
46.2	23.0
45.2	31.1
45.2	48.9
45.2	53.6
45.2	70.9
45.2	77.3
45.2	89.5
45.2	51.7
45.2	57.3
45.2	54.9
45.5	29.3
45.5	22.9
45.5	25.8
45.6	33.5
45.6	21.0
45.6	19.2
45.8	39.2
45.8	35.5
45.8	26.9
45.8	38.2
45.8	40.8
45.8	43.1
45.8	36.1
45.8	31.0
45.9	25.1
45.9	27.6
45.9	13.1
46.0	20.4
46.0	26.8
46.0	21.6
46.0	13.3
46.0	19.9
46.0	20.5
46.0	16.3
46.0	21.7
46.0	18.4
46.0	19.6
46.0	14.3
46.0	13.9
32.1	9.4
32.0	17.5
31.8	33.6
31.7	31.5
31.7	38.9
31.7	40.7
31.7	50.7
31.8	43.8
31.8	45.0
31.8	39.8
31.9	38.2
32.0	28.4
32.3	10.9
32.3	17.0
34.7	49.5
33.5	57.0
32.7	54.6
32.3	61.3
32.1	64.6
31.9	67.8
31.9	77.3
31.7	67.3
31.7	71.2
31.6	58.2
30.6	27.7
30.5	30.8
30.4	29.0
30.4	36.4
30.4	33.0
30.4	36.7
30.4	29.1
30.4	30.7
31.1	21.6
30.8	16.6
30.6	22.9
30.5	22.9
30.4	23.7
30.4	25.4
30.3	21.7
32.0	22.4
31.2	27.7
30.7	23.9
30.5	32.7
30.3	27.2
30.2	34.0
30.1	32.1
30.1	26.2
30.1	32.9
30.1	26.6
32.7	19.3
31.5	11.5
30.8	24.1
30.5	19.9
30.2	19.8
30.1	21.1
30.1	24.8
30.0	21.6
30.0	19.6
30.0	22.4
30.1	15.4
30.0	12.7
30.0	11.0
30.0	16.0
30.0	15.4
30.0	15.1
30.0	15.7
30.3	40.0
30.3	41.9
30.3	47.3
30.2	37.0
30.2	37.1
30.2	35.3
30.2	49.6
30.2	32.8
30.2	33.7
30.3	35.6
30.3	31.3
30.2	38.6
30.2	22.8
30.1	23.7
30.1	45.5
30.1	40.1
30.2	41.2
30.2	43.3
30.2	52.3
33.2	51.5
33.4	54.6
34.6	57.1
34.6	75.4
34.6	76.6
34.6	57.9
35.1	21.4
35.1	26.0
35.1	46.7
35.1	88.7
35.1	64.8
35.2	89.2
35.2	97.6
35.1	62.2
35.2	78.8
35.2	73.9
35.2	99.4
33.7	39.9
33.5	45.5
33.4	60.0
33.4	64.6
33.5	68.7
33.6	86.6
33.8	111.4
33.9	90.9
34.0	92.6
34.1	73.8
34.2	66.8
34.2	71.3
34.3	61.7
31.4	37.0
31.3	41.7
31.3	57.4
31.4	53.3
31.4	68.5
31.5	74.2
31.6	73.6
31.7	84.1
31.8	73.2
32.0	72.6
32.1	66.5
32.2	64.7
32.3	72.4
30.9	40.2
30.9	42.9
30.8	38.0
30.8	33.8
30.8	46.2
30.8	37.9
30.9	37.7
30.9	36.8
31.0	39.5
31.2	18.3
31.1	20.6
31.1	26.6
31.2	30.5
31.3	37.0
31.3	38.9
31.4	35.6
31.5	30.0
31.6	35.9
31.7	36.5
31.8	43.9
31.9	39.0
32.0	34.8
32.1	26.4
31.7	49.1
31.8	73.7
31.9	25.9
32.0	43.2
32.1	34.5
32.3	31.6
32.4	14.3
32.5	22.8
32.6	4.4
35.2	3.9
35.3	13.1
38.7	31.5
38.0	82.8
36.8	69.9
36.8	65.2
38.5	25.6
37.4	36.1
37.9	51.8
37.6	57.0
37.5	67.6
37.0	100.8
37.4	101.2
37.2	118.1
37.7	130.0
37.6	138.8
37.4	132.0
37.5	157.4
36.9	123.8
37.1	99.8
38.0	79.6
39.5	58.4
39.2	49.0
38.6	54.4
39.3	69.3
38.5	80.0
38.8	75.3
39.2	63.4
39.6	65.9
38.9	75.0
39.0	85.9
39.0	75.8
38.7	61.4
38.3	74.3
39.4	66.4
38.9	70.9
39.6	34.5
38.4	26.4
39.3	50.8
39.2	52.6
38.9	52.0
39.0	57.5
38.8	65.0
38.8	61.1
38.5	55.7
39.5	68.4
38.1	67.2
38.6	74.8
39.2	40.7
37.9	37.3
39.1	16.2
38.4	20.2
38.9	31.8
38.6	42.0
38.9	59.3
39.4	69.8
38.1	86.2
37.9	95.2
38.1	100.6
37.6	95.9
38.2	110.1
36.7	103.1
38.2	112.2
38.1	66.5
37.7	70.8
37.9	51.6
38.8	15.7
38.7	37.6
38.5	52.4
38.2	66.6
38.4	81.0
37.6	105.3
38.0	120.4
37.2	108.6
38.2	84.7
36.6	155.2
37.4	156.0
37.0	120.5
38.3	109.3
37.2	98.6
37.1	81.3
38.1	68.8
39.6	4.5
38.4	28.4
37.7	41.8
37.8	53.7
37.9	84.8
37.6	70.5
37.7	67.7
38.2	103.7
36.9	87.6
38.0	99.3
36.6	86.2
37.6	90.6
37.3	76.3
36.8	61.6
37.5	65.4
37.8	4.3
37.5	32.3
37.6	50.4
37.7	56.4
38.2	38.8
38.4	56.9
36.7	53.8
38.2	72.2
36.2	68.2
37.7	94.8
37.0	81.4
38.0	80.5
36.7	69.3
37.3	57.5
37.5	52.4
37.0	14.9
37.7	52.7
36.6	53.1
37.6	97.2
36.9	71.4
36.8	51.7
37.1	61.5
37.3	81.4
37.1	85.5
36.5	98.2
37.5	95.6
36.6	70.5
37.1	46.3
37.5	50.8
37.1	39.7
36.4	183.9
38.0	91.5
36.8	117.0
37.0	105.7
36.8	102.1
37.4	105.8
37.3	90.5
36.8	78.8
36.9	86.9
36.7	61.0
37.8	41.9
36.5	90.8
37.9	67.4
37.2	89.1
37.6	59.6
36.9	50.8
37.4	38.6
37.2	39.3
37.1	33.4
38.3	29.9
37.0	33.9
37.6	40.9
37.6	57.1
38.1	60.4
39.2	82.6
38.6	104.6
38.7	105.3
38.4	80.1
38.5	94.7
38.7	94.1
38.1	90.4
39.5	74.5
38.8	69.9
38.7	50.3
38.2	55.0
39.1	70.2
39.0	90.7
38.8	101.4
38.6	129.3
39.2	164.4
39.7	136.6
39.3	148.7
38.4	134.5
38.9	143.3
39.0	98.4
38.5	95.7
38.6	23.4
38.9	29.2
38.8	39.3
38.2	62.5
38.3	71.3
38.3	109.9
38.4	123.4
37.0	110.4
38.2	136.3
38.1	146.2
38.3	123.7
37.5	125.0
37.7	101.5
37.7	86.7
38.1	70.3
37.8	52.9
37.2	26.6
38.6	98.7
37.7	90.1
39.6	101.4
39.1	119.6
39.3	114.7
39.3	90.0
38.9	81.8
39.3	73.9
38.2	82.5
39.8	90.1
39.3	95.6
40.0	64.8
40.3	73.7
40.2	82.6
39.7	104.9
39.4	97.1
39.5	117.2
39.1	147.5
39.9	134.5
40.0	156.1
40.0	171.1
39.5	179.5
39.3	109.2
39.2	129.6
39.3	115.3
38.3	105.2
39.1	62.5
40.2	70.1
40.2	114.8
39.4	138.9
39.7	137.8
38.5	169.6
39.5	169.9
38.9	160.4
38.7	150.4
38.9	153.8
38.7	115.3
39.0	175.1
39.0	107.4
38.7	81.0
38.7	74.3
39.6	26.9
39.4	25.9
39.0	43.0
39.8	45.6
39.6	82.1
39.6	83.0
39.4	142.3
39.2	123.5
38.6	131.3
39.1	91.1
39.2	40.6
38.4	33.5
38.9	117.8
38.6	153.9
38.3	198.5
38.8	234.7
39.6	211.5
39.0	244.5
38.5	228.0
38.1	334.0
38.1	289.9
38.4	218.4
38.4	253.2
38.3	206.1
38.6	179.0
38.9	172.2
38.0	145.5
38.8	145.1
39.3	39.7
40.0	47.2
39.3	29.3
39.5	35.5
38.8	33.2
39.3	47.0
39.4	38.3
38.7	47.2
39.6	40.7
38.7	34.2
39.1	52.5
39.1	51.0
38.5	45.6
38.4	40.6
38.7	49.9
38.7	39.0
39.2	37.7
39.6	35.3
39.1	48.8
38.9	49.0
38.9	37.7
39.0	48.9
38.7	55.6
39.3	52.9
38.5	52.9
38.9	56.8
38.3	50.7
38.7	44.7
38.1	47.1
38.8	52.3
38.4	39.4
39.6	25.8
38.9	27.5
39.3	27.6
39.7	28.5
39.4	29.9
39.0	31.7
39.1	29.0
39.3	34.3
39.5	36.4
39.0	39.7
39.4	42.7
38.7	37.5
39.0	32.8
38.2	26.2
38.5	22.0
39.2	19.3
38.8	16.0
39.3	15.1
39.0	23.9
39.7	27.8
39.3	24.0
38.8	35.2
39.2	30.9
39.5	35.8
39.4	40.1
38.1	37.1
38.3	40.7
38.5	28.8
38.6	36.2
38.3	37.5
38.0	20.8
38.0	23.3
39.9	49.2
38.3	47.1
39.1	61.2
39.1	45.2
39.7	40.6
39.9	54.9
39.3	71.0
39.2	77.7
39.1	96.4
39.6	78.5
39.2	94.2
39.4	108.3
39.3	105.3
38.6	99.8
38.7	115.1
38.8	103.6
39.2	85.7
38.4	73.6
39.8	23.5
38.0	29.3
39.6	41.2
38.9	49.1
38.8	71.0
39.3	91.2
38.9	97.5
39.0	114.4
38.3	116.7
39.7	120.3
39.1	146.7
39.4	162.5
39.3	139.6
39.0	121.4
38.1	129.6
38.5	127.2
38.2	102.9
38.2	63.3
38.4	84.5
38.8	40.2
38.8	12.4
38.5	107.9
37.8	62.5
38.6	53.4
38.6	54.2
38.1	61.3
38.7	61.9
38.3	69.1
38.8	78.8
38.0	136.7
38.3	96.9
38.0	86.4
38.8	61.0
37.8	60.8
38.7	53.7
38.6	19.8
37.5	35.3
39.3	67.2
39.4	74.4
37.9	107.5
38.9	116.5
39.1	134.1
38.2	141.9
38.7	147.3
38.1	146.9
37.8	128.1
37.7	129.4
38.1	144.6
38.4	102.8
37.5	103.9
38.7	83.7
37.8	82.7
39.0	57.2
37.2	51.7
38.0	53.3
38.4	62.3
38.6	66.1
38.5	41.3
38.7	28.0
37.9	70.7
38.2	53.2
38.2	58.4
38.4	78.6
38.0	89.2
38.3	116.5
37.4	122.8
37.4	112.0
38.1	91.8
38.8	77.2
39.0	165.4
38.7	182.1
38.6	171.0
38.2	103.2
37.6	145.4
38.5	128.0
38.8	130.7
38.3	111.3
38.0	107.7
38.7	128.2
38.3	139.8
39.4	129.0
38.9	133.4
38.4	115.6
38.1	81.5
37.9	62.8
39.6	33.9
39.4	34.6
39.4	45.5
39.6	56.5
39.5	54.6
39.2	70.8
38.7	75.8
38.9	79.0
38.8	65.9
38.5	76.0
38.5	71.5
37.4	89.2
38.4	70.2
38.5	84.3
37.8	63.6
37.8	53.8
38.5	33.5
38.8	33.3
38.1	20.8
38.5	32.4
38.4	52.8
38.9	56.8
38.4	51.2
37.8	72.2
38.6	71.0
38.8	48.3
37.6	49.1
37.9	40.9
38.4	40.6
38.6	42.1
38.3	49.5
37.7	30.4
37.9	36.7
38.3	15.1
37.2	42.7
38.5	56.2
38.6	57.1
38.4	79.6
37.6	94.3
37.9	78.6
37.5	88.6
38.3	114.0
37.9	91.9
37.8	75.4
37.0	64.9
37.1	56.6
38.4	60.0
37.4	49.5
36.9	35.5
39.2	39.5
38.8	23.7
38.9	78.2
38.6	45.8
38.6	51.3
38.8	59.9
38.3	114.1
38.5	111.0
39.0	142.1
38.0	141.1
38.6	102.2
38.8	28.0
39.4	47.8
39.4	43.9
38.9	48.7
37.8	46.3
37.6	59.9
37.8	76.5
38.3	106.4
38.3	75.6
38.4	88.3
38.4	72.4
38.3	77.9
38.4	121.9
38.8	130.7
38.9	117.8
38.5	103.4
38.1	96.1
38.0	109.4
38.1	98.5
38.7	29.6
38.8	44.8
38.9	61.0
39.0	101.2
38.4	103.6
39.1	111.9
37.7	185.8
39.0	193.6
38.8	104.6
38.1	76.0
38.7	149.6
38.5	110.8
39.0	46.4
38.3	86.3
38.6	69.6
39.1	61.0
38.9	30.5
39.0	60.9
38.9	64.6
39.2	65.4
38.3	69.7
39.9	47.3
38.6	39.7
39.0	66.9
39.1	121.0
37.7	153.1
38.5	205.0
38.9	237.7
38.7	228.4
38.9	314.0
38.3	216.3
38.2	326.6
38.5	250.4
37.9	226.9
38.6	249.5
38.2	163.7
38.5	129.0
38.0	147.0
38.6	114.5
38.7	99.1
38.6	49.5
38.8	88.6
38.4	156.2
38.5	140.0
38.3	175.6
38.2	180.2
38.6	282.8
38.3	163.0
38.0	125.4
37.8	68.9
38.7	83.0
38.4	90.2
37.7	69.9
38.2	135.0
38.7	107.8
38.2	84.2
38.2	180.2
38.0	86.7
38.0	110.4
38.8	94.6
37.9	103.3
38.8	165.1
37.6	120.4
38.9	176.2
37.8	106.2
37.9	91.4
38.0	135.9
38.2	141.7
38.9	216.1
38.7	261.1
38.4	276.6
38.6	306.5
38.6	273.8
38.4	361.9
38.2	194.6
38.0	183.7
38.8	188.7
38.1	155.2
38.9	152.2
38.3	198.6
38.4	210.2
38.8	168.1
37.9	201.5
38.0	168.7
38.6	65.4
39.2	70.6
39.4	131.9
38.4	171.1
38.7	187.7
38.3	205.3
37.2	273.2
38.2	295.6
38.3	295.7
38.1	295.6
38.1	304.1
38.2	237.5
37.9	244.4
37.9	197.9
37.9	249.1
37.1	210.0
38.5	217.1
38.0	121.5
37.9	134.8
38.0	103.0
38.3	58.8
39.2	100.7
39.4	120.8
38.3	185.8
38.5	217.0
38.0	265.3
38.5	280.0
37.7	249.6
37.7	323.3
38.5	289.0
38.0	290.1
38.9	273.2
38.3	270.0
38.3	292.4
38.6	217.8
37.5	216.6
38.5	209.3
38.3	172.6
38.5	178.0
38.3	87.1
37.7	98.9
38.1	100.6
37.4	111.3
38.8	135.6
38.3	144.6
38.6	164.8
38.3	182.4
38.3	148.1
37.6	190.4
38.0	194.8
37.5	198.8
37.5	143.9
37.1	165.3
38.2	164.5
37.6	173.7
38.6	170.8
38.0	134.4
37.4	118.8
37.5	116.7
37.6	143.9
36.9	183.4
37.4	232.6
36.6	227.1
37.8	138.7
37.4	189.4
37.7	77.0
37.2	89.4
36.6	101.7
36.8	105.3
37.8	119.8
37.1	129.9
37.2	126.6
37.3	154.6
37.4	208.4
36.9	200.3
37.3	173.4
37.4	196.3
37.4	150.8
37.5	189.0
37.5	129.7
37.7	109.1
37.3	91.6
37.6	18.9
37.7	88.7
37.4	99.8
37.5	145.8
37.1	123.5
37.0	172.0
36.6	186.5
37.3	194.8
36.6	157.9
37.4	180.5
36.7	198.7
37.0	153.3
37.1	111.0
37.1	185.6
36.4	195.7
36.7	174.8
37.0	115.3
36.9	95.9
37.1	58.6
36.3	57.1
37.0	148.4
36.7	236.4
37.4	241.7
36.2	278.1
37.2	243.0
36.4	262.2
36.5	229.6
36.5	204.1
37.6	221.7
36.9	166.7
37.2	141.2
36.4	85.0
37.1	50.3
36.4	74.3
36.9	94.5
36.7	121.0
37.1	105.9
35.9	102.0
35.8	119.7
36.9	130.9
37.3	113.9
36.4	167.0
36.7	120.2
36.7	115.1
35.8	139.1
36.9	109.6
35.8	84.0
36.8	104.1
36.6	72.0
36.0	71.9
36.6	72.8
36.1	53.3
36.2	55.4
37.0	96.0
36.2	125.9
35.9	216.5
37.2	223.1
36.4	354.1
37.2	379.3
36.1	303.9
36.2	339.0
35.3	324.9
36.3	255.2
36.5	231.2
36.0	191.0
35.9	192.0
36.0	157.9
36.3	114.7
37.6	43.9
36.5	95.3
37.9	161.6
36.7	138.9
37.1	164.3
36.7	268.1
37.2	314.5
36.9	290.8
37.7	418.3
37.6	429.5
36.9	422.3
37.2	453.6
37.7	378.0
37.3	343.1
37.6	287.5
37.9	240.5
37.0	219.6
37.8	182.1
37.0	31.9
37.1	65.3
36.8	90.2
37.6	111.8
37.1	175.3
37.0	187.1
36.5	222.2
36.8	209.1
36.7	250.7
37.0	210.6
36.8	308.2
37.1	291.8
36.5	239.9
36.7	267.4
36.7	255.1
37.7	190.0
37.1	179.6
36.7	175.7
36.7	134.3
36.9	94.9
36.9	67.6
37.4	43.6
37.0	69.1
36.5	131.2
36.0	135.0
36.7	144.4
36.2	160.4
37.3	181.2
36.3	216.3
36.4	152.7
36.1	191.6
35.8	172.4
36.1	139.3
36.2	137.2
37.2	122.8
35.7	113.6
36.7	131.3
36.6	103.8
36.6	115.0
35.8	94.5
36.9	91.7
36.2	27.2
35.9	19.0
35.8	93.2
36.5	206.9
36.1	190.4
35.6	161.8
35.8	155.8
36.0	138.2
35.7	2.2
35.7	43.2
35.2	63.8
36.0	91.2
35.4	83.0
35.8	113.5
35.8	179.8
36.0	127.9
35.7	173.1
35.9	233.4
35.8	254.9
36.7	256.9
35.5	195.6
35.8	146.0
36.5	136.9
35.6	128.7
35.8	112.8
35.7	93.0
35.6	30.9
35.7	56.1
35.5	68.8
35.9	66.8
35.3	80.7
36.0	91.7
35.4	89.6
36.3	82.0
35.3	68.9
35.3	74.5
35.9	76.5
35.5	80.6
36.3	84.1
35.8	66.9
35.6	61.4
35.7	71.4
35.8	70.2
35.8	51.5
35.4	60.2
35.6	58.9
35.7	34.8
35.3	33.5
35.3	56.7
35.2	52.6
35.3	56.0
35.2	86.4
35.4	68.1
35.4	99.0
35.3	80.3
35.2	79.6
35.2	102.6
35.6	89.0
35.3	97.2
35.1	97.6
35.1	102.2
35.2	97.8
35.3	81.7
35.2	68.0
35.2	69.0
35.3	58.5
35.2	45.7
35.1	42.1
35.3	40.1
35.1	37.7
35.3	70.6
35.2	69.5
35.2	89.6
35.1	83.3
35.1	90.4
35.1	111.2
35.3	98.1
35.1	109.6
35.3	145.9
35.2	113.7
35.1	96.6
35.4	87.5
35.0	105.7
35.1	78.8
35.1	102.2
35.2	56.4
35.1	38.8
35.0	36.0
35.3	31.5
35.1	35.9
35.1	39.1
35.1	49.8
35.1	80.8
35.1	75.8
35.1	106.7
35.1	89.2
35.0	76.1
35.0	73.4
35.0	92.4
35.0	90.4
35.0	97.1
35.0	108.3
35.0	99.3
34.9	82.7
34.9	84.0
34.9	62.2
35.0	45.1
34.9	41.4
34.9	38.6
34.9	24.6
34.9	30.9
34.9	56.2
34.9	63.9
34.8	79.6
34.8	69.4
34.8	63.2
34.8	51.6
34.8	82.5
34.7	80.1
34.8	84.1
34.7	61.1
34.7	78.6
34.6	56.4
34.8	56.7
34.6	73.4
34.7	66.0
34.6	83.9
34.6	70.9
34.5	56.2
34.6	48.2
34.4	24.5
34.4	28.0
34.4	52.5
34.5	53.3
34.5	49.8
34.4	87.6
34.4	72.8
34.5	54.6
34.4	42.7
34.5	63.0
34.4	55.3
34.4	88.4
34.4	39.9
34.4	19.2
35.4	103.1
36.4	184.1
35.7	169.3
35.6	180.3
35.8	165.0
35.7	116.8
36.1	106.1
36.2	90.4
35.3	86.0
35.7	102.7
36.3	46.2
35.5	74.8
36.0	69.7
36.3	157.7
36.0	178.9
36.4	192.7
36.3	201.8
35.9	164.8
35.3	106.5
36.1	88.2
35.5	86.9
35.8	122.6
35.6	132.1
36.0	120.5
35.8	173.9
36.3	166.9
35.9	152.8
35.4	120.9
36.6	95.2
35.9	105.8
36.5	146.6
36.4	134.3
36.4	149.5
35.7	109.4
36.1	109.5
36.3	134.7
36.2	46.0
36.2	69.0
35.9	64.5
36.8	72.6
37.3	120.2
36.9	154.0
36.8	121.6
37.0	119.7
37.4	135.0
37.0	196.0
37.3	174.8
37.3	175.3
37.9	91.8
37.3	78.9
36.6	93.1
37.5	137.1
37.3	123.9
37.9	145.7
37.3	129.1
37.9	155.0
37.3	223.5
37.4	185.5
38.0	184.6
37.7	174.2
38.4	203.2
37.4	160.1
37.7	155.3
37.7	109.8
37.0	8.1
37.8	43.6
36.5	87.1
37.0	70.2
36.8	100.8
36.3	147.8
37.1	188.5
36.2	168.4
36.6	163.9
36.4	248.6
36.5	227.7
36.5	268.5
37.3	226.8
36.1	221.9
35.8	199.9
36.6	215.6
36.5	208.4
36.1	270.9
36.1	188.2
36.6	142.9
35.9	103.6
36.0	107.7
35.7	47.3
36.5	75.4
35.6	68.5
36.4	92.8
35.8	113.3
36.0	106.7
35.5	159.2
36.7	159.4
35.8	171.9
36.3	232.4
36.1	234.3
35.6	239.4
36.2	191.5
35.8	148.2
36.4	146.7
35.4	158.7
36.7	143.9
36.4	113.6
35.9	91.0
35.6	111.5
36.0	60.3
35.5	92.6
35.9	105.9
36.4	148.3
36.7	165.4
35.7	181.6
35.9	231.4
35.7	231.4
36.3	246.4
35.8	238.1
35.9	244.7
35.4	176.5
35.5	207.6
36.1	174.7
35.4	138.9
36.0	110.3
35.4	90.4
35.9	92.0
35.6	60.6
35.4	120.8
36.4	155.0
35.6	176.1
35.7	263.9
35.8	286.3
36.2	306.1
36.8	273.3
35.9	314.0
36.2	327.4
35.5	294.6
36.4	370.6
36.0	320.2
35.9	210.1
35.6	223.8
35.9	144.9
35.7	164.9
36.2	154.6
36.0	197.6
35.9	146.9
35.6	114.0
35.9	133.0
35.7	49.7
36.0	75.7
36.2	88.6
35.6	149.1
35.8	143.3
35.6	162.4
35.9	179.9
35.8	180.1
36.5	179.0
36.3	196.9
35.6	181.8
35.6	179.5
36.1	162.5
35.6	164.0
35.6	175.4
35.8	140.6
35.4	124.4
35.6	111.2
35.3	125.2
35.4	86.3
35.7	71.4
35.8	53.3
35.4	50.9
35.7	45.9
36.1	48.0
35.8	67.4
35.7	80.7
35.6	64.4
35.9	76.1
35.6	101.2
35.4	77.1
36.0	50.2
35.9	79.8
35.7	127.8
35.5	130.4
35.6	105.7
35.5	105.2
35.7	133.2
35.4	94.1
35.5	97.5
35.5	79.4
35.7	80.4
36.0	95.9
35.2	88.3
35.5	59.1
35.6	53.4
35.7	66.6
36.5	91.8
35.6	105.2
35.7	123.3
36.2	145.7
36.2	150.5
36.1	181.8
36.0	249.3
35.5	180.4
36.3	179.3
36.1	175.4
35.9	94.9
35.4	91.6
36.1	68.3
35.7	60.7
35.8	59.7
36.2	69.7
35.6	119.9
35.9	92.8
35.6	185.3
35.6	200.1
35.4	256.6
35.5	272.8
36.0	202.9
35.5	247.1
35.8	124.5
36.7	67.0
35.6	91.9
35.3	75.3
36.1	151.1
35.6	191.2
36.4	242.6
35.6	328.2
36.4	292.5
35.7	281.3
35.8	333.4
36.3	352.3
35.6	361.7
35.9	415.2
35.6	336.4
36.0	299.8
35.9	289.8
35.4	266.0
36.0	237.1
35.7	181.4
35.7	127.0
36.6	55.1
35.7	76.4
36.2	113.0
35.5	145.8
36.4	181.2
35.6	229.8
36.2	222.1
36.0	215.9
35.9	303.9
36.0	261.5
35.5	241.0
35.6	253.6
35.6	218.6
35.4	260.6
35.5	237.9
35.9	189.8
35.8	122.5
35.6	161.9
35.6	108.3
36.1	95.5
35.3	93.7
36.0	96.3
35.8	94.4
35.8	40.2
36.0	74.8
35.2	154.1
36.1	175.0
35.6	232.0
36.4	201.2
35.7	231.7
36.0	209.4
35.5	215.4
35.7	166.4
36.2	225.2
35.8	293.5
35.8	237.4
35.7	207.4
36.0	201.7
35.4	161.4
35.7	146.4
35.2	152.1
35.4	137.8
35.4	99.1
35.8	91.6
35.4	69.4
35.8	37.8
35.3	42.3
35.3	55.9
35.7	89.8
35.8	113.4
35.4	109.7
35.2	92.6
35.5	151.9
35.6	150.4
35.2	150.6
35.7	115.9
35.4	140.3
35.5	139.9
35.3	115.2
35.3	108.0
35.4	133.3
35.2	136.8
35.8	97.7
35.2	92.9
35.3	76.5
35.2	84.9
35.7	63.4
35.3	60.5
35.5	24.7
35.1	33.0
35.5	51.2
35.2	62.4
35.2	77.4
35.3	66.8
35.2	63.6
35.2	103.8
35.3	124.7
35.1	121.9
35.3	148.2
35.1	138.2
35.2	146.3
35.1	144.5
35.3	118.4
35.4	118.1
35.1	80.2
35.2	78.7
35.1	95.2
35.1	73.9
35.1	56.4
35.1	29.9
35.2	40.7
35.2	53.8
35.0	74.1
35.2	96.3
35.1	95.9
35.0	102.2
35.0	93.2
35.0	127.2
35.0	136.3
35.0	139.5
35.1	128.7
34.9	165.5
34.9	156.5
35.0	176.0
34.9	164.2
35.1	159.1
34.9	151.4
34.9	151.3
35.0	119.1
35.0	76.6
34.7	54.0
34.7	64.1
34.7	62.9
34.7	77.2
34.7	113.3
34.6	124.8
34.7	104.1
34.7	99.4
34.6	86.0
34.5	67.5
34.5	78.2
34.6	123.9
34.5	102.2
34.5	119.5
34.5	104.0
34.3	87.0
34.5	80.9
34.3	94.7
34.4	69.2
34.4	68.2
35.5	222.7
35.5	305.1
35.7	319.6
35.7	395.3
36.3	385.7
35.6	368.8
35.8	378.8
35.6	304.8
35.5	342.4
35.8	348.5
35.4	326.6
35.7	255.5
35.1	227.0
35.6	201.9
36.1	161.4
35.4	162.7
35.8	134.6
36.3	137.0
35.9	109.8
35.9	195.8
36.6	46.9
36.7	61.5
36.7	57.4
37.0	58.3
36.8	40.3
37.0	86.9
36.7	87.2
36.8	52.0
36.1	50.9
37.2	46.6
36.2	73.9
36.9	56.8
36.1	132.7
36.6	186.5
36.2	204.7
37.1	239.3
36.9	281.7
36.4	317.6
36.7	268.8
36.5	215.1
36.5	258.8
36.8	225.3
36.7	171.1
36.2	161.1
36.9	170.2
36.4	147.9
37.1	147.1
36.8	141.4
35.9	63.1
36.4	91.7
36.1	136.3
36.8	154.9
36.5	223.0
37.1	243.8
36.3	271.1
36.7	294.3
37.0	340.8
36.4	305.4
37.0	303.9
36.4	261.8
36.5	269.5
36.4	329.3
36.8	291.7
36.6	276.1
36.6	218.8
36.7	120.9
37.1	23.7
36.2	56.3
36.7	43.2
36.0	82.9
36.3	104.1
35.8	98.9
37.1	49.9
37.1	58.0
36.9	103.2
36.8	90.5
36.9	110.4
36.6	111.7
36.0	107.0
36.3	95.8
36.1	114.6
36.5	173.8
36.6	173.9
36.9	158.7
36.4	169.0
36.1	149.7
36.4	139.1
36.7	140.3
36.7	173.8
37.0	132.1
36.4	105.6
36.2	122.5
35.9	146.2
37.3	108.1
36.5	57.1
36.5	59.9
36.1	76.4
36.8	131.3
37.3	99.7
36.5	75.9
36.8	160.2
37.1	137.8
36.3	176.7
36.6	302.3
37.2	182.0
37.0	157.4
36.8	137.6
36.6	239.8
36.9	256.0
36.0	315.6
36.8	179.5
37.1	163.5
36.5	174.8
36.3	168.1
37.0	122.8
36.4	46.4
36.2	61.3
36.5	93.5
36.1	175.1
36.9	170.8
37.2	184.0
36.3	200.4
37.2	207.0
36.7	340.2
37.3	204.8
36.3	139.9
37.2	110.7
36.4	144.7
36.9	260.5
36.2	213.2
37.1	50.8
37.3	87.5
37.2	124.6
37.0	197.4
36.7	238.4
36.5	176.5
36.4	274.1
36.9	309.8
36.7	328.4
36.1	358.8
36.6	275.5
36.2	398.0
36.8	424.3
36.9	347.5
35.9	436.5
36.7	368.1
36.4	329.8
36.5	294.7
36.6	240.3
37.0	189.1
36.2	233.9
36.9	149.3
36.4	2.3
36.6	40.6
36.9	102.0
36.5	152.8
37.1	116.2
36.4	165.4
37.1	142.5
36.0	263.5
35.9	262.6
36.6	111.2
37.0	266.5
36.3	306.5
36.9	348.4
36.5	327.5
36.8	452.8
37.1	442.0
36.3	373.8
37.8	348.4
36.6	332.9
36.5	285.4
36.2	203.5
37.4	238.8
36.1	97.7
37.9	151.0
36.5	184.4
36.4	231.4
36.2	306.0
36.4	255.6
36.6	255.1
36.2	302.9
36.3	264.7
35.5	376.5
35.9	309.4
36.2	394.3
36.6	327.0
36.4	338.7
37.6	296.6
35.8	266.3
36.2	240.6
36.7	203.8
36.5	150.8
36.2	105.8
36.9	112.1
36.2	60.2
37.1	88.9
36.6	96.6
36.1	168.2
35.8	161.5
37.6	167.7
36.5	183.7
36.5	198.0
36.1	224.6
37.2	215.5
37.0	127.0
37.6	114.7
36.6	149.2
36.5	114.1
36.1	163.2
36.8	141.3
36.8	175.0
36.2	148.6
36.0	142.1
36.1	129.0
36.4	90.1
36.0	70.9
36.0	67.2
36.5	93.1
36.4	121.5
36.3	150.9
36.9	179.4
36.4	143.0
35.9	149.2
36.0	177.3
36.7	177.4
35.6	154.4
36.1	181.6
36.1	181.0
36.7	181.3
36.0	165.7
36.1	152.2
36.0	147.0
35.8	131.3
36.4	112.8
35.3	101.2
35.8	97.2
36.0	60.7
36.9	78.8
36.8	49.9
35.3	73.1
35.9	75.5
36.2	81.1
36.5	91.2
35.7	83.3
36.7	98.7
36.5	147.4
36.5	138.6
36.4	129.7
35.5	148.5
36.4	148.1
36.1	139.6
36.0	123.7
35.8	134.0
36.1	121.0
36.1	120.3
37.0	105.9
36.0	74.2
35.9	87.9
36.6	77.1
36.2	81.2
36.6	70.1
36.1	51.2
35.6	65.2
36.1	69.3
35.5	111.0
36.4	91.5
36.6	108.4
35.7	97.0
35.9	114.3
36.0	113.9
35.7	124.0
36.0	129.1
35.7	113.9
35.6	106.9
35.8	110.8
35.7	142.3
36.4	112.5
35.9	108.6
36.0	103.6
36.3	78.9
36.6	69.9
36.8	74.0
35.6	67.7
35.9	43.1
35.5	37.8
36.1	67.6
36.2	61.0
36.0	77.3
36.1	83.5
35.8	61.8
36.1	93.8
36.4	82.4
36.1	105.0
36.1	110.3
36.1	76.8
36.3	113.8
35.6	98.6
36.5	225.9
36.2	106.5
35.5	118.7
36.6	86.0
35.8	93.7
36.4	100.1
36.3	54.6
35.3	75.2
36.1	66.6
36.5	49.6
35.7	45.4
35.6	22.0
35.8	111.5
35.9	83.0
36.0	104.2
35.6	87.6
36.1	116.8
36.0	127.3
35.6	120.4
36.3	122.0
35.3	119.0
35.9	149.1
35.4	129.3
36.0	149.6
35.5	69.2
36.0	124.6
35.4	101.0
35.8	141.5
35.9	74.3
36.4	62.3
35.8	73.2
36.1	56.1
35.9	49.2
35.2	27.4
36.0	59.3
35.4	57.2
36.0	82.1
35.6	77.6
35.4	92.4
35.9	93.7
36.3	107.6
35.9	101.7
35.4	101.2
35.7	105.1
35.9	92.7
36.3	116.4
35.5	96.6
36.0	96.7
35.7	78.7
35.9	74.4
35.5	61.0
35.5	58.5
35.7	54.4
36.0	44.1
36.0	30.4
36.2	31.6
35.6	39.7
36.1	57.7
36.0	65.5
35.0	62.3
35.7	79.3
35.8	90.7
35.9	94.1
35.6	97.4
35.8	75.4
35.3	97.6
35.9	89.4
35.7	74.4
36.4	99.1
36.2	85.1
36.4	125.1
35.5	85.9
35.6	87.5
35.7	76.0
35.7	60.0
35.4	59.9
35.7	50.1
35.8	50.6
35.6	31.8
35.4	36.8
35.9	62.2
35.3	50.2
35.2	61.3
35.7	76.6
35.3	85.5
35.8	87.5
35.3	92.7
35.8	92.9
35.5	103.8
36.0	99.1
35.5	85.0
36.1	100.5
35.6	115.6
36.8	92.9
35.9	78.0
36.2	91.2
35.8	78.0
36.1	62.3
35.7	53.3
35.7	56.4
35.6	30.6
35.8	22.0
36.1	45.6
36.3	40.3
35.8	42.1
35.6	50.5
36.2	57.5
35.7	94.1
36.1	80.0
35.9	72.7
36.2	110.3
35.2	95.5
35.9	143.4
35.5	96.5
35.3	72.4
35.3	91.8
35.9	95.3
35.7	54.2
35.8	88.2
36.3	62.6
35.7	27.6
35.4	91.5
36.0	98.9
35.3	162.9
35.9	145.0
35.6	176.2
36.9	172.8
35.6	186.3
35.8	159.6
35.6	191.9
35.2	205.5
35.9	190.8
35.7	159.9
36.7	171.4
35.4	144.3
36.5	134.6
35.6	130.0
36.6	125.9
35.8	102.0
35.9	78.8
35.9	63.5
35.8	47.0
36.1	53.8
35.8	54.9
36.3	54.6
36.0	76.6
35.9	72.6
35.7	72.0
35.9	92.9
35.5	128.7
36.0	147.0
36.0	144.3
35.3	115.2
35.4	101.0
35.5	118.7
35.9	130.3
35.8	129.6
35.8	128.0
35.6	110.2
35.7	96.5
35.6	102.6
35.2	84.7
36.6	74.7
35.7	60.1
35.3	71.9
35.8	20.1
36.0	36.2
35.4	53.3
35.9	41.0
35.5	38.2
36.1	45.1
35.2	56.3
36.6	114.7
35.3	75.5
36.9	98.1
36.5	95.0
36.1	78.6
35.8	100.4
35.4	95.0
36.0	80.0
36.0	128.5
35.2	88.3
35.6	77.9
36.0	58.4
35.1	71.7
35.7	108.5
35.3	83.4
35.7	47.1
36.0	42.3
35.2	41.3
36.1	45.5
35.7	50.9
36.1	65.5
35.3	66.3
35.7	85.4
35.6	97.4
35.4	79.3
35.4	83.4
35.9	81.6
36.2	113.6
35.5	102.2
35.5	123.3
35.2	117.4
36.9	91.6
35.5	95.7
35.9	90.7
35.5	74.5
36.1	73.0
35.3	89.6
36.0	73.1
35.8	19.6
35.4	41.6
34.8	40.1
35.8	21.8
35.2	68.2
35.2	61.3
35.5	69.5
35.2	92.6
35.8	101.4
35.5	53.6
35.1	96.4
35.6	50.4
35.9	69.0
35.7	58.1
34.7	170.1
35.4	108.2
36.1	77.9
35.5	38.0
35.7	41.8
35.5	84.4
35.2	38.4
34.8	53.2
34.9	71.8
35.4	54.1
35.0	80.4
35.1	92.1
35.0	70.0
35.6	68.9
35.0	44.7
35.5	73.0
35.2	91.9
35.8	66.7
35.6	40.6
35.2	107.0
35.7	68.8
35.0	101.2
37.3	146.8
35.1	199.0
37.5	207.4
36.3	289.3
36.9	300.6
36.3	222.2
36.8	212.4
36.5	468.1
36.6	383.9
36.5	436.2
35.6	368.9
36.7	462.4
36.0	472.0
36.5	460.6
35.8	326.3
36.9	321.2
36.1	334.6
36.6	289.0
35.9	229.0
36.4	237.7
36.7	173.8
36.0	127.7
37.3	86.8
36.3	54.6
37.2	68.2
37.1	62.2
37.3	81.9
36.4	96.3
37.1	158.1
37.2	201.5
35.9	352.3
36.8	345.7
36.4	339.5
37.4	412.9
36.3	435.0
37.6	424.0
37.5	345.7
38.0	362.2
36.8	311.9
37.1	372.0
37.6	327.5
36.8	250.4
37.3	166.9
36.3	157.8
37.0	123.6
37.0	111.8
37.4	156.1
36.7	207.3
36.8	202.6
36.9	137.6
36.4	222.9
37.4	211.9
37.6	370.0
37.8	328.1
37.2	224.4
36.5	180.3
36.0	186.5
37.1	260.0
36.3	167.7
37.0	55.9
36.5	118.4
36.3	137.1
36.1	224.2
36.4	242.0
36.2	277.7
38.2	277.5
35.9	268.1
36.8	283.3
36.6	250.9
36.8	225.0
37.5	196.5
36.5	168.1
37.0	165.0
35.8	170.6
37.5	162.2
36.7	161.3
37.6	155.6
35.8	81.0
37.0	81.8
36.6	82.4
36.3	81.3
36.9	42.7
35.5	57.9
37.7	79.5
37.2	103.0
37.3	127.2
37.2	156.8
37.0	144.8
37.1	144.2
36.5	139.5
36.8	175.5
36.4	173.1
37.2	211.5
35.8	105.2
37.4	178.0
36.1	125.7
36.5	69.3
36.4	155.3
36.8	169.9
35.8	203.0
37.5	67.7
36.3	84.3
36.0	124.8
37.2	131.0
36.3	147.4
37.2	142.9
36.0	159.5
37.0	189.2
35.9	202.2
36.8	210.1
35.9	128.5
36.4	122.1
35.6	119.3
35.8	132.5
37.1	84.1
36.1	32.2
36.0	40.8
36.6	85.2
36.3	140.6
35.9	144.7
36.8	211.4
36.2	190.1
37.1	171.1
36.1	303.9
36.4	239.7
35.8	203.3
36.8	197.7
35.7	210.4
36.2	168.7
36.6	153.7
37.0	146.8
35.9	136.8
35.9	65.2
37.1	118.1
36.7	130.5
35.9	96.5
36.0	82.9
35.9	59.9
36.2	61.8
36.7	57.4
35.3	74.8
36.5	113.5
35.9	106.1
35.8	118.0
36.3	136.4
35.6	127.9
36.6	154.9
36.0	153.2
35.4	135.2
36.3	137.4
36.1	99.8
36.8	133.9
36.8	121.2
35.4	109.8
35.5	109.5
35.8	85.3
36.4	78.2
35.9	78.2
36.0	52.7
35.9	50.7
35.2	60.0
36.8	100.8
36.7	96.7
36.8	150.0
37.5	167.0
36.8	253.7
37.2	269.3
36.9	386.7
37.7	432.5
37.1	446.7
37.6	494.4
36.5	554.8
37.4	446.4
36.4	375.5
36.8	380.4
37.4	351.6
37.3	295.5
37.6	311.2
36.9	255.3
37.5	183.2
36.6	94.1
37.5	127.5
36.2	122.7
37.4	126.4
36.0	161.7
37.5	248.7
36.4	267.6
36.9	203.2
36.8	205.1
37.0	288.0
36.4	293.3
36.3	243.7
37.0	204.3
37.2	259.5
36.7	269.8
36.4	218.3
36.9	277.4
36.2	180.0
36.7	144.2
36.0	213.2
37.9	131.2
36.8	133.0
37.5	98.3
35.8	85.9
36.6	75.0
37.0	93.0
36.8	106.6
37.2	147.3
36.6	119.8
36.6	142.3
36.4	147.7
36.8	165.3
36.5	129.3
37.0	186.2
36.0	127.7
36.8	137.0
36.6	170.4
36.8	150.8
36.6	153.4
36.3	138.5
36.1	140.6
36.4	121.6
36.1	157.5
37.0	106.1
37.2	117.7
35.8	101.8
36.8	59.8
36.8	44.6
35.9	78.9
36.4	108.8
36.4	145.3
36.7	117.0
37.1	142.8
36.2	152.5
35.9	141.0
35.9	163.7
36.0	179.9
36.4	116.3
36.7	165.2
36.1	147.2
36.9	150.1
35.3	186.3
36.6	155.5
35.6	138.5
36.4	131.5
36.2	143.2
36.1	98.1
36.8	112.1
35.7	78.9
36.9	100.4
36.3	71.2
36.2	89.0
37.3	67.8
35.3	103.9
36.3	92.6
35.3	112.3
35.6	117.7
37.1	122.5
35.6	141.4
36.8	119.2
35.8	161.8
37.3	148.4
36.4	106.3
36.5	98.0
35.3	116.5
36.1	121.7
36.1	93.8
35.8	115.4
36.4	80.7
36.1	150.4
36.7	93.5
36.4	64.8
36.7	59.1
35.9	148.7
36.8	224.7
35.2	177.8
37.0	119.6
36.6	76.5
36.1	66.0
36.5	113.3
35.8	134.2
37.1	186.5
36.3	169.1
36.1	185.5
35.6	283.1
36.4	280.8
36.7	266.6
35.7	266.3
36.8	176.7
37.2	217.5
36.1	204.6
36.2	202.7
35.8	145.2
36.4	181.7
36.5	163.4
37.2	63.0
35.5	69.6
37.0	85.3
35.6	162.6
37.0	185.0
35.5	170.1
37.2	242.4
36.2	215.5
36.7	298.1
35.9	249.6
35.8	199.8
37.1	237.0
36.0	299.0
35.9	257.9
35.6	142.3
36.6	158.1
35.3	147.5
37.1	174.1
35.8	229.5
35.6	97.6
36.4	87.7
35.3	106.1
36.5	89.0
35.4	55.2
36.2	96.3
35.9	105.9
37.1	176.0
35.8	156.1
36.6	194.8
35.3	238.7
37.1	222.2
35.5	271.6
35.8	254.1
35.5	263.8
36.2	280.8
36.3	298.7
36.1	238.5
37.1	289.9
36.1	225.0
36.2	239.1
35.1	211.8
35.7	208.3
35.3	185.4
36.9	171.0
35.8	138.0
35.7	100.2
36.9	81.2
36.0	76.5
35.2	100.9
35.5	121.0
36.6	139.1
36.1	138.3
36.1	145.6
35.3	188.7
37.1	191.3
36.0	207.4
35.8	187.3
35.5	211.5
35.7	243.2
36.5	214.6
37.2	230.8
35.3	218.3
35.7	184.1
35.7	172.0
35.5	139.9
36.1	171.5
35.2	205.2
35.9	210.4
35.3	99.4
36.4	156.4
35.5	121.7
35.8	76.2
35.2	95.4
36.2	143.7
35.9	145.2
35.0	181.7
35.7	205.4
35.8	196.0
35.1	196.7
36.6	196.1
35.7	238.3
36.1	209.7
35.7	175.5
36.1	188.1
35.4	156.8
34.7	166.2
35.8	201.6
36.2	106.8
35.9	71.3
35.9	54.0
36.0	34.7
35.3	76.7
35.2	99.0
35.1	115.4
35.1	166.2
35.6	157.8
35.4	187.8
35.1	195.4
36.2	224.6
35.5	134.1
34.4	198.1
37.1	191.6
35.7	165.3
35.9	207.2
35.8	123.4
35.1	121.5
35.7	125.4
34.8	144.8
36.4	107.6
35.7	111.7
36.0	130.4
35.6	100.3
35.4	135.7
36.0	133.0
34.9	164.9
35.8	159.9
35.0	197.4
35.3	232.6
35.6	203.6
34.8	160.8
35.2	155.9
36.0	208.1
35.6	209.9
35.1	158.2
36.1	186.5
35.1	171.6
36.3	175.2
35.3	226.2
34.6	113.4
35.8	168.4
35.2	178.3
35.3	124.9
37.0	82.6
36.0	97.5
37.1	117.9
36.3	183.5
36.4	295.8
36.2	338.3
36.7	340.7
37.2	300.9
37.0	300.2
36.8	336.6
37.0	439.6
36.5	500.9
36.3	542.9
37.7	518.7
36.9	496.6
37.4	260.8
35.5	449.9
36.3	388.9
36.7	355.9
36.1	361.7
37.5	226.1
36.5	237.2
37.0	181.5
36.2	131.8
37.7	77.6
36.5	111.8
37.4	162.5
35.8	225.5
36.7	231.7
36.1	271.6
37.1	178.3
36.1	149.5
36.3	182.5
36.4	201.6
36.2	255.6
37.1	232.8
35.7	393.0
38.1	371.2
36.3	355.6
37.1	257.1
37.2	301.4
35.9	258.3
36.8	420.5
36.2	142.2
36.9	177.3
36.4	141.6
37.6	125.4
36.9	103.3
36.3	108.9
36.8	147.1
36.4	176.7
37.1	160.8
35.4	149.3
37.1	170.9
36.0	194.5
37.1	215.3
36.0	274.3
36.5	283.7
36.6	249.8
36.9	277.0
36.5	189.6
36.6	191.3
35.8	231.5
36.2	319.7
37.1	312.9
36.4	193.3
36.6	180.8
35.9	147.3
36.8	153.5
36.8	128.0
36.1	79.2
36.0	99.2
36.1	90.4
36.0	113.1
36.4	129.2
36.7	152.4
35.9	222.5
36.1	242.8
35.7	226.6
36.0	231.1
35.8	240.3
36.9	258.1
36.2	281.8
35.5	302.2
35.8	206.0
36.0	163.6
36.5	233.1
36.0	198.4
36.0	149.8
35.6	192.2
35.8	123.6
35.9	149.8
35.4	73.0
35.8	86.8
35.9	47.9
36.6	100.4
36.4	145.2
36.6	201.6
37.6	200.7
37.0	128.1
36.5	237.1
37.4	232.7
37.0	317.9
37.8	201.3
36.8	134.3
37.1	134.5
36.9	171.8
37.5	165.9
36.8	128.2
37.6	97.2
36.5	89.4
37.4	53.0
36.8	99.2
36.3	127.6
36.8	158.5
35.9	193.1
36.2	172.7
36.3	165.1
37.5	101.4
35.5	240.4
37.4	264.0
35.9	275.4
37.8	296.2
37.0	366.6
36.4	306.3
36.6	142.1
36.0	132.9
37.1	137.1
36.9	83.9
36.8	95.0
37.2	109.6
37.5	83.3
37.4	66.3
36.9	188.4
36.9	97.6
36.8	130.8
36.8	55.8
37.5	57.1
38.0	45.7
38.1	75.4
36.7	71.1
37.2	96.5
36.7	175.6
37.3	157.4
36.6	172.2
37.2	218.4
37.1	214.7
36.1	339.3
36.8	257.6
36.1	422.3
36.6	332.2
36.9	347.8
37.0	285.2
36.3	232.7
36.7	270.1
37.2	226.6
36.8	207.4
36.8	144.1
36.5	125.3
37.8	127.9
37.2	153.9
37.1	141.1
36.5	101.4
36.9	121.7
37.5	145.8
36.0	135.3
36.9	159.1
36.8	134.9
36.5	172.1
36.4	197.4
36.9	256.3
37.3	221.8
38.0	235.8
36.7	167.2
37.1	184.2
36.8	115.2
36.8	109.9
36.6	73.7
36.8	65.6
36.7	85.7
36.3	147.8
36.5	148.9
36.2	211.3
37.0	217.2
36.1	208.4
38.3	311.5
37.4	254.3
37.8	304.9
36.8	322.6
37.1	301.8
35.9	364.8
36.3	356.1
36.7	288.1
36.5	285.3
36.4	270.1
35.9	283.4
36.5	219.7
36.6	130.8
37.4	161.9
36.7	94.7
37.4	88.3
36.5	80.8
37.0	97.4
36.1	110.0
37.0	95.9
36.6	79.1
37.9	63.3
37.1	82.4
37.0	89.9
37.2	162.2
36.6	183.3
36.4	209.8
36.8	245.8
37.3	252.1
35.9	248.1
36.9	247.7
36.0	212.4
37.5	187.3
35.9	180.8
36.8	154.2
36.2	97.2
35.8	57.5
37.3	75.5
36.4	112.0
36.0	149.9
36.0	155.1
35.9	199.6
36.8	213.0
35.7	327.0
36.1	273.6
36.1	290.0
36.6	310.3
36.5	357.4
36.9	372.2
36.2	323.6
37.0	382.3
35.6	327.6
36.0	350.6
36.6	285.8
36.9	214.4
36.6	214.8
36.5	149.7
36.4	169.4
35.4	82.1
35.7	28.8
37.6	71.1
35.9	150.3
36.7	153.0
34.9	181.9
36.3	204.1
35.4	237.7
36.0	272.3
36.2	396.1
35.9	332.6
36.1	432.1
35.6	388.9
36.5	379.0
35.2	319.8
36.4	322.5
35.9	295.1
36.0	325.2
35.9	312.4
36.2	302.9
35.3	165.4
36.1	106.0
35.7	119.6
35.7	81.4
35.8	75.4
36.2	80.2
35.5	114.0
36.8	133.2
36.6	151.5
35.4	157.8
35.9	246.2
35.0	241.7
35.6	299.1
35.7	232.9
35.4	289.6
35.4	316.1
35.9	352.4
35.5	364.0
35.3	436.7
35.5	142.3
35.0	395.4
35.7	281.4
34.7	274.8
36.1	128.9
35.6	127.2
35.0	65.4
36.4	84.1
34.5	62.5
36.6	93.9
36.1	163.8
36.9	226.1
36.0	261.8
37.8	281.5
37.3	305.8
37.6	293.8
37.2	237.2
37.5	329.2
38.3	444.9
37.0	252.1
37.2	100.4
36.8	154.3
36.5	172.3
37.7	218.1
36.1	149.1
37.7	73.6
36.9	67.3
36.8	48.3
37.3	57.9
37.3	114.5
36.3	150.7
37.0	196.2
37.1	205.5
37.2	188.1
36.3	271.1
36.6	268.2
37.6	152.5
38.4	208.7
35.8	337.1
36.9	406.1
37.2	331.5
36.8	315.9
38.5	312.3
37.6	263.3
36.8	148.4
36.5	112.9
38.1	104.4
36.8	112.1
36.9	132.7
37.0	202.9
37.6	278.1
36.7	320.4
37.3	211.5
38.2	253.3
37.7	370.7
37.5	478.6
36.6	399.0
37.7	370.8
37.0	331.9
37.7	395.7
37.2	225.8
37.8	293.4
36.4	284.6
38.3	183.8
37.7	131.7
36.3	75.8
37.6	55.4
36.7	32.7
36.9	91.0
36.8	64.4
35.9	138.5
36.8	183.8
37.0	295.3
36.5	370.8
37.2	404.4
37.6	431.0
37.1	460.6
36.8	496.3
37.3	547.4
36.4	683.3
37.7	480.9
36.7	498.1
36.3	453.4
37.3	307.4
37.1	202.6
37.0	105.4
37.9	91.3
36.1	71.9
37.3	67.6
36.9	97.0
37.8	86.2
37.6	110.2
37.3	143.8
37.0	103.0
37.7	254.1
36.9	207.6
37.6	143.1
37.4	146.7
38.4	236.5
37.1	298.1
37.0	325.8
37.7	308.0
36.8	390.0
37.7	296.3
36.7	305.3
37.8	267.7
36.4	300.3
37.1	209.8
36.6	212.0
37.8	165.2
36.6	114.9
36.7	41.9
38.1	141.2
36.9	176.9
37.2	176.0
37.1	234.8
37.7	276.4
37.4	293.6
37.6	311.2
37.0	384.6
37.3	396.7
37.2	441.1
36.3	421.8
37.5	408.7
36.8	410.6
37.7	431.3
37.2	322.0
36.6	394.9
37.3	365.4
37.6	291.1
36.3	253.2
36.8	201.4
38.2	189.2
38.0	161.0
37.6	75.5
36.7	114.0
37.6	134.9
37.4	159.4
37.3	157.5
37.1	228.0
37.4	247.2
36.8	305.3
37.7	342.3
36.3	438.9
36.9	364.0
36.7	230.6
37.9	270.0
36.8	231.6
36.6	185.2
37.6	150.1
37.5	103.7
37.8	110.1
37.0	79.1
37.4	80.4
36.6	92.9
37.2	98.0
37.5	126.2
37.2	169.3
37.9	207.3
37.0	302.2
37.9	325.7
36.9	355.5
37.1	316.9
36.6	259.7
37.3	268.2
37.2	286.6
37.3	233.5
37.4	228.5
36.3	263.4
37.0	282.3
36.8	283.1
37.0	303.2
37.2	264.5
36.8	215.1
37.3	156.6
38.3	58.7
37.4	78.5
37.2	119.7
36.8	156.1
38.0	224.0
36.9	309.2
37.5	391.5
36.6	336.8
37.2	280.7
36.4	279.4
37.4	431.2
36.7	408.1
36.6	372.5
37.0	364.4
37.1	320.5
36.8	307.8
37.3	251.6
37.3	227.4
36.8	194.9
38.3	154.4
37.3	63.0
36.0	96.4
37.1	129.9
36.5	137.2
36.8	200.6
37.1	232.9
37.3	235.9
37.5	210.8
37.1	365.2
36.3	372.2
37.0	348.2
36.6	408.7
36.8	412.8
36.6	373.6
36.4	395.5
37.5	386.6
37.4	347.9
38.0	332.4
36.6	257.3
36.6	247.2
37.1	236.7
36.7	200.1
37.5	159.6
36.3	37.9
36.7	86.8
36.7	125.2
36.5	191.8
36.4	196.8
36.6	235.4
36.6	273.5
35.9	363.2
36.3	317.0
35.7	382.7
37.7	479.0
36.2	392.6
36.8	472.9
36.3	500.0
37.2	425.2
36.6	405.7
36.2	309.2
36.3	358.9
36.2	243.0
37.0	296.8
35.6	250.6
36.0	194.0
35.3	98.6
36.6	123.0
35.9	156.6
36.6	254.6
35.9	142.0
36.2	297.6
36.7	288.4
36.0	341.6
36.6	395.6
36.0	342.1
36.5	349.5
35.9	409.3
36.8	402.9
35.3	522.6
36.3	422.6
35.7	402.2
36.8	291.0
35.0	385.2
36.4	236.3
35.8	231.9
35.0	183.7
36.7	190.5
35.5	133.4
35.5	92.5
35.5	152.4
35.2	159.0
35.7	139.5
34.9	242.4
35.2	221.3
35.6	211.4
36.0	374.0
35.8	358.2
35.8	468.8
35.8	391.0
35.9	320.8
35.8	408.6
36.0	367.2
35.9	368.6
35.2	367.5
35.8	387.4
35.6	358.3
35.8	317.2
35.2	212.9
35.7	251.9
36.0	180.1
35.3	118.1
35.3	21.2
35.5	78.2
34.7	120.5
35.6	141.3
35.0	178.7
35.5	256.3
34.9	287.8
35.9	247.6
35.4	432.3
35.1	337.1
35.1	329.2
36.0	330.3
34.6	467.2
35.8	399.0
35.0	355.9
35.1	312.3
35.3	436.6
35.2	366.5
35.1	318.8
35.4	221.5
35.5	118.3
34.4	126.2
35.5	88.4
35.3	51.3
35.3	104.0
34.9	188.7
35.1	234.3
35.2	241.9
34.8	331.5
35.5	260.3
35.6	377.8
34.9	427.0
35.3	341.3
34.7	147.4
35.4	363.6
35.9	265.5
35.4	301.6
35.1	279.4
35.1	215.4
35.4	170.9
35.5	72.2
35.8	88.3
36.2	93.9
36.3	187.1
35.8	149.4
35.6	138.3
36.2	141.4
35.7	137.1
36.1	121.2
35.1	122.7
35.7	194.6
35.6	164.5
35.0	116.1
35.4	130.8
35.3	99.3
35.9	44.9
35.3	118.2
35.3	132.2
35.3	116.1
35.5	165.8
35.4	245.2
35.2	244.6
35.6	262.0
35.8	267.0
34.6	252.1
35.7	297.4
35.6	360.4
36.6	381.2
35.3	393.8
35.7	332.4
35.4	267.1
35.8	305.8
35.6	274.7
36.4	241.5
35.8	202.9
34.9	168.7
35.7	76.8
35.0	41.8
35.8	85.3
35.5	114.5
35.6	127.7
35.2	153.2
35.5	281.9
35.2	278.2
35.9	253.3
35.1	306.9
36.0	406.2
35.5	307.2
35.3	183.6
35.7	187.1
35.5	231.2
35.5	253.9
35.7	324.4
35.5	235.1
35.6	246.7
34.8	188.5
35.5	167.6
35.6	122.8
34.6	39.6
35.4	71.4
35.2	103.2
35.8	81.4
35.4	92.6
35.5	104.7
35.2	200.6
35.1	161.2
35.6	119.2
35.0	177.2
35.6	192.5
34.6	273.4
35.0	307.0
35.3	175.0
35.7	201.6
34.5	117.3
35.4	147.9
35.1	95.8
35.1	115.9
34.7	110.6
35.3	56.6
35.5	85.4
35.4	158.0
35.2	203.9
35.5	216.9
35.2	226.2
35.6	281.2
35.2	260.2
35.1	223.3
35.2	270.4
36.3	258.8
35.5	336.8
35.6	296.9
35.8	303.6
35.2	296.9
35.5	152.3
35.0	190.4
35.4	185.0
35.4	130.6
35.2	109.6
35.4	216.0
35.3	101.8
35.3	56.1
35.5	108.5
35.2	143.9
35.8	168.2
35.4	205.3
36.7	244.0
35.6	278.4
36.3	264.7
35.6	356.1
35.6	228.5
35.0	292.8
35.0	279.7
35.7	257.4
35.7	309.4
34.8	318.1
34.8	305.0
35.8	368.1
35.0	267.3
35.4	275.5
34.9	157.4
34.9	163.8
35.1	90.8
35.4	82.4
35.3	35.7
35.8	69.3
35.5	130.7
34.9	147.5
35.5	203.1
35.3	219.2
35.0	257.2
35.0	276.7
35.5	336.9
35.6	332.2
35.2	305.1
35.1	361.4
35.7	245.6
35.3	279.2
35.0	236.5
35.1	223.6
35.1	180.2
35.4	235.8
34.7	195.0
35.1	267.7
34.7	92.1
35.0	99.7
35.2	143.3
35.1	178.7
34.9	148.8
34.8	167.8
35.6	171.9
35.1	193.4
35.7	187.8
34.8	241.3
34.8	211.5
35.0	292.0
35.3	163.2
35.0	140.9
35.7	145.5
34.9	140.6
35.3	116.4
35.3	104.6
34.8	100.8
35.3	112.6
34.8	72.4
35.4	66.6
35.5	22.2
35.9	69.5
34.9	82.6
35.3	100.3
35.1	129.5
35.5	155.4
34.8	125.3
35.5	91.8
34.9	115.4
34.9	96.9
34.9	144.2
35.0	131.1
34.8	141.2
35.5	139.7
35.6	119.4
35.5	155.4
35.4	122.4
35.2	95.0
35.0	231.4
34.7	131.4
35.2	125.2
35.6	81.3
35.4	100.4
35.3	49.1
35.0	14.2
35.7	99.6
35.0	122.4
35.5	150.5
35.6	181.7
35.3	292.9
35.3	170.6
34.5	216.9
35.5	291.8
35.1	229.9
35.6	283.2
35.1	270.8
35.4	251.3
35.3	225.5
35.0	228.4
35.5	225.4
35.1	210.6
35.4	161.3
35.4	137.4
35.4	76.9
34.6	85.0
34.8	82.5
34.6	21.6
35.4	61.5
35.0	91.6
34.9	196.5
35.2	208.3
35.2	135.5
35.3	168.0
34.7	137.5
35.0	148.2
34.9	161.9
35.4	140.3
35.3	221.2
35.4	236.9
35.3	309.1
35.3	307.3
34.9	224.2
35.2	244.4
34.6	179.2
35.8	156.7
35.0	99.0
35.2	70.0
35.5	5.2
35.5	18.4
35.4	109.4
34.8	118.1
35.0	134.8
35.4	116.8
35.8	119.6
34.7	201.4
34.9	272.5
35.0	320.7
36.0	201.3
35.3	310.6
35.0	362.3
35.0	149.8
35.5	184.2
35.4	215.5
35.4	166.3
34.7	140.1
34.7	89.0
35.3	114.0
35.5	97.8
34.8	64.3
35.6	53.9
34.9	76.0
35.4	103.8
35.4	129.1
34.7	150.6
35.0	181.4
34.9	242.3
35.8	245.9
35.4	305.6
34.8	221.5
35.1	290.2
34.9	265.4
34.4	286.8
34.9	342.3
34.7	373.3
34.8	181.0
34.7	161.0
36.1	73.2
35.9	84.0
35.9	100.0
35.7	138.4
35.8	188.5
35.5	316.1
35.8	286.7
36.0	313.3
35.4	252.2
37.0	273.8
35.5	323.7
36.6	244.0
35.8	224.4
36.6	250.4
35.5	226.5
36.2	177.9
35.8	111.0
35.8	69.9
35.5	79.7
36.6	114.3
36.3	159.6
35.9	139.2
35.4	121.0
35.6	155.1
35.3	216.6
36.7	299.5
35.3	369.1
36.0	397.4
35.6	347.0
35.7	324.1
36.1	345.1
35.7	280.2
35.4	314.3
35.7	286.0
36.1	239.6
35.3	185.5
36.4	175.1
35.8	131.7
35.9	108.7
35.5	18.8
36.3	58.9
35.2	95.1
35.8	116.1
35.5	170.5
35.6	222.8
35.1	266.9
36.0	270.9
35.4	241.4
35.5	288.6
36.1	358.5
34.9	436.4
36.4	437.3
34.9	323.5
35.8	281.8
35.4	219.1
35.8	213.5
34.8	278.0
35.8	156.2
35.4	159.9
36.5	110.7
35.7	87.9
35.0	27.5
35.8	48.5
35.3	167.3
35.1	182.0
35.2	161.7
35.9	202.0
35.7	322.3
34.8	270.6
35.3	399.5
35.1	363.1
35.2	371.3
35.9	334.9
35.7	429.7
35.0	299.1
35.5	162.7
34.5	154.7
36.7	129.8
36.0	39.8
35.8	65.5
36.7	63.6
37.1	108.2
37.2	149.0
36.0	101.1
37.3	91.6
37.4	127.7
36.9	98.6
37.1	100.4
37.7	92.4
36.7	104.2
36.2	127.9
36.6	202.7
37.1	316.7
35.9	215.6
37.3	168.2
36.1	74.1
37.1	88.7
37.4	122.1
37.0	141.6
36.9	134.9
36.0	125.2
37.4	225.4
36.7	264.2
37.4	242.9
36.3	321.2
36.5	317.0
36.3	376.2
37.3	369.9
36.8	318.1
37.1	296.7
35.9	233.6
37.0	262.5
37.9	210.8
37.3	161.7
36.5	122.4
36.8	94.1
37.9	150.5
37.0	193.7
36.7	194.2
37.1	193.9
37.3	263.2
36.5	305.4
38.5	341.3
36.2	393.1
36.9	337.0
36.4	284.4
36.9	381.1
36.0	295.9
36.2	332.2
37.2	271.3
36.9	321.6
36.9	333.6
36.1	219.1
37.4	144.5
36.2	165.6
37.7	30.9
35.7	100.9
36.8	132.9
36.8	162.3
36.5	165.6
36.8	178.6
37.1	239.2
36.1	229.7
36.1	265.0
36.5	254.9
36.5	265.0
36.9	271.2
36.1	261.5
37.8	202.3
35.8	215.8
36.9	176.1
36.0	187.0
37.4	162.3
36.1	131.8
36.4	134.8
36.8	101.3
37.9	63.1
35.7	143.3
37.0	140.2
36.0	143.1
36.3	174.2
36.4	182.2
36.5	151.0
36.5	226.0
36.0	260.3
36.3	320.5
35.9	232.1
36.3	241.2
35.4	317.9
36.2	355.8
36.1	245.6
36.2	260.5
36.3	251.9
37.3	188.3
36.1	168.0
36.8	122.6
35.9	120.8
36.0	73.1
36.6	67.9
35.8	139.6
36.1	203.0
35.7	218.6
37.3	275.7
36.0	273.3
36.4	261.3
35.4	383.9
36.5	349.4
35.8	262.2
36.0	314.6
36.4	233.7
36.3	168.9
35.6	164.0
36.0	140.7
35.8	109.3
35.9	63.6
35.9	22.1
35.8	18.1
35.4	169.7
35.5	255.2
35.7	280.5
35.1	306.6
36.1	243.3
35.5	160.5
35.6	69.5
35.3	109.6
35.3	175.9
35.4	207.3
36.1	195.6
35.2	170.9
35.6	230.3
36.2	206.0
35.6	251.9
35.7	228.4
35.2	158.7
35.1	201.1
35.3	119.3
35.5	171.3
35.8	27.7
35.4	59.7
35.4	87.5
35.6	138.9
35.7	110.1
35.3	131.1
35.5	292.8
34.7	225.8
35.6	248.8
35.9	111.1
35.1	217.9
35.8	201.3
35.4	172.8
35.1	79.9
35.1	86.1
35.3	79.3
35.1	49.0
34.8	74.7
34.9	60.4
34.9	67.9
35.8	114.4
35.1	151.3
35.3	157.6
34.9	212.7
36.1	227.6
35.2	197.6
35.2	253.3
35.4	302.1
35.3	369.9
35.4	253.7
35.6	287.7
36.0	216.9
35.2	192.5
35.5	286.8
35.6	298.1
35.2	158.7
35.1	165.9
35.5	119.1
35.4	108.4
35.4	43.2
35.2	50.7
35.8	83.1
35.3	82.4
35.1	120.8
35.3	139.1
35.2	187.7
34.7	131.7
36.2	183.8
35.1	187.4
35.4	215.4
34.8	264.1
35.3	250.4
35.1	205.9
35.0	223.8
35.4	241.6
34.9	163.4
35.2	194.9
34.9	161.2
35.4	100.2
35.0	109.2
35.5	74.8
35.3	104.9
35.1	105.8
34.7	102.4
34.8	135.3
35.7	136.7
35.5	177.9
35.4	191.5
34.9	216.6
34.8	253.5
34.7	247.4
34.9	225.9
34.7	209.1
35.4	209.9
34.5	243.8
35.3	178.3
34.4	153.1
34.5	124.9
34.5	123.3
35.6	108.7
34.7	82.8
35.1	6.1
35.6	61.4
35.3	99.7
35.3	181.3
35.1	148.9
34.8	165.3
35.3	185.5
34.8	186.8
34.6	208.4
35.1	234.9
34.7	198.9
35.5	178.7
35.1	164.1
35.7	188.4
34.7	277.7
35.0	209.6
34.9	216.7
34.8	198.1
34.9	133.5
34.5	106.2
34.6	78.2
35.8	3.5
34.7	72.3
35.9	112.9
35.2	140.1
35.7	204.9
35.4	232.5
34.9	278.4
35.1	294.8
35.1	288.3
34.9	364.3
35.0	303.5
35.4	316.1
35.1	361.8
36.0	275.0
35.1	273.1
35.2	297.3
35.1	196.3
35.1	182.2
35.2	170.6
35.0	98.3
35.8	91.6
35.1	78.9
34.8	109.8
34.7	98.9
35.3	151.0
35.5	196.1
35.5	184.2
35.1	199.3
35.1	180.6
35.3	140.9
34.7	77.8
34.9	74.7
35.5	52.5
35.6	150.3
35.2	86.4
34.9	74.4
35.1	106.6
34.9	135.9
35.7	144.5
35.0	135.2
34.9	142.6
36.3	179.6
34.9	188.7
35.9	209.3
35.0	239.8
35.5	205.8
34.7	201.4
35.9	155.8
35.0	213.3
35.5	145.4
35.2	149.2
35.2	180.9
34.4	107.8
34.6	92.3
34.9	47.6
35.0	59.6
35.1	110.8
35.4	96.3
35.0	102.6
36.2	129.2
35.0	133.5
35.6	117.6
35.2	137.4
34.8	137.6
35.2	202.2
35.4	162.6
35.3	182.2
34.8	110.1
35.4	89.9
34.7	140.7
35.0	85.4
35.1	67.5
35.3	92.7
35.6	85.3
35.0	84.1
35.7	90.2
34.9	139.4
35.2	124.9
35.3	161.1
35.6	154.4
34.8	175.0
35.3	211.1
35.1	132.3
34.9	128.1
35.1	168.9
34.8	129.5
34.7	174.8
35.0	170.8
35.5	146.1
34.6	129.2
35.0	138.8
34.7	88.4
34.8	62.8
35.1	79.7
34.9	109.6
35.0	127.5
34.9	187.0
34.7	163.2
34.7	139.1
35.1	185.1
35.0	68.6
35.2	118.0
34.8	155.2
35.8	146.7
34.9	133.5
34.8	153.7
35.2	118.2
35.5	91.4
34.8	84.1
34.7	71.2
34.8	64.2
35.2	61.6
35.1	88.1
34.7	96.5
35.2	120.9
35.2	155.7
34.8	133.0
35.1	174.3
35.4	210.1
35.0	194.2
34.5	214.7
34.5	225.7
34.9	240.4
34.8	206.9
35.0	188.6
35.0	185.1
34.6	179.2
35.5	136.8
35.2	131.9
34.8	99.1
34.6	75.4
34.8	58.2
35.1	88.5
35.2	104.5
35.1	114.2
35.0	128.3
34.5	145.5
34.7	162.1
34.9	183.2
35.0	184.4
35.0	190.7
35.1	209.7
34.4	177.0
35.4	205.9
34.5	165.6
35.2	161.6
35.0	151.7
35.1	121.6
34.7	103.6
34.7	83.1
35.2	29.1
34.6	75.3
34.9	69.2
35.4	79.8
34.6	93.6
34.7	89.7
35.6	82.0
35.0	173.2
35.0	170.5
35.1	200.6
35.0	185.4
34.5	214.4
34.8	195.4
34.8	174.0
34.5	128.3
35.2	131.2
35.0	129.2
35.1	92.3
35.2	44.4
34.7	90.3
35.3	103.1
35.4	135.6
35.0	164.9
35.5	171.5
34.9	215.7
34.8	166.3
34.3	164.3
35.2	205.3
34.4	219.9
34.6	223.6
34.4	193.7
34.6	172.4
34.7	160.8
34.4	133.5
34.8	119.2
34.6	67.6
35.0	5.7
35.4	49.3
34.7	72.9
34.8	79.9
35.0	110.7
34.3	122.7
35.2	121.4
35.0	162.5
34.7	151.9
34.5	197.9
35.2	176.2
35.4	156.5
34.9	75.8
34.5	113.4
34.7	65.7
35.0	48.9
34.5	46.7
34.8	46.0
34.8	44.1
35.2	53.4
35.1	123.3
34.6	125.4
34.5	153.4
34.4	188.1
34.4	152.1
34.5	194.7
34.7	240.3
34.6	196.5
34.7	204.1
34.7	177.2
34.6	220.2
34.4	152.4
34.8	145.1
34.4	129.8
35.1	92.7
34.4	39.9
34.4	70.6
34.8	96.1
34.8	120.7
35.1	171.9
34.7	213.8
34.4	200.9
34.2	232.7
34.5	227.2
34.3	284.3
34.6	244.6
34.4	290.3
34.8	243.5
34.8	220.7
34.6	223.4
34.4	206.2
34.9	151.8
34.3	136.7
34.6	96.2
34.7	46.3
34.4	64.2
34.5	95.8
35.5	114.2
34.6	183.2
34.8	197.4
34.1	232.7
35.1	241.2
35.0	189.0
35.3	213.5
35.0	249.8
34.9	304.7
35.1	233.6
34.5	299.2
35.0	225.1
34.2	198.3
34.6	165.9
34.4	155.5
34.9	93.8
35.0	55.1
34.9	103.6
34.9	128.0
35.1	103.3
34.8	172.6
35.3	168.2
34.5	208.1
35.2	148.2
34.9	180.5
34.7	208.7
35.5	130.3
34.5	110.2
35.2	110.6
35.1	99.3
34.5	151.2
34.6	98.2
35.2	69.0
35.3	39.2
34.5	61.4
36.1	87.7
34.8	98.9
34.3	154.4
34.9	143.3
35.1	128.7
34.4	209.2
35.2	146.3
34.4	171.2
34.9	188.0
34.3	174.9
34.3	166.2
34.2	172.1
34.9	164.2
34.8	133.7
35.0	91.9
34.8	80.0
34.9	79.2
34.8	85.0
34.9	113.7
34.6	150.4
34.9	105.1
34.8	185.8
35.2	176.2
35.0	214.4
34.7	144.7
34.4	161.1
35.5	99.9
34.8	80.7
34.9	147.8
34.7	123.6
34.6	101.9
34.7	94.9
35.2	58.8
35.4	64.6
34.8	100.4
34.7	127.5
34.6	141.9
34.7	166.5
35.0	204.0
34.6	228.6
34.6	270.7
35.1	288.9
34.4	281.7
34.9	277.7
35.5	259.5
34.6	303.1
34.7	289.6
34.4	237.2
34.7	191.9
34.8	182.2
34.3	145.4
34.8	58.4
34.6	77.8
35.1	113.4
34.9	130.7
34.8	142.6
35.2	210.8
34.4	262.8
35.0	251.3
34.2	245.7
35.0	313.4
35.1	269.8
34.5	206.8
34.8	267.5
35.0	149.8
34.7	187.6
34.9	208.3
34.7	199.7
34.6	91.8
34.8	46.2
34.9	81.4
34.6	111.3
34.5	132.8
34.2	182.0
35.1	205.5
34.4	204.8
34.9	236.6
34.8	275.5
34.7	216.3
34.3	278.5
34.9	224.2
34.8	261.0
35.0	211.2
34.9	238.3
34.3	188.1
34.5	178.2
34.6	114.7
34.6	123.3
36.0	32.2
34.7	73.8
34.8	111.8
34.5	157.1
34.7	160.7
35.1	158.6
34.6	227.8
35.0	217.9
35.1	186.3
35.1	121.0
34.5	89.9
35.2	90.6
34.6	96.3
34.3	186.7
34.3	156.2
35.3	115.1
35.1	148.8
35.2	138.9
34.8	79.3
35.0	33.5
34.8	80.6
34.8	119.9
34.7	135.3
35.2	174.6
34.9	205.6
35.5	196.1
34.5	183.7
34.7	207.4
34.9	230.8
34.8	149.5
34.8	242.3
34.0	183.1
34.1	185.9
34.4	166.8
34.7	132.9
34.7	111.1
34.8	95.2
34.2	68.4
34.6	39.7
34.8	63.5
35.1	107.4
34.9	116.7
35.3	138.8
34.6	136.2
34.4	177.2
34.8	162.7
35.7	189.6
34.1	176.8
34.9	164.6
34.5	178.3
34.4	153.7
34.8	159.1
35.0	156.8
34.9	168.8
34.6	108.1
34.6	88.2
34.5	96.4
35.1	61.7
35.3	49.4
35.1	95.9
34.4	93.8
35.1	131.8
34.4	149.3
34.8	180.2
34.5	173.0
34.9	187.7
34.6	151.7
34.8	172.1
34.8	166.3
34.6	175.5
34.5	135.7
34.5	158.6
34.1	126.4
34.5	110.7
34.5	84.5
34.4	30.4
34.7	43.3
34.8	75.3
34.9	67.0
34.8	101.1
35.0	91.9
34.1	102.5
34.5	69.5
34.7	88.5
34.8	56.0
34.5	77.3
34.4	85.8
34.5	63.1
34.4	60.9
34.6	50.7
35.6	64.3
34.7	69.7
34.6	60.7
34.6	70.2
34.7	70.2
35.5	69.9
35.0	102.7
34.5	77.2
34.8	97.3
34.7	91.6
34.3	88.8
34.4	68.2
34.2	88.7
35.0	63.6
34.5	69.5
34.7	69.2
34.6	30.4
34.6	28.5
34.8	34.0
34.7	76.9
34.6	54.8
34.7	53.4
34.6	75.0
34.7	61.3
34.8	79.7
34.3	81.0
34.4	71.3
34.8	71.1
34.3	62.5
34.8	72.0
34.3	69.8
34.7	52.1
34.3	36.9
34.6	20.1
34.6	39.0
35.0	44.7
34.8	36.0
34.9	55.3
35.0	64.7
34.3	61.5
34.8	71.8
34.4	53.9
34.7	82.7
34.4	79.9
34.7	67.7
34.4	81.0
34.9	67.2
34.8	95.2
34.6	76.6
34.7	71.0
34.5	60.9
34.2	55.8
34.6	61.7
35.3	68.7
34.9	71.9
34.4	68.9
34.5	69.0
34.6	60.5
35.0	52.6
34.5	83.2
34.6	73.2
34.5	83.8
34.7	83.5
34.2	95.4
34.3	62.1
33.9	82.2
34.5	67.1
34.9	65.6
35.1	42.7
34.1	47.4
34.8	94.4
34.6	100.3
34.2	103.7
34.2	71.7
34.3	92.2
34.3	108.0
34.4	115.2
34.4	104.5
33.9	74.1
35.3	61.7
34.3	61.8
34.7	51.5
34.0	57.1
34.7	29.9
34.5	32.7
34.7	45.0
34.4	38.5
34.5	29.3
34.0	31.5
35.2	37.0
34.6	31.9
34.2	42.4
34.2	73.8
34.3	76.2
34.5	31.9
34.3	44.0
34.5	101.2
34.5	118.3
35.2	105.6
34.1	83.4
34.8	90.5
34.5	94.8
34.2	106.1
34.8	103.8
34.8	100.9
34.8	86.6
34.8	60.3
34.6	54.9
34.5	44.5
35.0	65.0
34.7	93.8
34.7	79.2
35.2	79.1
35.2	113.3
34.5	103.4
34.4	119.7
34.5	88.0
34.6	93.0
34.2	85.1
34.1	73.2
34.2	72.3
34.6	57.6
34.2	47.7
35.5	3.2
34.5	103.8
35.2	84.8
35.3	76.3
35.3	77.0
35.2	90.0
35.5	102.4
35.2	98.1
35.0	112.2
35.5	102.7
34.4	112.3
35.9	25.7
36.9	69.4
36.5	67.0
36.7	102.0
35.1	73.3
37.0	97.4
35.7	102.9
37.4	101.0
36.3	128.8
36.7	167.4
36.3	148.2
36.2	136.0
36.5	118.5
36.2	109.4
35.9	94.0
36.3	87.8
35.9	76.8
36.1	68.2
35.8	27.8
36.7	49.3
36.3	107.5
37.3	74.7
36.3	70.7
37.3	72.4
36.3	87.7
36.2	94.7
36.2	108.5
37.8	78.8
36.9	88.9
36.7	87.2
35.7	66.4
36.9	70.0
36.7	50.2
35.1	60.8
35.7	23.8
35.8	23.1
36.6	34.1
37.1	35.2
36.4	28.1
36.4	47.3
36.6	38.0
37.5	38.9
36.1	48.3
36.7	52.9
36.0	56.7
36.8	37.7
37.1	53.9
36.7	47.4
36.5	39.6
36.9	68.3
36.5	80.7
36.8	79.6
36.7	101.6
37.2	78.4
36.3	97.0
37.1	89.6
36.0	74.1
37.2	73.9
36.5	61.9
36.9	61.7
36.9	29.7
36.8	35.6
36.8	53.8
37.6	43.2
37.2	76.4
37.9	83.4
37.6	59.9
37.2	63.1
37.3	51.0
36.9	65.3
36.9	64.9
37.4	67.7
38.1	60.3
37.6	60.6
37.2	49.9
36.8	61.5
37.2	50.8
36.8	48.9
37.2	38.2
37.2	37.0
36.5	39.0
38.0	47.3
37.0	45.2
37.5	37.6
36.6	45.2
38.3	44.5
38.2	41.9
37.7	73.0
37.7	53.8
37.5	52.9
37.6	44.3
37.2	41.1
37.5	31.4
38.1	32.9
37.5	31.7
37.5	32.6
38.0	30.0
37.2	45.3
37.5	52.6
37.6	54.8
38.3	52.4
37.5	48.8
37.9	53.5
37.6	46.3
38.1	29.6
37.1	30.6
37.7	28.5
36.4	42.4
37.8	54.2
37.8	57.3
37.2	48.9
37.6	61.0
37.0	68.3
36.5	67.2
37.4	64.5
37.0	52.8
37.1	58.8
38.3	30.4
37.5	32.2
37.8	30.3
37.2	25.3
37.3	36.3
37.9	28.6
37.7	42.5
36.8	40.2
37.1	35.5
37.9	35.8
37.5	33.8
37.2	27.0
37.6	26.7
36.9	21.7
36.6	16.9
37.0	21.5
37.5	32.4
36.9	23.4
37.4	46.9
37.1	41.4
37.4	47.8
37.8	43.8
36.8	57.3
36.8	47.2
37.6	51.2
37.1	55.0
36.5	66.6
37.6	64.7
37.5	42.2
37.7	42.6
37.2	43.4
37.3	35.7
36.8	41.0
36.9	75.6
37.1	34.1
38.0	31.1
38.5	37.0
37.1	43.4
37.2	51.5
37.0	31.0
36.5	28.3
38.2	37.1
38.0	37.5
37.0	40.2
37.6	33.6
37.8	44.0
37.7	35.9
37.2	29.5
37.2	22.1
36.7	37.4
37.8	40.0
37.7	43.2
38.0	35.0
36.9	47.9
37.2	39.4
37.6	44.2
37.4	46.8
37.1	36.7
37.5	36.3
37.1	37.2
37.4	27.6
37.3	17.2
37.0	32.4
37.9	48.8
38.8	68.8
38.0	78.3
37.7	74.5
37.1	54.4
37.2	42.9
37.6	41.0
36.9	39.8
37.5	42.3
37.7	42.3
38.1	32.8
37.8	30.7
37.5	21.7
37.3	37.4
37.5	35.3
37.1	42.6
37.8	46.0
37.1	33.4
37.6	35.2
38.4	39.8
37.9	31.7
37.2	54.8
36.6	42.7
36.7	54.2
37.0	46.5
37.8	48.8
37.4	16.8
37.1	19.0
37.4	19.7
38.0	17.1
37.1	11.8
37.5	10.7
37.5	9.8
38.4	14.4
37.5	18.7
37.1	13.6
37.9	15.2
37.3	15.7
36.7	13.3
37.1	28.0
37.4	49.8
37.9	39.0
37.9	44.3
37.7	48.2
37.0	49.7
38.0	15.0
37.5	28.8
38.0	49.5
37.8	96.8
37.8	75.2
37.3	86.6
37.0	61.0
37.7	89.7
37.2	75.8
37.2	75.6
38.2	96.9
37.4	40.8
37.8	32.2
37.0	46.8
38.6	51.0
37.1	38.8
37.3	42.2
37.9	48.8
37.5	43.7
37.2	61.3
37.2	59.2
37.1	61.6
37.4	63.4
37.7	68.2
37.3	69.5
37.1	59.6
37.4	68.1
37.0	68.1
37.7	62.2
36.9	91.4
36.2	115.4
37.0	135.8
38.7	144.6
37.5	119.1
38.0	101.3
38.3	132.1
37.4	110.0
37.6	107.4
37.9	35.8
37.4	49.2
38.0	66.5
36.6	73.0
38.4	76.1
37.2	94.1
37.4	121.7
37.4	125.4
37.2	132.0
37.4	127.8
36.0	115.0
37.4	118.3
37.1	102.1
38.1	43.6
36.9	38.9
37.9	52.9
36.6	64.5
38.0	74.7
36.5	72.8
36.9	74.5
37.3	83.8
37.8	77.1
37.0	83.8
37.5	63.8
37.5	64.8
37.1	54.2
38.4	35.8
38.0	44.2
37.2	54.9
37.8	61.1
36.7	69.3
37.0	68.4
37.2	64.0
37.2	84.8
37.4	69.5
37.8	81.4
37.4	69.8
36.5	55.7
38.1	51.1
37.6	25.0
37.8	37.1
37.4	51.5
37.4	70.0
37.2	71.8
37.0	91.2
36.7	114.4
36.4	123.8
37.6	120.1
37.4	121.7
37.1	136.3
37.0	114.4
37.7	104.2
36.8	52.1
37.5	66.4
37.0	89.2
37.3	100.5
37.8	88.0
37.4	92.7
37.3	104.0
37.0	103.1
37.2	106.5
37.5	116.7
36.8	91.3
37.7	83.4
37.6	29.0
37.5	42.5
37.1	41.6
36.9	61.5
37.2	62.5
36.6	60.7
37.2	53.7
37.8	69.6
37.2	62.7
37.0	57.4
37.4	68.3
37.3	61.0
38.1	14.3
36.5	20.0
37.5	32.3
36.9	53.3
37.1	40.7
36.8	58.1
37.7	55.0
36.7	58.3
36.9	77.3
37.3	60.2
37.5	73.9
36.5	74.0
36.5	65.6
37.0	42.4
37.5	42.9
37.6	55.4
37.2	44.5
37.0	56.4
36.4	43.7
36.9	55.8
37.2	50.1
36.9	50.4
36.8	45.5
36.8	43.0
37.0	35.9
36.9	29.3
36.9	46.3
36.5	52.9
36.7	57.7
36.8	74.5
36.4	71.1
36.5	78.2
37.5	79.0
36.4	83.2
36.3	80.3
37.1	64.8
37.9	67.3
37.0	7.4
36.8	14.9
36.9	24.5
36.7	30.9
36.9	36.3
36.2	43.7
37.2	38.7
36.3	44.1
36.8	53.3
36.7	52.5
37.0	38.4
36.3	41.2
37.7	38.3
37.0	36.7
37.1	19.9
36.6	24.2
38.0	33.3
36.7	32.4
37.0	46.6
36.3	56.5
35.8	44.8
37.0	43.9
36.7	41.8
37.0	37.8
36.5	35.3
36.6	33.0
36.3	10.2
36.6	6.1
36.9	20.8
36.6	27.1
37.1	33.3
36.3	47.2
36.4	47.9
36.5	42.4
37.0	51.9
36.6	44.7
36.9	54.4
36.3	46.3
37.2	35.3
36.5	56.0
36.0	46.6
36.1	48.2
36.1	81.7
36.9	100.2
36.5	90.0
36.9	121.6
36.4	57.7
37.0	52.6
37.0	59.0
37.5	69.2
37.1	54.2
36.7	62.5
36.7	53.6
36.9	55.1
36.9	53.3
37.1	48.1
37.4	49.5
37.5	46.1
36.2	62.2
37.7	92.4
36.8	67.4
36.7	57.9
36.4	60.8
36.4	53.2
37.2	44.7
36.7	27.9
36.8	27.9
36.9	24.5
36.4	35.2
36.6	33.2
36.3	42.9
36.1	29.6
37.4	42.5
37.0	34.5
36.3	29.4
37.5	24.7
36.5	55.0
36.9	60.9
36.5	63.8
36.6	63.3
36.7	61.9
36.3	29.8
37.0	30.5
37.1	36.5
36.5	43.7
36.7	46.1
36.2	51.2
37.3	42.4
36.8	45.9
35.6	36.1
36.3	26.6
35.5	14.7
35.9	16.2
35.6	19.5
36.1	19.6
36.4	23.3
36.0	12.6
36.3	47.1
36.6	43.9
36.2	47.8
36.4	54.2
36.5	51.6
35.9	42.9
36.5	41.8
35.4	20.3
35.2	24.5
35.5	28.2
35.2	33.1
35.4	36.1
35.2	34.4
35.2	43.1
35.5	35.6
35.3	25.0
35.1	31.6
35.1	31.4
35.1	33.4
35.1	34.9
35.0	32.7
35.2	19.7
35.1	22.3
35.5	15.3
35.4	17.5
35.5	27.8
35.5	28.3
35.6	26.2
36.0	27.3
35.2	27.3
35.7	25.3
35.3	18.9
36.1	17.8
35.7	13.9
35.6	9.6
35.7	11.9
35.8	12.1
35.8	20.7
36.8	76.2
36.1	85.1
36.0	78.7
36.4	62.8
35.9	68.5
36.1	52.4
36.2	47.3
35.7	45.2
36.8	56.4
37.6	71.1
36.2	68.4
35.9	92.5
36.0	98.4
36.2	87.7
36.0	113.1
36.3	86.2
36.6	33.5
37.2	29.7
37.1	50.4
38.1	44.8
36.4	50.6
37.0	37.7
37.6	38.0
36.7	48.8
36.3	28.5
36.3	28.9
37.1	18.5
35.9	20.3
37.3	19.7
36.3	27.8
36.3	37.7
37.2	43.2
35.9	43.7
36.1	41.7
36.5	45.6
37.0	45.2
37.1	31.5
35.9	26.2
37.6	28.4
37.1	24.9
34.9	-0.2
34.8	-0.3
34.8	-0.2
34.8	-0.3
34.9	-0.2
34.9	-0.2
34.8	-0.6
34.8	-0.5
34.8	-0.5
34.8	-0.1
34.8	-0.4
34.9	-0.2
34.7	-0.0
34.6	0.0
34.8	-0.0
34.7	0.1
34.8	-0.1
34.7	-0.0
34.7	0.5
34.8	-0.1
34.8	0.0
34.8	-0.4
34.8	-0.3
34.9	-1.0
34.9	-0.9
34.8	-0.8
34.9	-1.3
34.8	-0.6
34.9	-0.1
34.9	-0.4
34.9	-0.3
34.9	-0.3
34.9	-0.5
34.9	-1.1
34.8	0.0
34.9	-0.1
34.9	-0.3
34.9	0.2
34.9	-0.5
34.9	-0.3
34.9	0.1
34.9	-0.7
34.9	-0.1
35.0	-0.1
35.0	-0.7
35.0	0.1
35.0	-0.5
35.0	-0.2
35.0	-0.3
35.0	-0.6
35.0	-0.6
36.9	48.3
37.6	60.0
37.0	82.1
37.7	73.3
37.2	64.9
37.2	77.6
36.8	53.8
37.1	60.9
36.9	54.9
37.9	51.3
35.1	23.3
35.0	29.2
35.0	37.7
35.0	45.6
34.9	47.3
34.9	63.2
34.9	54.6
35.0	60.4
34.9	59.8
34.8	60.5
34.9	43.9
34.9	44.9
35.0	8.9
34.9	25.6
34.8	39.9
34.7	42.5
34.6	42.2
34.5	44.5
34.5	49.9
34.4	47.3
34.3	44.5
34.4	38.1
34.2	38.3
34.3	29.2
34.5	16.2
34.5	16.2
34.6	19.4
34.5	23.8
36.2	10.4
35.9	19.1
36.4	20.3
36.1	40.1
36.8	41.5
36.7	51.9
36.9	57.6
36.8	56.2
36.8	54.5
37.6	39.8
36.9	54.6
36.7	70.6
37.2	89.9
37.3	107.3
37.1	111.9
36.6	127.2
37.3	106.9
37.1	48.9
36.8	53.1
36.3	98.4
37.6	140.6
37.8	136.3
36.1	151.0
36.6	177.6
36.6	169.9
37.0	163.2
36.6	179.5
37.2	124.3
36.8	140.8
37.1	17.1
36.8	19.3
36.8	32.0
37.3	33.1
37.9	39.1
36.7	51.0
37.0	60.6
37.9	42.6
36.9	29.8
37.0	47.0
37.0	53.8
36.7	52.1
37.5	51.5
37.5	23.3
37.7	40.0
37.0	60.6
37.7	51.2
37.6	64.9
37.9	67.6
37.1	75.7
36.7	77.0
37.5	80.3
37.0	70.4
37.5	57.1
37.5	40.8
37.3	56.4
36.9	69.3
37.4	90.8
38.4	82.6
37.5	85.5
37.2	105.9
37.9	100.9
36.7	90.0
37.4	70.2
37.8	67.4
35.0	25.2
35.0	29.1
35.0	38.0
34.9	40.0
34.8	44.6
34.8	43.8
34.8	51.6
34.9	50.9
34.8	53.0
34.8	54.5
34.8	44.2
34.8	47.1
38.0	57.3
37.7	51.1
37.8	60.5
37.4	64.4
37.9	71.2
36.9	57.2
37.2	19.8
38.4	22.2
36.9	25.9
37.4	41.5
36.8	42.3
37.3	52.9
37.6	56.9
36.9	96.9
36.9	81.8
36.7	127.2
36.5	125.4
37.5	97.6
37.2	104.5
37.3	85.4
37.2	60.7
37.8	59.8
37.6	148.7
38.4	157.3
37.0	70.9
37.7	110.9
37.0	126.3
36.7	180.1
37.5	191.8
37.0	199.3
38.1	193.4
37.2	172.3
37.2	154.3
36.8	164.2
37.3	15.6
37.8	25.7
37.7	45.3
37.0	54.7
37.6	161.5
37.9	33.0
36.9	85.0
37.2	90.3
37.0	119.0
37.1	153.9
37.6	173.7
36.7	168.3
36.8	173.2
36.8	199.1
36.6	80.6
36.5	91.9
36.5	83.9
37.1	69.0
37.1	78.9
37.0	99.0
36.5	73.7
37.3	69.0
37.2	76.8
36.8	47.7
37.7	89.6
37.1	52.0
38.2	131.5
36.4	162.8
37.7	193.8
36.9	124.8
37.2	142.8
36.8	90.8
37.4	46.3
37.6	94.7
37.4	112.3
37.7	160.3
37.8	154.9
38.2	180.3
37.2	183.5
37.4	207.3
37.8	189.0
36.9	180.4
37.0	51.2
36.8	63.3
37.8	80.0
36.4	91.3
37.6	90.2
37.3	98.1
37.4	130.4
37.0	143.7
37.2	156.9
36.8	173.5
36.9	160.4
36.2	133.2
37.9	151.5
36.7	123.2
36.5	133.7
36.9	55.0
37.9	72.9
37.2	102.0
37.6	114.2
36.9	138.5
36.9	116.0
37.6	175.2
37.1	144.0
37.9	151.7
36.8	150.5
37.8	163.8
36.5	132.8
37.2	156.6
37.8	63.2
37.0	66.3
37.5	74.5
37.6	100.9
37.6	102.0
37.5	130.8
37.3	118.1
37.6	127.7
37.3	120.3
37.7	131.6
37.7	124.4
37.4	142.6
36.8	133.0
37.6	95.3
37.2	81.1
36.8	26.8
36.9	44.9
37.8	47.8
36.8	62.5
38.5	56.9
36.8	84.2
36.8	79.2
37.5	99.0
37.7	117.7
37.5	104.8
37.9	121.2
37.1	87.0
36.5	128.5
37.2	108.5
37.5	78.9
37.2	69.9
37.7	75.0
37.3	52.7
37.7	96.2
37.2	64.7
37.6	71.7
37.2	91.7
37.3	81.1
37.0	88.3
37.4	95.6
36.9	107.6
36.9	110.4
37.0	109.7
37.8	112.0
37.2	74.3
37.5	56.2
37.5	84.0
37.5	49.5
36.5	60.8
37.4	77.4
37.1	100.8
36.6	110.6
36.3	145.7
36.8	153.4
37.3	134.5
36.5	117.7
37.5	55.1
36.9	78.6
36.3	92.4
36.9	105.1
36.9	110.4
37.0	121.6
36.2	144.4
36.3	104.1
37.7	90.5
36.8	46.3
37.7	38.8
36.6	41.9
37.1	49.7
36.6	61.8
37.4	59.2
36.4	54.5
36.9	119.2
36.7	40.3
36.9	71.9
36.6	90.8
36.6	97.1
36.9	122.8
37.0	133.5
37.0	141.5
36.8	140.0
36.9	137.9
36.8	149.9
37.0	150.6
36.2	147.3
36.7	159.9
36.5	127.2
36.8	25.5
36.7	32.8
36.5	50.4
36.3	70.9
37.0	61.4
37.0	102.6
36.5	103.0
36.4	96.7
37.3	129.6
35.5	108.8
35.8	123.4
37.0	119.6
36.3	145.7
36.2	105.6
37.1	109.3
36.7	81.4
36.7	43.8
37.1	39.9
36.8	47.0
35.9	51.8
37.0	45.4
37.2	50.4
37.3	68.4
36.9	88.8
37.2	81.8
37.1	55.0
36.5	47.5
37.0	197.2
36.3	226.1
36.2	216.2
36.6	159.0
36.7	166.3
36.6	143.4
37.0	18.7
36.6	37.7
37.0	52.0
37.0	69.8
37.5	88.8
37.1	146.5
36.7	139.2
36.3	141.6
36.3	179.9
36.7	187.2
37.0	160.1
36.4	132.6
36.5	134.8
37.2	83.2
37.1	95.9
37.1	85.4
36.5	84.8
37.1	47.3
37.1	77.0
37.2	76.5
36.8	99.7
36.8	85.7
35.9	107.3
37.0	95.7
36.1	97.4
36.5	76.4
36.5	108.4
36.6	78.3
36.2	45.2
36.5	43.9
36.9	54.5
36.7	55.6
36.5	70.5
36.3	63.8
36.5	71.2
36.8	59.7
36.0	57.1
37.2	75.4
37.2	55.5
36.5	51.9
36.9	27.7
37.4	55.2
36.4	56.9
36.4	43.5
37.2	53.0
36.8	51.8
37.1	67.0
37.0	63.7
36.7	55.4
37.2	49.2
36.0	51.6
36.2	42.9
36.8	37.9
36.8	43.3
37.5	26.9
36.9	35.1
37.0	24.8
37.2	36.8
37.2	37.2
37.8	43.1
36.7	33.7
36.4	53.1
36.1	52.2
36.5	46.9
36.9	63.0
35.7	45.4
37.2	47.0
36.6	49.6
36.1	38.9
37.7	36.5
36.3	31.5
36.4	22.8
37.1	34.8
36.7	41.3
37.4	48.8
37.1	48.0
36.0	58.8
36.0	61.9
37.0	63.3
37.1	53.7
36.1	52.3
36.4	42.5
36.2	40.2
36.4	37.4
36.9	36.4
36.0	38.0
36.4	28.3
36.0	44.0
36.3	35.8
35.6	42.5
36.5	46.4
36.0	39.2
36.5	38.4
36.7	33.1
37.1	24.1
36.9	21.0
35.7	27.5
36.0	25.4
36.0	18.2
36.1	27.2
36.0	23.3
36.7	25.6
36.9	21.8
36.2	120.0
36.7	102.1
37.3	137.7
36.9	139.3
36.4	151.7
36.2	92.8
37.5	97.1
37.9	95.9
35.9	93.7
37.0	92.8
36.9	94.3
37.9	89.9
36.2	88.3
36.9	64.4
36.6	79.7
37.3	88.9
37.5	101.7
37.3	149.6
37.9	121.9
38.0	206.3
37.8	165.3
37.1	211.2
37.4	240.9
38.0	195.8
36.4	185.1
36.8	190.8
37.8	161.3
36.3	161.4
37.6	109.7
37.0	253.4
38.1	171.1
37.2	227.8
36.9	172.3
37.1	173.3
37.3	149.9
36.8	159.4
37.5	138.1
36.5	84.5
37.1	36.5
38.1	50.5
36.8	44.3
36.6	47.3
36.8	61.6
37.5	52.0
36.9	73.5
37.3	104.4
36.9	94.4
37.3	108.6
37.6	128.0
37.5	101.9
37.1	96.7
37.3	81.7
37.3	81.8
36.5	65.2
36.6	52.3
36.6	58.8
37.6	49.7
37.6	65.3
37.9	55.3
37.4	79.7
37.7	70.3
37.6	90.0
37.2	88.1
37.0	94.9
37.5	92.7
37.1	88.0
37.6	73.2
36.2	62.8
36.9	110.4
37.5	79.0
36.5	56.3
37.3	115.9
38.0	109.8
37.7	143.8
36.9	144.9
36.8	115.8
37.8	82.1
37.2	119.2
36.9	124.7
36.9	129.8
37.2	139.4
37.8	80.0
36.7	96.8
37.0	93.4
36.6	122.2
36.5	124.6
36.5	91.1
37.0	47.5
37.7	56.2
37.2	43.8
37.1	55.1
37.3	95.7
37.7	105.2
37.1	136.4
37.4	131.5
37.4	141.0
37.0	115.9
37.5	103.5
36.0	72.2
37.8	67.8
36.6	121.2
37.0	182.4
37.4	187.2
37.1	191.7
36.8	127.5
36.9	129.4
37.1	126.4
36.5	127.0
37.2	149.6
37.6	152.1
37.2	127.3
36.9	158.6
36.8	145.1
37.2	133.6
37.3	94.8
37.6	45.0
37.5	48.6
37.5	51.8
37.3	54.8
36.5	71.3
37.3	77.2
36.6	108.1
38.0	105.9
37.3	115.3
37.1	118.2
37.5	127.6
37.9	105.0
37.0	97.9
36.5	104.0
37.8	94.2
37.0	78.2
36.2	61.9
36.5	68.2
36.0	60.3
36.5	39.1
37.4	49.2
37.1	41.7
36.7	52.1
37.8	51.0
36.6	41.5
36.8	50.7
37.5	53.9
36.6	56.8
36.8	60.7
37.8	55.9
36.6	59.8
36.5	50.0
37.3	49.4
37.2	56.3
36.8	38.2
36.9	66.2
38.2	25.3
36.6	41.7
37.0	58.6
36.9	73.8
37.5	78.1
36.6	105.4
37.1	114.0
36.6	107.6
37.4	150.1
36.9	101.4
37.2	114.6
36.3	106.5
36.4	113.5
36.6	109.4
36.7	81.9
36.6	75.3
36.0	60.9
37.0	63.6
37.3	44.9
37.0	33.1
36.7	45.4
36.2	64.4
37.0	66.5
36.7	92.9
36.3	75.2
37.4	92.1
36.8	94.9
37.7	89.6
36.5	102.9
36.5	97.0
35.8	85.4
37.1	79.2
36.9	73.0
36.8	52.5
36.3	39.8
36.7	35.2
35.9	93.9
36.9	121.5
36.7	128.5
36.9	160.0
36.0	151.4
36.6	154.5
36.7	143.3
37.3	142.6
36.6	126.6
35.5	125.9
36.7	101.2
36.5	62.5
35.8	66.1
36.4	85.0
36.0	65.3
36.7	48.5
35.9	24.6
36.7	38.3
36.4	40.0
37.4	24.7
36.4	38.3
36.7	42.7
37.2	25.2
35.9	16.8
36.0	21.9
36.2	24.8
37.4	39.7
37.2	55.7
36.9	58.4
37.1	34.6
37.3	39.9
36.8	41.9
37.5	52.1
37.2	58.0
37.3	61.4
37.6	70.1
37.7	67.5
36.8	78.6
37.0	97.3
37.2	73.2
37.4	83.1
37.2	65.7
36.8	79.0
37.7	101.7
37.4	137.3
37.8	112.4
36.6	111.7
37.8	168.5
37.0	206.7
36.8	166.7
36.4	178.1
37.4	217.3
37.1	217.1
36.9	279.2
36.9	227.7
36.5	191.5
37.6	142.0
36.7	116.4
37.4	115.4
36.2	82.9
37.0	41.5
36.8	43.0
35.8	54.1
36.6	52.6
37.1	198.0
36.6	269.5
36.3	330.7
37.0	327.9
37.1	302.1
36.2	271.7
37.4	262.7
36.8	236.5
36.6	211.1
37.3	205.6
36.9	150.6
36.5	131.9
36.6	121.4
37.7	39.3
36.9	42.0
37.3	60.1
37.3	95.6
36.8	97.5
36.6	156.6
36.9	166.6
36.6	203.8
37.2	176.1
36.8	181.2
37.1	225.1
37.3	202.3
37.0	122.1
36.9	128.4
37.5	156.4
36.8	116.8
37.4	105.8
36.8	108.0
36.9	97.2
36.8	74.9
36.6	74.2
37.2	27.0
36.5	100.5
36.7	79.9
37.5	36.4
37.0	56.9
37.1	69.2
37.2	58.4
36.8	60.2
37.2	69.8
37.0	58.8
36.8	62.7
36.8	21.6
37.1	46.9
36.5	39.0
36.3	68.3
36.4	80.1
36.1	103.5
37.2	82.7
37.0	95.3
36.8	94.8
37.5	112.6
35.6	101.5
36.7	97.5
37.6	100.7
36.7	75.4
37.6	66.3
36.6	54.8
36.7	41.2
36.9	30.4
36.4	27.7
37.4	32.8
36.4	37.1
36.4	66.8
36.3	64.6
36.1	81.0
36.9	73.0
36.0	79.3
37.4	87.2
36.6	98.5
37.4	107.9
36.2	63.0
36.8	76.8
36.4	99.0
36.5	51.0
36.6	43.2
37.1	50.7
37.0	37.3
37.5	37.0
36.8	33.7
36.9	35.4
36.0	20.5
36.7	24.4
36.3	19.7
37.2	30.0
37.0	27.1
37.1	50.0
37.3	61.9
36.9	67.1
37.2	70.0
36.4	62.8
37.5	55.6
36.2	52.2
37.7	63.9
37.3	56.0
35.4	61.0
36.6	62.1
36.8	51.2
37.3	48.0
36.7	35.8
36.8	24.7
36.3	16.2
35.9	33.8
37.2	46.1
36.7	62.4
36.2	52.5
37.3	48.3
36.5	63.4
35.9	51.4
37.0	68.9
36.8	64.4
36.6	66.4
36.1	62.0
37.1	68.4
36.6	68.0
37.0	58.3
36.7	48.3
36.4	50.5
36.0	53.6
37.1	47.2
37.1	31.6
36.8	29.6
38.2	22.0
36.0	23.5
36.8	73.1
37.3	22.4
36.8	41.7
36.6	54.5
36.5	46.7
36.4	60.2
36.9	48.0
36.8	73.7
37.2	56.1
36.3	59.9
36.6	64.6
37.0	48.0
36.9	62.3
37.2	48.2
36.9	39.9
36.4	33.6
36.4	34.7
36.4	32.8
36.6	22.3
35.9	18.6
36.4	24.4
37.2	33.2
36.9	36.4
36.9	62.9
36.8	51.6
35.9	63.6
36.9	57.0
36.6	64.9
36.6	78.0
36.6	56.8
36.6	67.2
36.1	49.2
36.1	49.8
36.9	66.8
36.7	38.8
36.5	6.5
37.4	52.3
36.0	59.7
36.3	84.5
36.6	72.5
36.6	67.6
36.2	83.4
35.6	78.3
36.8	70.5
36.8	83.7
36.8	65.3
37.8	62.2
36.4	61.3
36.9	63.5
36.6	110.6
36.3	51.6
35.7	48.7
36.3	43.7
36.8	44.3
36.5	42.3
37.5	29.4
38.0	23.9
37.2	24.0
36.6	27.8
36.1	29.8
37.5	63.4
37.7	40.6
36.9	49.1
36.3	40.9
36.6	45.2
37.6	82.8
36.6	47.9
37.0	49.9
37.4	60.4
36.6	53.2
36.0	49.5
36.1	50.3
35.6	45.3
36.6	42.5
36.8	34.6
35.9	27.3
36.5	26.6
36.9	23.7
36.6	28.7
36.9	37.4
37.3	42.8
36.3	51.7
36.5	59.6
35.6	60.1
37.1	69.7
36.6	67.1
36.6	69.1
35.6	61.8
36.9	80.9
36.1	70.2
36.2	59.3
37.4	72.0
36.3	70.9
36.2	51.2
36.7	67.1
35.9	53.6
36.8	58.0
36.1	42.0
34.9	48.9
36.2	33.5
36.4	41.9
36.4	40.8
36.7	51.5
36.1	52.4
35.8	60.8
36.6	57.0
36.1	66.8
36.1	62.8
36.3	74.6
37.1	65.6
36.0	76.5
36.5	62.8
36.6	64.1
36.2	56.7
35.7	57.3
35.9	56.4
36.5	50.8
35.5	48.6
36.5	52.6
35.6	46.9
36.0	17.9
36.5	46.1
36.9	41.5
36.0	25.3
35.0	35.6
36.8	49.5
35.8	60.4
35.5	58.2
35.8	85.5
35.8	73.2
36.7	70.5
35.7	28.5
36.0	34.6
35.5	45.6
36.6	24.4
36.4	35.7
35.6	39.9
36.0	187.3
37.1	215.0
37.5	160.2
37.6	200.8
36.4	149.4
37.2	188.9
36.7	233.3
36.1	191.8
37.2	169.1
36.5	139.6
36.6	111.1
36.9	107.0
36.8	87.6
37.8	155.3
36.3	119.9
37.6	183.4
37.5	136.7
37.8	221.3
37.2	208.4
36.9	302.7
36.6	335.7
37.7	284.8
37.1	355.8
36.2	365.8
37.1	367.1
36.6	397.6
37.3	417.5
37.7	381.5
37.6	346.7
37.8	284.0
36.6	279.1
36.0	264.1
37.1	198.4
37.5	143.1
37.4	61.3
36.9	80.1
37.7	128.6
37.3	162.7
36.9	214.9
38.4	290.7
36.5	300.1
36.7	422.9
35.7	454.7
36.3	401.2
37.0	370.7
36.6	363.0
36.2	387.1
36.0	328.5
36.7	341.4
37.3	239.7
37.3	213.1
36.9	241.7
37.5	227.5
36.2	135.7
37.3	94.5
37.7	43.9
37.0	74.8
36.0	94.8
37.0	114.2
37.1	154.5
37.2	131.9
37.5	163.2
36.8	155.1
36.3	160.6
36.5	136.3
36.3	151.2
37.2	154.2
36.6	170.9
37.3	134.2
36.9	136.8
37.0	105.7
37.1	83.1
36.8	83.2
37.1	72.6
36.3	49.7
36.2	70.1
36.5	37.8
36.1	77.8
36.2	92.6
36.2	77.0
37.1	97.4
36.1	95.2
37.0	127.0
36.5	87.4
37.8	122.9
36.8	123.3
36.8	133.8
36.1	112.9
36.3	121.6
36.4	103.8
36.8	100.3
36.7	91.2
36.0	96.0
37.4	67.3
36.2	87.0
37.3	68.8
36.3	54.7
36.6	88.7
36.1	118.9
35.9	215.5
36.3	197.2
36.0	268.8
36.5	189.2
36.1	216.2
36.9	272.6
37.1	206.5
37.2	191.2
36.4	190.9
36.9	172.5
36.4	153.6
36.5	124.8
36.7	118.3
36.3	120.3
35.9	158.1
36.2	124.2
36.9	80.6
36.6	87.8
36.3	60.9
36.3	134.5
36.7	202.4
36.6	279.6
36.5	201.2
36.2	223.9
36.5	235.1
36.0	355.9
37.0	297.0
36.7	245.2
36.1	285.6
36.0	143.3
36.1	155.6
36.7	220.7
36.5	228.7
36.8	127.0
36.7	211.6
36.0	151.9
36.1	60.5
37.5	94.9
36.7	105.4
36.6	99.0
36.6	146.6
36.6	157.4
37.3	211.1
36.8	234.6
37.1	260.3
36.4	217.6
36.9	285.5
35.9	278.3
36.4	234.2
36.8	230.9
36.9	196.7
35.9	209.3
36.9	101.9
36.2	139.6
35.9	136.5
37.0	133.3
36.2	79.5
36.3	69.3
35.3	48.5
36.3	43.9
36.1	44.1
36.4	59.1
37.0	49.2
36.9	70.6
36.8	72.9
36.8	39.9
36.4	42.6
35.8	87.2
36.3	104.9
36.3	82.8
37.0	61.9
35.7	51.5
35.9	95.9
36.6	51.3
35.1	85.7
36.7	114.9
35.3	146.2
36.4	119.8
36.5	83.6
36.2	91.8
36.1	89.0
36.5	79.3
35.8	55.6
35.8	52.7
36.7	54.5
36.1	60.9
36.7	66.9
35.8	105.4
36.2	155.3
36.6	208.2
36.5	171.5
36.6	143.9
37.2	154.4
36.1	200.8
36.4	183.6
36.1	202.8
36.7	166.0
36.9	177.1
36.5	93.4
36.2	78.9
37.3	30.3
36.6	103.8
37.7	244.3
36.9	308.1
37.8	300.1
36.5	313.9
36.4	249.8
36.6	322.3
37.0	293.2
36.9	224.9
36.5	143.9
37.2	152.9
38.3	48.2
37.4	59.3
36.0	79.9
36.7	130.8
37.3	124.1
36.8	97.9
37.7	104.3
37.4	130.7
36.7	160.3
37.4	218.5
37.2	292.7
37.8	337.9
37.1	349.5
36.6	211.6
37.1	232.5
38.0	208.6
36.8	224.2
37.0	153.3
37.4	199.1
37.7	159.2
37.4	152.8
36.9	151.6
37.1	48.1
37.9	72.0
36.4	95.7
37.7	100.7
37.3	167.3
38.3	190.5
37.5	175.1
37.1	293.4
37.1	257.5
36.9	334.8
36.2	380.9
37.1	422.0
37.0	362.8
37.2	342.7
36.8	350.7
37.3	332.0
37.4	321.9
36.8	294.8
37.2	222.3
37.5	214.3
36.1	191.7
37.5	144.7
37.0	118.9
35.9	47.2
37.8	49.7
37.1	73.7
36.9	107.8
36.6	226.9
36.5	232.1
37.4	220.9
37.9	242.8
37.0	256.5
36.4	276.7
37.1	230.4
36.9	339.6
37.8	298.9
36.1	269.6
36.7	205.1
37.1	179.2
37.5	154.7
37.1	226.1
36.6	158.2
36.6	137.6
37.3	106.1
36.7	97.5
36.7	59.9
37.0	79.5
36.8	101.6
37.9	112.4
36.8	137.5
37.0	118.0
37.7	164.3
37.1	145.8
36.9	162.6
37.0	148.1
37.0	134.1
36.7	175.4
37.2	152.7
37.0	172.6
37.7	108.3
37.0	105.8
37.1	34.3
36.7	21.4
36.4	56.8
36.5	74.5
37.5	67.5
36.3	70.2
37.4	107.9
36.6	83.1
36.5	78.6
36.6	92.2
36.9	60.5
36.5	96.9
36.5	55.0
36.2	68.0
37.1	77.4
36.6	50.1
35.9	57.7
36.7	69.9
37.5	60.4
36.7	49.4
37.1	117.9
35.9	188.8
36.3	141.8
36.5	136.3
36.8	148.5
37.0	136.7
36.6	90.3
37.0	86.0
36.5	37.0
36.8	29.5
37.7	26.0
37.5	27.2
37.4	46.1
38.2	42.4
36.5	44.0
36.6	73.8
37.3	115.4
36.5	157.9
36.7	144.9
36.9	146.1
37.7	252.4
36.4	197.2
35.9	161.5
37.0	109.2
37.3	180.8
36.5	134.7
37.3	105.1
37.7	130.2
37.4	104.9
37.4	79.3
37.8	68.6
36.8	98.8
37.3	15.0
37.6	38.8
37.2	83.8
37.2	136.0
36.5	176.5
37.4	211.7
37.3	211.4
37.1	239.2
36.8	300.9
36.7	341.6
37.0	392.4
36.7	418.9
37.0	333.3
36.5	253.7
37.6	303.7
37.1	275.4
37.6	335.1
36.9	275.2
37.3	255.5
37.1	217.4
36.8	207.9
37.0	181.4
37.9	153.0
37.3	41.1
37.1	74.0
36.1	116.2
37.4	133.3
37.9	161.3
37.0	262.7
36.8	221.7
36.6	298.6
36.3	339.7
37.1	263.5
37.3	419.0
37.3	404.1
38.1	324.6
36.8	354.3
37.5	320.7
36.8	242.9
36.8	268.0
37.4	209.4
37.2	265.8
36.5	192.6
37.0	139.7
37.2	162.9
38.1	152.3
36.4	43.2
38.0	78.4
36.9	90.7
37.3	164.1
36.3	192.7
36.5	230.9
37.4	203.1
37.0	244.9
37.5	274.5
36.0	295.7
37.1	273.9
37.3	323.1
36.6	307.1
36.8	320.7
35.5	348.0
36.9	255.8
35.8	266.8
36.2	168.8
36.8	137.2
37.7	138.5
36.9	90.4
36.7	77.1
36.6	68.2
37.6	89.8
36.3	99.9
36.5	109.7
36.5	133.5
36.9	120.1
37.6	189.9
36.3	206.5
35.4	223.1
36.8	171.4
36.6	138.2
35.0	155.4
36.7	184.8
36.8	166.7
35.6	172.7
36.8	176.5
37.0	153.6
36.0	154.7
36.5	132.7
35.6	113.4
35.6	88.7
35.7	90.8
35.5	29.4
36.2	35.7
36.0	91.9
35.4	98.6
35.7	116.3
37.0	150.5
35.2	117.8
35.6	181.4
35.9	136.6
36.7	149.4
35.2	166.9
36.0	192.4
35.6	80.1
35.2	288.1
36.2	175.8
36.3	139.5
35.8	147.6
35.5	153.0
35.8	147.0
36.5	139.4
34.4	83.4
35.2	60.7
35.5	80.8
35.2	42.6
34.9	61.3
35.6	87.3
36.0	96.2
36.1	91.3
35.4	95.6
35.2	117.0
34.9	175.7
35.0	126.0
35.8	132.3
35.1	124.3
34.9	142.4
36.0	144.3
35.0	112.1
35.1	144.8
35.4	131.0
34.2	96.3
34.8	85.3
35.4	86.6
35.7	103.0
35.5	83.1
35.2	66.1
34.6	51.8
36.1	41.8
34.7	51.5
34.8	69.9
35.5	68.1
34.9	65.6
34.9	65.5
34.8	81.9
35.0	66.2
34.8	95.1
35.2	88.4
35.5	108.5
34.9	91.6
34.6	76.0
34.4	65.6
35.1	85.5
34.8	68.7
34.8	66.5
34.9	58.3
34.9	58.5
33.8	65.7
35.0	43.3
34.6	49.2
35.3	114.7
35.2	102.0
35.3	63.0
34.3	99.3
35.2	69.2
35.7	79.0
34.8	75.8
34.4	62.8
34.5	150.7
34.4	105.9
37.0	70.1
37.8	96.8
36.9	162.4
37.9	186.4
37.6	235.7
37.6	292.1
37.5	337.7
37.5	376.7
37.4	290.9
36.1	458.0
36.5	435.1
36.9	493.6
36.4	442.7
36.4	577.4
37.5	413.1
36.6	295.4
37.9	338.6
38.3	330.7
37.3	398.5
36.9	368.3
36.8	299.0
37.1	249.3
37.2	110.6
36.7	38.6
37.0	102.8
37.4	122.7
37.0	192.5
36.4	236.6
36.9	255.9
37.7	290.2
36.8	276.5
37.2	362.0
37.0	320.5
36.1	364.4
37.0	270.8
36.9	310.6
37.0	290.5
36.9	297.7
36.6	254.7
37.1	236.8
36.4	178.9
35.8	189.8
37.7	165.6
37.5	166.3
38.2	132.4
36.4	109.7
36.8	29.0
37.0	50.1
36.8	40.7
37.0	51.2
36.7	65.9
36.2	96.0
36.7	84.4
36.6	97.9
36.4	123.6
36.8	121.0
36.9	115.7
36.8	138.8
36.4	99.2
37.2	108.9
36.3	127.2
37.2	126.2
36.5	153.1
36.3	106.1
36.8	76.8
36.0	72.3
37.3	65.6
36.6	86.7
36.4	79.8
37.0	83.7
36.6	116.1
36.8	127.7
36.8	129.5
35.7	134.9
36.6	152.0
35.5	165.7
36.6	152.5
35.8	163.8
35.5	161.4
36.1	168.9
35.8	118.9
36.6	145.4
36.8	125.6
36.2	110.1
35.2	137.5
36.5	125.7
35.3	97.7
35.7	87.3
35.8	62.7
34.9	60.6
36.0	54.1
35.3	64.0
35.6	71.3
36.0	74.1
35.8	91.8
36.0	121.2
35.4	99.0
35.9	105.4
35.0	104.5
35.3	105.9
36.0	104.4
36.0	106.7
35.7	122.9
35.7	132.2
35.4	143.8
35.5	136.4
35.3	116.5
36.3	107.5
35.4	99.3
35.5	86.3
35.0	85.8
35.5	71.0
35.4	48.1
35.7	38.1
35.2	41.1
35.1	59.1
35.3	59.6
34.9	59.9
35.7	79.1
35.3	116.6
35.7	115.7
34.8	98.7
35.3	116.3
35.7	85.6
35.0	96.9
35.4	116.3
34.4	93.9
35.8	73.0
35.2	67.3
35.6	85.0
34.9	74.3
35.2	88.1
34.7	52.7
35.0	43.5
34.8	22.4
36.4	47.0
34.7	47.6
35.5	48.7
34.9	58.6
34.8	75.4
35.4	93.2
34.6	82.9
35.4	102.6
34.7	42.7
35.0	279.1
35.2	331.5
35.5	343.8
35.8	279.1
35.1	242.1
35.8	153.3
36.2	126.6
35.2	161.4
35.5	176.6
36.1	140.9
36.0	61.3
36.2	89.5
36.0	102.4
35.6	143.2
36.4	182.9
35.3	221.7
35.1	235.7
35.9	291.2
36.1	317.9
35.8	368.2
35.8	321.4
36.0	368.8
36.1	275.5
36.0	274.7
35.7	223.2
35.6	258.6
36.1	225.9
35.7	181.4
35.5	183.1
35.6	127.5
35.9	141.4
35.2	96.7
35.3	83.0
35.3	144.8
35.7	392.2
35.5	251.5
35.0	215.1
35.6	129.1
34.9	83.5
35.2	52.4
35.1	81.5
35.1	85.8
35.4	79.0
35.7	117.3
35.7	165.1
35.6	93.2
35.3	70.4
35.3	100.9
37.5	122.5
37.0	145.9
37.4	236.2
36.4	339.9
36.5	256.6
36.3	241.3
36.7	199.9
36.7	331.0
36.6	307.5
37.2	259.4
36.9	325.6
36.3	304.0
37.2	230.9
38.6	130.0
36.6	145.2
38.7	92.6
37.9	90.7
37.9	85.2
38.1	87.3
37.9	74.2
37.3	68.1
36.3	43.6
37.4	79.7
37.2	105.5
38.0	144.2
37.6	108.3
37.6	115.0
37.5	105.0
36.4	58.4
37.3	65.9
37.7	75.7
37.1	86.0
37.8	91.1
37.2	94.7
38.2	44.5
38.9	24.8
36.3	47.7
37.4	39.8
36.5	67.9
36.9	75.1
37.5	69.1
37.7	61.1
37.2	57.4
37.1	101.2
36.9	171.9
36.9	247.1
37.3	166.0
37.0	161.2
37.3	201.7
37.7	101.5
37.1	115.6
38.3	119.4
36.8	57.0
37.3	105.5
36.6	126.9
37.1	185.2
38.0	207.4
36.5	325.4
37.2	271.2
36.3	309.2
37.3	415.7
36.1	417.4
36.7	416.7
38.4	351.1
37.4	424.4
37.0	373.4
36.6	325.0
36.4	317.2
37.6	289.4
36.8	315.5
37.5	260.5
37.2	219.0
37.3	222.6
37.0	168.7
36.9	140.3
37.4	52.4
38.0	156.4
37.3	158.8
36.2	161.5
37.6	165.3
36.2	186.7
37.5	180.3
37.0	223.6
37.3	195.6
37.4	252.7
36.4	173.0
37.4	169.1
36.8	148.4
36.9	160.2
37.7	88.0
38.1	129.4
36.0	90.9
36.4	115.2
36.5	78.6
36.8	60.1
37.0	77.4
37.2	79.7
36.8	48.1
36.3	123.2
36.5	121.0
37.0	127.6
36.6	113.4
36.9	123.5
36.2	185.7
36.1	215.6
36.6	178.6
36.2	180.3
36.6	181.5
36.8	154.8
37.0	161.7
36.9	137.1
36.5	82.3
36.5	55.2
35.9	88.6
37.1	142.1
35.9	157.0
37.0	191.8
36.3	220.1
36.6	287.1
36.0	261.5
36.8	270.5
36.2	245.4
36.8	259.6
35.6	261.3
36.9	216.9
36.0	191.7
35.7	278.4
36.8	238.9
36.5	176.7
35.6	172.4
35.8	171.3
35.7	120.7
36.3	142.1
36.1	169.7
35.8	127.3
37.2	86.0
36.9	54.6
36.5	67.4
36.0	94.2
36.0	126.4
35.5	129.0
36.4	149.4
35.9	145.6
35.9	147.2
35.9	147.5
35.5	217.4
36.0	222.8
35.6	227.2
35.0	154.1
35.3	159.9
36.5	268.7
35.4	153.5
36.6	180.2
34.8	200.0
35.3	29.4
35.4	98.2
36.0	87.6
35.6	127.5
35.4	63.4
36.3	89.6
36.0	102.1
35.3	125.3
35.6	119.6
35.5	137.4
36.1	134.5
35.8	227.5
34.9	260.6
35.3	181.1
35.6	192.4
35.0	231.7
35.6	223.8
35.3	243.7
35.6	195.0
35.8	169.9
35.4	183.1
35.1	166.9
35.2	180.7
35.0	183.5
34.5	131.9
35.1	118.7
34.9	93.0
36.3	51.9
37.4	60.9
36.7	92.8
37.2	117.2
37.1	133.1
37.2	215.7
37.1	215.7
37.2	211.4
36.0	190.0
37.2	305.2
36.7	292.5
37.6	313.1
36.8	380.0
37.4	280.4
36.9	136.3
37.0	151.5
38.0	143.2
37.3	147.2
36.8	131.3
37.6	49.5
37.2	75.4
37.6	83.9
36.2	97.6
37.6	103.8
36.9	168.9
36.4	108.7
37.3	142.5
36.1	118.1
36.2	197.5
36.3	238.9
37.2	215.5
36.9	192.0
37.5	181.1
36.9	197.1
37.0	183.3
36.7	155.1
37.9	202.8
36.8	218.5
37.0	161.0
36.9	141.8
36.3	97.8
37.6	95.0
38.3	75.7
37.6	96.4
38.4	112.0
37.7	133.9
37.1	102.6
36.7	87.1
37.3	119.6
37.2	73.9
37.4	118.9
36.8	119.0
37.4	96.1
37.5	116.3
37.4	171.0
36.7	264.6
38.0	276.6
37.1	297.0
38.5	341.3
36.8	378.8
37.0	352.8
37.3	346.1
37.2	371.4
36.7	437.4
37.4	397.4
37.8	247.7
37.5	300.5
37.3	223.0
37.7	183.6
35.9	211.5
37.0	107.0
37.4	57.0
37.5	86.2
38.0	143.0
37.3	160.2
37.7	230.4
36.7	248.5
37.4	280.2
36.7	284.8
36.7	339.5
36.8	349.6
37.8	447.0
37.3	366.5
37.2	355.6
37.9	405.5
37.2	393.0
36.7	230.7
35.9	236.7
37.1	185.5
36.6	170.8
37.5	293.9
38.4	186.9
37.0	185.9
37.6	168.6
37.2	68.1
37.7	58.0
36.9	82.6
37.7	115.5
37.7	200.3
37.9	164.0
36.7	181.0
36.9	214.1
37.6	223.3
37.3	243.0
36.6	267.1
36.7	240.4
36.9	222.0
36.8	247.7
37.5	227.3
36.6	209.8
36.9	233.8
36.8	237.0
37.3	157.1
37.1	181.0
37.5	153.4
37.3	120.5
36.7	115.1
36.5	62.2
36.9	80.6
37.2	122.9
37.4	118.5
37.1	181.6
37.4	181.9
36.3	197.2
37.7	262.7
37.5	275.8
37.0	216.7
37.4	204.4
36.6	164.1
37.0	156.4
37.1	116.9
37.5	83.2
37.0	106.6
37.6	171.1
37.0	163.5
37.5	122.7
37.0	130.3
37.7	148.1
36.8	213.2
37.7	317.1
38.1	317.4
38.0	268.9
36.9	263.2
37.4	295.4
36.7	325.5
37.5	259.3
37.1	245.2
37.9	210.0
37.0	237.2
37.8	51.0
37.3	35.9
37.4	62.6
37.2	139.2
37.7	182.1
37.2	205.0
37.5	241.6
37.0	239.2
37.0	251.5
36.6	218.0
36.8	345.6
37.5	326.1
36.4	380.4
36.6	355.2
36.8	389.3
37.3	239.0
36.8	319.7
36.3	193.3
37.3	254.8
37.8	195.8
37.7	138.9
36.8	159.8
37.1	111.4
36.3	93.2
37.2	75.8
37.3	104.3
36.8	146.2
37.3	152.7
37.0	176.3
37.2	221.7
37.7	264.5
37.4	262.1
37.2	231.8
37.0	261.8
37.1	303.1
37.0	277.6
36.9	287.2
37.4	277.0
37.9	220.0
37.4	356.5
37.0	255.7
37.4	224.0
37.6	238.5
37.3	204.7
36.9	188.0
37.1	151.5
37.1	99.3
37.4	83.8
36.7	60.7
35.8	87.6
36.8	100.1
36.9	127.2
35.5	185.3
36.6	222.9
35.8	176.8
35.9	191.4
35.4	252.2
37.8	267.1
36.4	259.0
36.3	337.0
36.9	307.2
36.8	316.5
36.6	311.2
36.6	294.5
36.3	229.2
37.3	244.2
36.4	242.8
36.8	223.3
36.8	149.7
35.9	164.9
36.2	152.5
36.8	107.7
36.8	80.0
36.3	109.9
35.7	81.2
36.5	106.8
35.9	173.3
36.3	193.6
37.5	154.0
35.4	213.3
35.8	229.9
36.3	237.5
36.2	240.5
36.0	309.2
35.5	293.4
36.5	212.4
36.5	206.8
36.0	212.4
36.8	143.6
36.2	160.7
37.4	111.5
36.2	68.7
35.8	142.2
36.4	166.4
36.1	166.7
35.9	176.3
36.1	254.9
35.6	321.8
35.9	329.8
36.9	371.5
36.8	355.7
36.1	334.3
35.5	313.9
35.8	251.6
36.5	353.4
36.8	316.2
35.5	356.2
36.1	287.2
36.1	306.3
35.9	206.0
36.1	224.2
35.3	205.5
36.4	209.4
36.6	132.7
36.2	62.9
35.5	116.3
36.1	130.5
35.5	179.9
35.9	230.0
35.8	227.2
35.6	251.8
35.4	283.4
35.6	287.5
36.0	270.8
36.0	279.0
36.5	243.8
35.4	161.4
35.7	153.8
35.2	125.6
35.7	144.8
34.7	142.4
35.1	165.6
34.9	155.3
35.2	70.3
35.7	99.7
34.8	67.8
34.6	80.0
34.9	102.4
36.2	129.9
34.8	142.3
35.0	195.5
35.3	215.3
35.7	280.6
35.6	220.5
36.7	270.1
35.5	232.2
35.7	285.7
35.6	313.9
35.4	338.5
34.6	219.7
35.1	202.6
34.7	136.3
35.1	172.7
35.4	215.7
34.7	122.5
35.6	94.4
35.5	96.2
35.2	121.1
34.6	53.1
34.6	121.0
34.9	131.7
35.1	195.4
34.7	189.6
35.5	227.5
35.1	255.9
35.7	328.3
35.3	322.7
35.1	333.2
35.7	298.9
34.1	303.7
35.5	105.8
35.2	132.4
35.4	122.2
34.8	140.6
35.0	99.2
34.8	74.3
34.8	136.6
35.2	182.2
34.9	195.3
35.0	220.1
35.6	228.8
35.5	211.6
35.5	257.1
34.9	256.2
34.8	324.3
35.6	307.6
34.6	260.2
35.1	343.0
34.5	369.8
34.8	365.1
34.8	330.3
34.7	268.1
34.6	264.0
35.6	244.9
34.8	222.6
34.6	243.8
35.0	196.4
35.0	169.9
34.2	121.5
31.8	42.6
31.8	82.8
34.7	160.1
35.4	143.5
34.7	183.6
35.1	178.5
35.5	214.8
34.7	249.0
35.6	276.9
35.0	248.8
34.9	229.3
34.7	280.8
35.3	296.3
35.3	303.1
35.1	272.7
34.8	293.3
34.6	313.8
34.9	217.2
34.3	235.9
34.3	208.6
35.3	176.3
34.4	167.5
35.3	132.3
31.7	65.0
31.5	90.9
31.5	169.5
31.3	151.1
31.3	157.1
31.3	212.9
31.3	195.7
31.2	223.5
31.2	212.4
31.2	223.6
31.1	323.8
31.1	254.3
31.1	248.7
31.1	254.4
33.9	274.2
35.6	278.9
34.5	289.8
34.9	235.2
35.5	221.4
35.3	212.4
35.9	168.0
35.1	114.1
34.2	118.8
31.8	38.7
31.5	94.5
31.6	116.1
31.5	137.0
31.5	166.3
31.4	220.3
31.4	273.1
31.4	355.2
31.4	325.8
31.4	337.5
31.2	292.2
31.3	430.0
31.3	295.1
31.2	272.1
31.2	283.2
31.2	280.7
31.1	281.1
31.2	238.5
31.1	241.1
31.2	152.3
31.2	113.2
31.1	147.7
31.2	114.2
31.2	70.7
33.8	70.2
35.1	100.7
35.1	106.4
34.3	133.6
35.8	154.3
34.6	218.9
34.8	212.0
34.7	234.4
34.5	189.9
34.9	285.3
34.5	308.1
34.3	388.2
34.2	302.5
33.8	272.6
34.9	326.4
34.9	320.5
34.6	297.0
33.9	287.9
34.5	253.7
34.2	231.4
34.8	186.0
34.4	178.9
34.9	144.1
32.8	79.3
33.5	43.2
33.1	104.0
33.0	75.8
33.0	74.8
34.3	45.1
34.2	48.2
34.1	63.9
34.1	59.8
34.1	90.1
34.1	85.2
34.1	88.2
34.0	91.0
34.1	90.3
34.1	72.3
34.0	53.2
34.0	35.2
34.4	25.3
33.9	45.8
33.9	51.2
33.9	53.1
33.8	59.8
33.8	48.6
33.8	35.7
33.8	35.9
33.7	24.4
34.7	30.4
34.1	33.0
34.1	43.7
34.1	49.1
34.0	40.0
34.1	42.5
34.1	46.6
34.0	53.7
34.1	49.7
34.0	55.5
34.0	41.1
33.9	48.4
34.0	35.9
34.1	33.2
34.1	36.2
34.0	31.6
34.1	42.1
34.2	37.7
34.1	35.7
34.1	43.4
34.2	34.9
34.1	35.2
34.0	23.9
34.0	18.4
34.0	10.0
34.0	6.2
33.8	11.8
33.8	22.5
33.8	28.3
33.9	8.0
34.1	5.6
34.1	18.1
33.8	20.3
34.2	13.6
34.1	17.6
34.1	18.4
34.0	27.9
33.9	40.8
33.9	61.5
34.0	72.6
33.9	65.0
33.9	73.3
33.9	76.2
33.9	57.3
33.9	56.4
33.9	28.8
33.8	24.1
33.9	24.6
34.0	33.0
33.9	54.8
33.9	78.4
33.8	44.9
34.0	81.8
33.9	101.5
33.8	78.9
33.8	44.6
33.8	64.5
33.9	21.0
33.9	38.4
33.9	49.5
33.8	59.4
33.9	69.4
34.0	-0.6
33.8	4.5
33.8	11.0
33.8	19.9
37.9	41.8
37.6	51.1
36.0	66.6
33.9	54.6
34.7	64.8
36.3	24.2
37.0	29.2
35.2	26.2
35.1	25.2
35.3	24.7
37.6	23.5
37.4	43.7
37.0	46.7
37.1	34.4
35.9	33.9
35.6	34.3
34.4	46.1
35.5	47.9
35.4	63.7
35.3	70.0
35.3	78.7
34.8	68.4
33.8	17.0
33.4	31.0
33.4	40.2
33.4	48.6
33.3	49.1
33.3	56.7
33.3	50.1
33.3	58.7
33.4	58.3
33.4	73.0
33.4	56.0
33.4	53.5
33.5	26.6
33.0	26.9
32.8	38.6
32.8	40.7
32.8	31.0
32.8	43.4
33.0	16.9
32.9	16.7
32.7	24.0
32.7	24.2
32.6	42.2
32.6	37.0
32.6	50.4
32.6	39.8
32.6	42.0
32.6	42.0
32.5	36.2
33.0	9.4
33.0	41.6
32.6	29.2
32.5	32.2
32.5	49.9
32.4	51.5
32.4	48.4
32.4	64.8
32.4	52.6
32.4	46.5
32.4	42.4
32.4	39.0
32.8	9.3
32.7	23.6
32.6	38.5
32.5	37.2
32.4	38.5
32.4	46.6
32.4	55.5
32.4	40.5
32.5	36.1
32.7	9.8
32.8	19.9
32.7	47.2
32.7	54.6
32.9	79.7
32.8	43.8
32.7	45.2
32.7	64.2
32.7	53.3
32.9	12.7
32.7	21.6
32.6	43.4
32.6	27.7
32.7	26.8
32.6	41.3
32.6	49.1
32.6	26.5
32.7	22.4
32.7	17.2
33.5	13.5
33.5	19.6
33.5	21.0
33.4	19.2
34.0	44.0
34.0	58.0
34.1	73.5
34.0	100.4
34.1	103.8
34.0	92.1
34.0	95.1
34.0	74.1
34.1	19.9
34.1	34.2
34.1	41.2
34.1	43.3
34.0	46.4
34.1	58.7
34.1	64.5
34.1	55.7
34.1	58.1
34.2	37.8
34.0	52.1
34.0	51.0
34.0	53.7
34.1	52.5
34.1	60.1
34.1	71.7
34.1	79.9
34.1	79.4
34.1	83.3
34.0	64.3
34.2	8.2
34.2	13.8
33.9	24.7
34.0	41.1
34.0	40.5
34.0	61.4
34.0	52.5
34.0	68.7
34.0	71.3
34.0	86.4
34.0	66.3
34.0	56.0
34.0	15.0
34.0	24.4
33.9	46.5
34.0	57.5
34.1	67.6
34.0	70.4
34.0	71.6
34.0	78.7
34.0	59.1
34.0	58.8
33.7	21.1
33.7	28.2
33.7	33.8
33.7	29.9
33.8	31.8
34.0	24.6
33.9	39.9
33.8	20.9
33.8	30.4
33.8	17.1
33.8	19.3
33.7	28.9
33.8	38.3
33.8	45.6
33.7	46.8
33.7	106.0
33.6	93.2
33.5	99.3
33.5	69.1
33.9	23.5
33.8	35.2
33.9	41.2
33.9	53.3
33.9	55.0
33.9	73.0
33.9	69.3
33.8	69.9
33.8	52.8
33.8	53.5
33.8	45.4
33.8	5.5
33.6	5.5
33.6	8.1
33.6	8.8
33.7	14.2
33.8	26.4
33.8	30.9
33.8	24.5
34.0	38.7
33.9	35.3
33.9	23.4
34.1	25.5
34.1	37.2
34.0	47.4
34.0	42.1
33.8	33.8
33.3	50.2
